transaction_id,land_id,old_owner,new_owner,land_price,document_hash,timestamp,is_fraud,fraud_type
8da01855-fdf0-4a7f-bb79-fa4e196e67ef,2112,User_477,User_263,3299317,3a4fac0315a20fd216cb7d485a9b1d21f34f8c6071589cc1c6fcd7c8ddef501a,2026-11-05T11:40:26.828412,0,normal
1c3c3b68-b528-4dbd-b38a-78c5a38ecf14,2448,User_36,User_139,3942926,d067c0fef653b7288a4532a99ff238063f2101a8722d6a72e26f3c4caee8ff48,2026-12-05T20:49:42.828412,0,normal
880e535b-2208-490d-b229-586654969ab9,1844,User_104,User_469,2765903,e9453c54eacf126ddaf57c571c000c8daf04ce251980dbcb16a2aaa8d2a451ac,2026-10-02T05:04:09.828412,1,rapid_transfer
abe2476b-de11-428e-86fd-8d5f2bcd04a7,1308,User_136,User_354,3714031,01c9762b2bb5efb96724d756b0d53361df93567521bdd5618e2913c3eb6aade8,2026-12-31T08:07:10.828412,0,normal
1a788cd5-9a59-41f4-89e1-ee4be9c6d706,1720,User_10,User_64,1101221,d4a053d0b50fc0bce8608b781b2c144b1d4ef4e69740967179270a000e09d0c2,2027-04-09T18:12:44.828412,0,normal
3f37ce81-3f56-4c0f-bc20-cdfc1a4b5307,1149,User_403,User_414,632756,92bd8cbbaa18f58e6cc314bb73894a218cc4f0a315c2bb2b404d4da5c9d16db0,2027-01-16T19:26:39.828412,0,normal
fe5b488f-a08d-4165-a7ff-ffbb881aed87,1478,User_13,User_406,2635727,2f2faeff1dfe0b398116507e2916217392962b2203a834629d5edb5fab363351,2026-09-11T09:54:59.828412,0,normal
10d02989-c4e6-4ef9-b603-e2c7810b1d75,2177,User_299,User_243,2855284,6117b461b0586728082ed58efebab810b75fd514a84b98277552b84be4e3df47,2027-02-02T16:13:42.828412,0,normal
f3dbcccd-29e5-42c9-9e53-bbde798b5fff,2004,User_281,User_42,405334,f0376777eea36adef3a209b96f0aff2f13d616e1008b935129bc41466d5ac3b9,2027-07-10T04:20:55.828412,0,normal
51b837de-57ec-4a7f-96c4-d599dafe12df,2702,User_213,User_353,2364203,a2db67199a738bbfddc72afc416488ccf7fde58e85ed6e4dec7163b6da7cdd26,2026-11-04T02:03:04.828412,0,normal
f0ca03e7-8cd3-4539-b005-be7a948be730,2269,User_434,User_358,3178057,d5790c13ca85f606b81290fa81bc905868665bdcc939ae0ab30c7e49c258e841,2027-01-23T19:11:04.828412,0,normal
b0e68017-c264-43f2-8322-d54c482038e6,2945,User_495,User_146,1215100,1b33eeb5d957c3e20c1d0d5c1a0590e4c329238aec094dd824774b82ddda100e,2026-12-08T16:16:44.828412,0,normal
ef0d846b-5171-4de9-8512-f37d9cee6e5f,2442,User_444,User_232,2064743,e730486d447cd15c2ba99108b7b862cbe729ad16a082ab1d7bce8a4428b9dcab,2026-12-13T10:35:21.828412,0,normal
e3024ac9-524c-4bcd-a545-c7cebf070554,1881,User_37,User_154,5452961,4bc8a6618e419552d1b4e920e0657d912c46b7a4c8d60202b0cc0ffddb0199b4,2026-12-27T12:33:56.828412,0,normal
34550bdd-c6e7-405f-bb0b-c8428b4af45a,1062,User_81,User_330,3535354,59cbbe32c38383061b20dc575218a4c2e4fde42d7a7343f809b9fd319f6e6267,2026-10-28T06:22:11.828412,0,normal
08549b95-5871-4f45-9573-18772ac1df46,1551,User_65,User_237,3309166,eab183951b32ac8592bf30e6508287eb631103b56e7af7d21afd6df92fe28581,2026-09-29T10:39:02.828412,0,normal
ab1894b9-9490-42ad-96eb-d73aeedbd2c3,2442,User_232,User_444,2154880,e730486d447cd15c2ba99108b7b862cbe729ad16a082ab1d7bce8a4428b9dcab,2026-09-29T21:34:59.828412,0,normal
22b823d9-f5e7-4269-9e80-59ee551e409e,2855,User_217,User_430,961456,460e26cbfe4c59fb9b0c339fcb0c10377d4f4b5d13028d7907324fa95e696497,2027-07-02T21:41:46.828412,0,normal
9295e561-f663-4cff-9c63-6998bdd2f206,2852,User_288,User_252,717109,f1d7bc2be4bc0ac457ae4393ed8df326c73c5c4d548809f81078269c5717684d,2026-09-27T15:55:50.828412,1,duplicate_land
c780e69f-01c7-4399-b49d-5f5c98c911ec,2109,User_481,User_417,3334878,0600fdbdcc889125fd5edd7830513d82e47e7499c0c7b441202ccceb075b43bf,2027-07-03T13:53:14.828412,1,duplicate_land
7a0fea54-86ea-42d5-8c33-272d541ac295,2172,User_77,User_87,2917371,ec959a5c6673344e4847406fa42526439dc7b828ca0bce82f6d8b1e0e7db9cd4,2026-09-05T16:44:18.828412,0,normal
af0c1543-f88a-468e-8575-87c8fa3e4927,1145,User_382,User_9,2854454,98efabd4836a33138c935f390ddbed533c655dd5fd1dc9584fcb6fb3e65a8bea,2027-01-18T19:07:46.828412,1,duplicate_document
78d58798-23ed-402f-9daa-5845f68ad583,2955,User_488,User_49,274764,aa04c73517d204b2f2750e220aab6a2ed3736ac7c58fc8292e015596124558b1,2027-03-22T23:33:59.828412,0,normal
8394c58f-2ca8-4fb1-a0bf-15173c951ac7,2090,User_302,User_201,2532567,b40e70884865849d3ab80dd1f98a1188feec0c6ed946952accc4f9cece92763b,2027-01-11T05:44:38.828412,0,normal
fa223d6d-0980-4637-b634-5f58c88ac528,2741,User_137,User_471,1590727,f38d7a493da6e2285653047fd2bbca2680436b82ff4b593b45e9e3a9cbd103df,2027-01-27T04:07:36.828412,0,normal
61d522db-0c32-41b0-b93c-7d1a77cd1a03,1585,User_483,User_121,21077121,de6ecc53b7a077834ae67f712988043ad118511114baa0284adff38aa5338ef3,2027-01-29T06:40:12.828412,1,abnormal_price
49b6db87-18c6-4889-8fae-062ab53dd5ed,1478,User_406,User_275,2606558,2f2faeff1dfe0b398116507e2916217392962b2203a834629d5edb5fab363351,2026-11-30T20:18:27.828412,0,normal
a9a4ec9e-5296-408f-818d-9f1c497be3ba,2115,User_131,User_341,500200,8dc12f92a4564c0f7785b796d8a2838a8c21dd75537bc08a4c889aff0dfc4180,2027-07-29T08:22:59.828412,0,normal
046aa532-4619-4766-8d2f-4b36887f7e66,1897,User_40,User_265,1191443,df88fd634ac174f52a4b193c9a9519cfaf589131f117d863ce75fce6c7116944,2027-05-20T09:33:19.828412,0,normal
8e138758-67bb-433d-8f6a-317ee3da3ba2,1677,User_120,User_56,2593624,47781338768694202f06d485da5d2a36d72c58757ca7178c3bb841137e5cc91b,2026-12-04T03:43:23.828412,0,normal
7d61e8e3-3227-4ece-aea4-91ffe146965a,1460,User_357,User_23,5330639,29dce9b1ba4fb46edaddd4c3dcfd0166566f02d8878fcd882917108f6c2f88d1,2026-10-17T10:46:40.828412,0,normal
62b19509-ad7b-408a-832a-f3d8171d8d9e,2181,User_393,User_463,3968774,8644d5544086d33853708170a8e5bc3f0b2e138191aa549977cd163e06225ab1,2027-04-28T22:21:15.828412,0,normal
3b6ba8b0-3a15-4176-94c0-caaf9430c320,1094,User_99,User_7,461909,c8722f81e187b1b4d18f7389db8ab996b91012b95e65be91b215feb9d7222b6e,2027-05-14T03:21:37.828412,0,normal
78708952-6d32-4c9e-97cf-590d5e7a2b9c,2868,User_441,User_175,3285564,08a53a6206c15520432de11b3479c866da4c0603919012d6a1b632a6c19a428f,2027-08-03T19:54:16.828412,0,normal
5a91b3e7-7326-4f25-a906-98c883dcc60c,2981,User_384,User_468,1072456,6d7a47394a6004a11777048edb7b14915aa72b73ca6ae9054ce3d02ee6971c03,2026-11-18T22:25:39.828412,0,normal
c08ed72c-59c0-48b2-8831-d5b4b9823d39,2174,User_336,User_226,295720,d71ab9ddfc826fccdeb238951fbfddbb027ed983a28c85d688c9a1b2ee73e347,2027-02-28T18:40:10.828412,0,normal
f935a7a3-44bf-4349-ac4a-be80338185ae,2781,User_438,User_339,784429,dd48f00d90e05bca9ec18a2b46f97b09b21d9dff21f9d91bdd212c0101767d10,2027-07-02T05:16:26.828412,0,normal
cce74f77-f4e9-4af0-afb0-580bc052fd02,1060,User_120,User_346,3486907,961f62ab5014b7871291dc2a173717773a3a63e7bcb0eb6e400d8417cc7cd32c,2026-11-24T21:54:33.828412,0,normal
6c57e571-8135-42bf-9ede-0e7688046e82,2458,User_458,User_43,797364,f250939f4d3f2fc9f96a011afab7d49cefcfcae256b809acbd50a3d4bc7da3a5,2026-10-20T19:03:54.828412,0,normal
da299de3-314b-4127-bca3-89050a5b0ff9,1999,User_475,User_499,3846947,9a6d865948e515d6de5bf9212ab83c1302bd81ec4b90ada0b83e9e745c262619,2026-11-13T04:27:47.828412,0,normal
e6ce23c3-300b-4e62-ab89-1265dbe67698,1503,User_377,User_48,2703160,5178b8ae1046ebbcf1bb8a541286b015639846a030e0e6c76c5a88da74024fbb,2027-02-04T01:33:01.828412,0,normal
dda72e37-1db5-47f7-a3d2-67a5611ea07c,2834,User_474,User_252,4783210,9a11c0b63d665f547eeb031bfb77382b5e30ad6fbffade35422be8dfd91142ef,2027-02-01T17:08:29.828412,0,normal
42537e59-de0e-402e-b270-b3de9d2af49a,2429,User_269,User_363,534825,f1238d11b4c6c37897fc5139210ca6f5a7ccd8d1eb061fa904b593aea4ae1ac8,2026-12-28T21:04:33.828412,0,normal
d0c14a03-9bf7-4c54-b9bb-dfd3cfd4a390,2872,User_434,User_378,276780,b891c2cf1ce351b4f29a15d8705ad8ef1d62b0a201fe898359f879e9e904976b,2026-12-03T11:06:42.828412,1,abnormal_price
2a049e74-bcea-4e07-8271-04b263b9a6d6,1935,User_87,User_491,4819729,7736d1c896dbf46124b21570ffcd2b4ca78a6ab86eb811ae28da346f831a8451,2026-09-24T04:59:41.828412,1,rapid_transfer
3f439c2f-341a-4e71-939e-7ca0004a79b7,2399,User_198,User_10,3456426,95023bcb8cc90b5045072e3873103b3c2504646e7f1c44b325e4d18ffc9c70b8,2026-09-11T04:50:38.828412,0,normal
febf6c0e-22f8-456c-9588-046da4072bf1,2671,User_500,User_48,2813335,890ef75dd2b90b8a3d526a9b5a394ab4d9e4985e34d78573f36f160bfdfbce2b,2026-12-26T09:08:19.828412,0,normal
163f5b25-03f5-45e9-ac88-5ec610c6e47d,2614,User_12,User_449,2277717,a5064cafb6cfdc2c3718f74a89edf2f7f6c520c8813925311ee1854a49aff62e,2026-09-26T12:05:43.828412,0,normal
eb811eb2-10ce-4e67-98cf-46cfd4923bff,2212,User_321,User_210,1675232,cdcc93531d9e4990e9efec4be00863f0eade588f7b3499531dda01244a383bf9,2026-12-21T00:30:04.828412,0,normal
a24b4b7f-30d9-4008-b2ad-592250b5bf04,1300,User_113,User_371,3113737,d4bba4f7bb8f6ca7c0d9f6a65e1084665c8631a4a191de680c3bc06acacc6c21,2027-02-19T14:52:25.828412,0,normal
d96c63e1-997a-45a2-98aa-83ae021b1dc9,1559,User_466,User_57,586032,aa319f945f4eae96ef7ccd8849e157900b94d422c55c864432bf262da749f886,2027-03-05T08:01:20.828412,0,normal
0f02ec43-be7d-4af5-916e-a493751ffdac,2355,User_434,User_473,3486293,78a04e5f10e24fae920872cd39a27336b8c734b4e4b2461474ff60bd31258fa8,2026-12-30T01:32:15.828412,1,duplicate_land
254fec6a-0dde-4c8a-a07c-bcbcaade0e23,2222,User_92,User_497,4752966,d3083bf31bbd58b05c1204f0b31742e9ebb140d760b0e18684d415be1402761f,2027-06-04T04:28:55.828412,1,duplicate_document
dce941a1-cafc-4682-9718-9aa73efc5942,1256,User_67,User_125,2982332,eb4734ed197c8f1ff893dbfa8757af460b4f12946dda1a1622c1b70af33aa0ac,2027-05-05T11:51:05.828412,0,normal
a2e64f73-1e77-416c-bd8a-f0aff2d8373d,1648,User_439,User_494,2442418,552b9c48cd8d46bf8f3751563c15b5e9fb531716a5173431749ec3b9ed41adb3,2027-05-07T12:05:11.828412,1,duplicate_land
b1269b6a-5105-4908-846e-3d4a42822a9c,2758,User_191,User_138,18194771,4e2527623c0dab5fbd495cf7b01d33aeacf924547ce3a3649aac61baaaac7266,2026-10-20T10:30:46.828412,1,abnormal_price
541a3a0c-84f5-4559-ac63-ed7bfc9f7dec,2120,User_168,User_449,2277363,b9642e11cbb49dfbe411fc46ec23b7552716d6a8e42c4dbf330ae84367babf2b,2027-06-08T01:04:31.828412,0,normal
9e4c7382-eeba-4daa-8ba5-0914c1de4805,2216,User_71,User_120,4628882,04b0c218430087a1b5f1c8263b451e98df39f905d1e1c7ceb3e63f00db64d317,2027-07-10T14:46:31.828412,1,duplicate_document
cac9da08-11ff-4678-80c8-77c875ae3e2b,1336,User_318,User_309,4617816,db85fbaa2ec765170fd7d3f59ad736e8bfeecf5c03d9648bc39714f09fd3cd9c,2027-07-27T16:19:33.828412,0,normal
91c143ac-e403-4cc4-a39b-0731afe89c10,1958,User_388,User_381,2957193,1650654aa968d235b1c5722ce631d2e815007419bcceb319f457ce92b6303842,2027-03-17T05:07:10.828412,1,duplicate_document
90f70d6f-c3d3-497d-a5bd-88e00aa681b1,2284,User_491,User_320,4494012,9ecbec045e29df76806d0633e3f6015d6f8dc9af7ac9d4f6a388d0eb09f86cf9,2027-07-30T11:47:36.828412,0,normal
d175fe29-e389-4c66-8922-6dd6c50c399d,1383,User_449,User_170,3671304,74186d073f36fb51e1a98c6f0ee6a38966a5cfab3e01a07788cf70cf789bb6ae,2027-03-28T14:01:05.828412,0,normal
91c4f669-5968-4166-b0e5-469fffb8581c,1571,User_185,User_403,5220595,628e62bedabb77b2565901f9cba56e8f35581dff43bad7749e583df5710bea92,2027-05-13T05:14:59.828412,0,normal
de902fc8-b982-4b70-8c67-7dcaa2f05e24,1056,User_399,User_201,380652,4b436026ece06aed3a117d466bef179e707893438c0cb093140ad8e7d686626a,2027-04-20T03:52:32.828412,0,normal
c011c5f0-a5de-46fb-bf5e-96eb37f264dc,2394,User_462,User_188,3591786,030cb1bd98d4fa1acb1f8e40982e363f76beb8574c7611ab621e259bafadc996,2027-02-07T05:11:15.828412,0,normal
5d81c8be-ef27-4a2c-b8ab-ebe12499f59d,1967,User_21,User_120,3990217,9782ece7db24b24db5546d19738c2ca602a289be5df2adda37b8edbb2ec1d8de,2026-09-01T03:37:03.828412,0,normal
7f406d5c-8b96-463b-ad4f-041a5e14d8ac,2263,User_62,User_172,2697602,6e266ce17801814b79cf5972b6c5ed34066f191c01fff3f7d1c9d5e6a5be3043,2026-11-23T11:52:04.828412,0,normal
927fdc14-5be2-488b-b525-bfe12c6aaf0d,2355,User_85,User_94,780011,f7ba62e6f89f49abfdb63902e019ae5800516c4a1658e13a55ca2f1b8d15f1ea,2026-12-02T05:09:37.828412,0,normal
0106833b-5c89-4390-87b5-4d3f28beb8ed,2687,User_410,User_32,4022727,03e660de34378800788bfd3afe66b1e22b51aa459c8681871660d03e7d8c250c,2026-11-01T05:37:21.828412,0,normal
07206eca-b919-41aa-b231-701f13a8d83f,2242,User_226,User_353,2563063,5524a7023a62fda123bac285a0d75c4200d3742c2d73af6dfdbe93dcb95565d7,2026-09-17T06:10:25.828412,0,normal
78bf6f30-46e2-4ca6-b21b-ba5186bb37ab,2504,User_289,User_124,3314418,ee1dc831fdda6cc107788fd398861db76b00cb0f9937b3131523ae4b4e234d39,2027-07-22T08:07:59.828412,0,normal
646d803a-8bab-4820-a677-b4da57bf7425,1120,User_266,User_287,1897663,aec9ffbbc0de9c676acba396bc4267a0e20ef810b12aa5b9afe0b93b0f6b93e3,2027-07-05T19:37:06.828412,0,normal
0cb33367-2c7d-45b0-aa2b-2d5ea281edde,2728,User_172,User_135,3300699,40eb8290d9291e92836ef1e8e2d9a2fa3095adc14ee88f7dd6fbb602edb21f7f,2027-01-10T07:36:47.828412,0,normal
33b1bb7f-67fb-4184-b7a8-e72d1bade993,1073,User_39,User_45,912918,f1fc52c8f5b0272ad5ebef5182a89f2ab1c8ee229d2f0036dae6cb876732f4b6,2026-08-24T00:05:53.828412,0,normal
52f84833-e877-4a0e-94dd-7caa58a768b9,2908,User_395,User_264,5089121,15baf5630e83f61316c030241925899d7b1ba77901398a6a66a9364b9c985e11,2026-10-04T12:09:01.828412,0,normal
46a1ad09-30a2-4e1c-b735-56284b7a6ffd,1999,User_499,User_81,3697571,9a6d865948e515d6de5bf9212ab83c1302bd81ec4b90ada0b83e9e745c262619,2026-08-30T06:55:50.828412,0,normal
a6382f0b-215c-48b6-a595-92ab6d29ec24,2874,User_381,User_59,3466361,629af7e57b47605201d9783f5d620108d45791db02c79d7c9868b4d7b2131c52,2027-07-17T06:09:56.828412,0,normal
6dc4490c-c70a-4af9-a083-1135cc72b6d2,2497,User_259,User_240,3477671,feb6be5da05d6c3b667eeecf493069ef7713277668aab67c3eba60fd8a3c185e,2027-01-03T11:54:09.828412,1,duplicate_land
b2eeb9a6-baf7-4da6-be79-ee41cbb3cf3e,1547,User_181,User_157,1315164,13f7a9d7c85d83910a67aa6b7f2a63427de9abb9f186be6e22da186b9352b6f3,2026-12-25T03:54:51.828412,0,normal
001c016b-a6d8-42ad-86f0-6763b5f9497e,1653,User_421,User_363,4977030,5f88dd5ecb7e09c3f7a23a90fd52febcc49d653ce469c53af1cb8c1ab347a498,2027-03-02T20:40:14.828412,0,normal
0eb70b5a-c89b-4c61-a55a-3dceb07f757e,1843,User_230,User_282,2097350,e38057ebc47400cb47cff0cf0e851ab8effbbc458fd6233f0092d265b25b0842,2026-11-12T06:37:39.828412,1,duplicate_land
538abc44-ce3e-4219-95a6-fe3ced0af50b,2872,User_434,User_58,2281735,b891c2cf1ce351b4f29a15d8705ad8ef1d62b0a201fe898359f879e9e904976b,2026-11-28T12:59:23.828412,0,normal
d9d7859a-fe7a-466d-85eb-26fe68a18527,2635,User_488,User_255,1039646,96c15818501fd5e5d2c198324372906d9b9f32576488d284db407cd996c030a2,2027-05-08T09:43:08.828412,0,normal
7255007d-f2f6-4f3e-881e-6e6afc396d36,2973,User_115,User_452,807499,c04a464c25d552788ba6666b06cc868b0b2afc9ae3fc513804ca45678efd7523,2027-07-15T02:05:37.828412,0,normal
b01368a1-5f9f-4d34-99b3-550a72a7f8a8,2482,User_310,User_348,6313010,e35edf509b3715c12ee7487e8b87d133aad543a3a6bc76d080180dc7aa0814b2,2026-10-25T00:28:46.828412,1,abnormal_price
7568570e-c55f-4629-a8b0-01ae511e2146,2726,User_294,User_306,1369082,5904a2c8a297720a4b58676e2b4ba2e7eceb71df2bc3836728d4fb346f7f7dfa,2026-12-02T16:00:20.828412,1,duplicate_document
98d7715c-5ee3-449c-9e37-d4a506a25213,1226,User_355,User_19,2350314,0ab1b379026f0fe44e0eaa1b07dd1459c9baee922f17db754d3480230d6110ea,2027-03-24T13:49:50.828412,0,normal
199e3e26-2b87-4b93-9e30-8b4ec6430bcd,2249,User_111,User_341,1814227,bebc745be8e18f29f64135f190e0e47445593b737fd7f112108fa7be197582b5,2026-11-12T10:59:42.828412,0,normal
80ea146f-961b-476e-982f-c29f368f5d1b,2128,User_148,User_435,2189361,5e1525cda2ff583469b3f3708fc06a12b74f3b40e771ad67a096abdae59d04cc,2027-07-09T22:21:35.828412,0,normal
1d64568d-151b-487f-b3a4-012cdf6e06a7,2898,User_346,User_339,2124752,3f50399c66c9f84b3a0167570e05d68333c69266637c19d8a8d43ed0de528a97,2027-04-16T04:04:10.828412,1,duplicate_document
0a382a68-9fb7-4886-a9d1-0ce91500c95c,1696,User_344,User_125,2143648,7cfb6fb1623884eb7f960a88dd6c3066343a16a651dbde4d7869c05c3eb31150,2027-01-15T10:55:48.828412,0,normal
770cef3c-425f-4348-b7a1-ff6bd7226a72,1279,User_183,User_398,3547315,f95181ab0ded8d02e5e4c75861f06c0cb6e011572960c704956018980b29776d,2027-03-26T04:11:31.828412,0,normal
bb3cb9cb-9b42-4bcd-b5f0-5d4d68411df5,1775,User_116,User_96,1454191,00ef82f45b63cec672c19c9bb973a8e28e1e2f98f33a172be011821f1aaada16,2027-02-11T09:03:35.828412,1,duplicate_land
68d6759f-2ff3-447d-9d61-01e2117f8a09,2662,User_81,User_70,5816560,868387b905d82bee88325e378b358b3344c57e6a4c7067cc91a6aff49eb9df6c,2027-06-01T11:51:24.828412,0,normal
1b722b78-6d87-4489-9c76-d2820f680150,2246,User_54,User_467,2364315,9dcd8bc22b999903859070ebbe751f49a67590608670c7baa1dbeed3e422da4e,2027-07-16T11:25:44.828412,0,normal
b33a9cea-a951-4146-a9e4-f30561590be0,1385,User_104,User_279,1958797,a87ae08a86ca6b9b0f9c1d6099fe2c334fb3d967aaba4b119ed6f8cb035bcb2f,2027-07-05T03:15:18.828412,0,normal
f11892bb-943b-440a-96b5-7b60df52d8ae,2615,User_239,User_124,1457600,5f546443ccdf6df48d7dd7e2b1e75487efc6dc731279fae3660f184b29f80b4a,2027-02-12T03:44:02.828412,0,normal
cec74590-e2d0-495a-b7f8-2bf94596a538,1723,User_209,User_19,1048733,d1f83375f31c60ca84cf079118d772f7ef931ed95c23f93b39c624c73444cfa8,2026-11-10T14:23:45.828412,0,normal
edcfd101-9fec-4b6a-a784-d42db38d2110,2843,User_228,User_355,387561,f8a6fc2d5198aa432a68eebe4dfe5203b577d5533be80e903eb1c4718cf4f330,2027-01-08T17:42:48.828412,1,duplicate_document
03797633-6c76-4969-b4ef-ca14a2169e75,1236,User_309,User_410,1203085,53e9b25a36090cb7232c27b10745e616f53f3a687b7c5ce27d81ff53fbf64bbc,2026-10-21T20:13:21.828412,1,duplicate_land
33cc1f14-5364-4083-9b13-e26c40f68f23,2327,User_42,User_376,2597657,24f032df009e8d9b7688206cb863db0c66d760043754cef3324399252cc93f25,2027-06-02T13:45:44.828412,0,normal
72370fbf-b521-4a30-a765-e014ee5a890d,2734,User_470,User_482,1883087,ed4872496cd07c1498308cab63e8a4693754f3854a36fc2d4abccf58418f62ae,2027-02-04T22:55:47.828412,0,normal
450fb336-7e98-4a4b-99f1-e2d9d9916cd9,2887,User_399,User_445,1167027,855b6d476bdd0201f000c375d48ca4df2aa7338c2813ccddff3f44018f7b2889,2027-06-29T16:28:59.828412,0,normal
bf749ae7-19c7-42ad-97e2-49ee7978f47a,1833,User_277,User_253,650887,283938bfec488ca1086134be864b6bf468acce8f6c19a209ad82dc697bf48d36,2027-05-21T21:02:29.828412,0,normal
87847cd1-9578-402c-82a6-a8c7aeab116c,2325,User_291,User_254,2033934,216207e7336dda13956f173b4f7a9db346f02429ed52bcc5c09bcdc930b82257,2026-10-06T10:14:43.828412,0,normal
9dd31735-fc36-4c8d-b432-6f99fc87d6bb,1694,User_11,User_197,4420720,4821431b38a3da050af532d632c6733fc7eb33fa8304030c3fa634a23c72c531,2027-04-25T03:22:30.828412,1,duplicate_land
45207695-0fbd-4590-b027-6b2c7da0ea94,2302,User_159,User_4,2439073,591657fdcf1b66ea0d7e4e007c6f166b7dbfad69e34c031fdfbf7263264b8ab6,2026-11-05T21:44:56.828412,0,normal
32bf11de-5b7d-4efa-983c-f3271161ea4f,1015,User_8,User_187,1003478,030cb1bd98d4fa1acb1f8e40982e363f76beb8574c7611ab621e259bafadc996,2026-12-26T11:15:39.828412,1,duplicate_document
d0092361-58bf-42eb-80e2-f83ee8acbe12,2961,User_403,User_81,3843616,b9b2c86f536792e1229768b3cf8f0d19f97530bbea3789507910179cb361dbfe,2026-12-09T11:44:53.828412,0,normal
883dff20-88fc-41a3-ac9d-0df87b3331d7,1049,User_330,User_68,421390,d50002f0e9ee8adc36c970c840d9805cf485e5e17438d3415ba327c365e164b8,2026-09-01T19:37:00.828412,0,normal
00e1315f-8cb3-416f-9176-3b487aee23e9,1235,User_179,User_387,5616747,4697f62cb1851107788c6f80e7ebf7179f22b1768f9687ae3d001ffda1d6de09,2027-04-03T02:04:18.828412,0,normal
8137c442-96c3-4d0c-93ed-e885b18ffc0e,1305,User_144,User_328,3557052,3e6ae6a54025d25031c7f4cc73edddd440dbaaa4c5b221b799fecd8b5258ef21,2027-06-11T19:06:24.828412,0,normal
eca2409a-9ef2-4456-960b-9b0360ba3287,1463,User_64,User_80,963125,88a806e1b3c1ec7af9707adb4c85ccca798001cbf86e3427be611b69862b07cc,2027-03-21T05:15:28.828412,0,normal
c77ec460-995c-4f00-b9bd-e108d7859b69,1569,User_384,User_79,3342836,8a052f2dbf403a8b18435c5e84be00bb54fbd1be340b958ab0c26d32f72d4daa,2027-04-29T05:54:17.828412,0,normal
0c190f50-c9b1-4d75-a469-1db99f910ba6,2976,User_447,User_427,5332960,9b419f41e081ac1649ea04a2f91ed6306d0d78a6bb578fc36359bbee7d7fe899,2026-12-12T23:55:25.828412,0,normal
19878d0d-14d7-43cd-9c63-35f777bdfcdf,1815,User_62,User_70,2641061,3fc8b7c271d2e51bfd2ea499af85377de61ffa7e94f2112885e6b6123031918c,2026-11-05T09:27:19.828412,1,rapid_transfer
f068222f-c836-45a4-a43d-107072a04157,2743,User_107,User_226,1049800,5944473d94d8b08f60d5cf047f654d1603b68b67e087df22a0dc6daebfc20750,2027-01-28T19:47:11.828412,1,duplicate_document
41326e8f-1924-4b44-88b3-eaf888f5f2e0,2615,User_124,User_434,1640670,5f546443ccdf6df48d7dd7e2b1e75487efc6dc731279fae3660f184b29f80b4a,2027-06-03T05:43:07.828412,0,normal
11fa21dc-f9a5-45af-ae53-c7fa5e799c26,2147,User_130,User_255,2328230,b81c09904f91fd29ac83ba084214a64725923734454b2164cc4b8c65a536a66f,2026-10-03T16:48:17.828412,0,normal
16995477-8fb6-45f4-8cda-5145c6b0f5d4,2703,User_192,User_140,3013874,728e3012b973eea2c8059af55bdd998cd70e8e83ac2608e209610ef5f3802790,2027-02-12T17:23:04.828412,0,normal
d188c912-8087-446c-9577-e8e753bd3e6a,1910,User_435,User_24,3308344,b0da73363346cb70bb04af71f4c401359d3cf5f7a5a3c1f38be91ab2cb5dcc6a,2027-03-04T19:16:32.828412,0,normal
179d47a9-c4c6-4c0a-b6cd-495272c70489,1543,User_122,User_123,4261981,2b70ccccfd026c319c562b2a38ce188b3674e75a54bc83dae7f955ffcd8814e1,2027-07-06T09:18:11.828412,0,normal
52651562-7be5-452c-b1be-3974ba8463d9,1796,User_490,User_395,2725903,4a50d94212c4f4dd91edca83c2588992939f3b6301e25d769178dbc66aae00c6,2027-03-26T14:45:04.828412,0,normal
e15859da-d0ec-495c-bd71-f9111028033b,2613,User_426,User_190,3367165,df336434f026052a55345d1171c48e5fd9ab6a95aa6cad29e98029de966ddd41,2027-02-07T10:36:50.828412,0,normal
5736e3c2-1d4e-49bd-8b97-9b3117ce5438,1652,User_2,User_97,3675235,22428d8951e9c0de798b3f87713290cfd2fdeb77e1c76a25fe17946145d874ff,2026-09-10T16:19:55.828412,0,normal
aca08c26-ea2d-40c2-89e0-a85d82e337d9,1978,User_3,User_410,3670115,0a9c5441d9b0e7a23f2332a1cab8a39c6f5326a5ad4f6c12ac5ce2b1ae319c86,2027-08-13T12:25:42.828412,0,normal
618153f4-c422-4578-b85f-d217443fd94e,1348,User_222,User_127,1764650,8ad44bcb9963206e8867816e3fcb7769ffdc66064d4bc787ecb29ebdee7c5bc2,2026-12-06T01:20:39.828412,1,duplicate_land
8d8065e9-1ed8-4765-8804-f7b3eb5c2c18,1517,User_213,User_179,377013,37c621d3b2505085a7b501782c42e2c5d851fe391be3c7aa39ef1b77e5bb84ef,2027-05-24T12:43:21.828412,0,normal
8d721ac9-914a-4256-99b7-d67dc3a9a77a,1820,User_143,User_105,283214,8705666a327c0a2fb50ed403dea195a14b287cbb549fd85e178dd19a625e9fbe,2026-12-16T06:56:34.828412,1,abnormal_price
580748d3-8ebc-4723-bbff-62ce0817461f,2983,User_285,User_321,2104428,8437dec52272f0071f21b286ddb1084ff620b01f292adad08936053d85338508,2027-07-06T05:29:01.828412,0,normal
71787012-26e0-40e7-afb6-4a0d8541fdfb,1121,User_398,User_424,464776,c158631d8b2983237b17a5c528cb4340973f7a2887879c514cfacc951bca7978,2027-03-13T04:18:09.828412,0,normal
7d94fa5e-92ac-44b6-a79e-1f1887f87222,2861,User_255,User_264,461033,36f64c0c83c7c3f09f931875059ae397237f4770fbd597ec86009b553cd78573,2026-09-02T19:57:15.828412,1,duplicate_land
83b202dc-7ccf-4d6a-9599-b415672b4b2c,2667,User_161,User_353,1614786,dd9cbbfb4c815353ab3641d5cd3f8273dc652ecb7472d3c821ffd424e6ff3368,2027-04-13T07:32:49.828412,0,normal
6c405909-0578-4f38-8dde-2cad8200399d,1185,User_319,User_422,4065595,341728263451ec117703329cc82850bae114dcd281e1cabceeccf7cfb2793ef9,2027-03-07T09:00:07.828412,1,duplicate_document
f188d085-950f-418e-8d3e-24c9e887f133,1497,User_118,User_384,1698452,034d99ee7e71a2db8897fa7f45a316175afe1462aabe3e9b8e247ece1062c84a,2027-03-24T08:40:30.828412,0,normal
cd688fbd-73fb-4e68-9d5a-d212320e52e3,2295,User_174,User_2,301167,19a07a541316c37afca947474cdbac7920b2f7aa3879f7a62e32eeb70e05ade7,2027-07-30T08:07:45.828412,0,normal
ef0c7bc7-4379-4e1b-b2d8-7fef976f046a,1628,User_26,User_245,1073410,de14024a78b39f720edc097b970b095dda08054d88417449de215bf7d4cdfadc,2027-07-12T04:22:08.828412,0,normal
cd9db31d-30e3-44d8-94c3-9b0293bf434e,1850,User_324,User_88,3909428,6d1d2747587015e3f5b09c7621fc9256a5817de4069061353d9f6f700e4e938c,2027-07-18T14:44:26.828412,0,normal
7a6450d4-e8e2-4acc-b8f3-5a31692e342f,2508,User_431,User_494,1800213,610fb7b117c8c709c07821acd96ef66b9387ea629f723f5e041cab954b41576c,2027-06-30T15:34:30.828412,0,normal
fa82b088-eb61-40c9-ac11-df5ca4506f7d,2177,User_243,User_239,2764321,6117b461b0586728082ed58efebab810b75fd514a84b98277552b84be4e3df47,2027-01-06T02:21:35.828412,0,normal
79a770b7-2d23-44a6-b1ed-c54075917e02,1843,User_209,User_186,1059993,788da22ada1c24a51ce743da7aaa0ac689589847d102cb0de26d32066ce9aa7b,2027-01-30T14:15:34.828412,1,duplicate_document
1fa4a080-ffd5-42de-b45d-42b5947d7007,1405,User_393,User_313,593486,febdde1523d1fed21c645c341974184b3bd1c9c73c9a5d91ed87a17e4982e32b,2027-03-01T16:04:45.828412,0,normal
1bf9d03d-da97-4e9c-81b1-f713a87de6a2,2693,User_26,User_125,2054289,d16552f7f22862a007a2b258347aa42e385f5388d917be2034f2215263fcb9f1,2027-06-27T07:08:13.828412,0,normal
64a5730a-58b7-45ef-8146-ade24cd3dc85,1385,User_279,User_200,1722464,a87ae08a86ca6b9b0f9c1d6099fe2c334fb3d967aaba4b119ed6f8cb035bcb2f,2026-12-06T23:59:45.828412,0,normal
dc96ad84-492a-4f69-a759-3408ac4fe118,1361,User_40,User_130,3534132,ef57597acf6ef3099bea2616a24ce569f30590b603217bea0e4c97e8a189181b,2026-11-04T03:21:34.828412,0,normal
f3b677f5-8ffc-4d5d-9581-4d7c401b0030,2198,User_61,User_423,4240757,2fc7d2c81615f0dc7d057c24e767d3ef0ee386b0c7e0ebd388a2aa4490dd251c,2026-09-22T11:40:10.828412,0,normal
c1e2e564-737d-4ad3-9ee2-2cf7a7552c22,1132,User_489,User_10,1501756,54ea4f647fa3d3e1e91cb3ae2cbd74515be806167cd541e21c2f24039831e482,2027-04-28T00:49:48.828412,0,normal
410bcabc-6702-4b09-aa0a-250163d3a711,2969,User_175,User_336,3443430,566ac19f5dbc7f705927034b381d3ab87a4b33922824e82f05755874e6aca326,2027-03-03T19:49:53.828412,1,duplicate_land
18abe3e8-0acc-43cf-ad03-e4647f2eee17,2135,User_14,User_45,3806761,e4315a89503264b5f32f8d957a07c6d894c00dd0282ba6d79b53a321ade01ea8,2027-01-19T15:02:12.828412,1,duplicate_document
99e7cf99-3c9b-4364-8265-df606a86dd3c,2727,User_203,User_271,291308,7d3676a777a227774da2022e5b3f24c734023581c635a331386efbf181208685,2026-10-11T05:16:39.828412,1,abnormal_price
8e64a095-796f-4131-a7bf-5587f00907a5,1489,User_342,User_272,3980903,998cd69c0d35a50efd92dcded1610543ac65de3d87dc0af6580f54faf2d3faf9,2027-02-21T04:48:43.828412,0,normal
768b441d-bd9b-488c-acf3-e84da957b94e,2022,User_59,User_54,866612,1e4519c56254616cde05c43759af407b7cad9807c11380b87544b4f6ba99f975,2027-07-26T09:23:39.828412,0,normal
a1738731-a106-4d4d-b969-79d341ceffb1,2197,User_204,User_141,4484673,1eb75924b6dc57d9c8e42d0ad28f47d9120db8186ab8c0a0796317e8161cb767,2027-04-05T08:06:17.828412,1,duplicate_land
6d43f1a8-e4c2-4e76-b772-d6e3eeeea001,1029,User_350,User_273,3748023,7b02d21587a7b467019b48f5c78a7a75d515cfb75c5426db657e053f833b091a,2026-12-30T05:50:21.828412,0,normal
4b2bf480-28d2-450e-b7c6-7cdda3e1dc74,1300,User_371,User_158,3578591,d4bba4f7bb8f6ca7c0d9f6a65e1084665c8631a4a191de680c3bc06acacc6c21,2027-06-19T23:06:51.828412,0,normal
394ecbda-78a0-4a67-b420-4eb797a78157,2209,User_466,User_276,3489238,8c82f54fe0f14e3b5c42dbd31fc85fd432ef7177c9c33cac0cf85eaed6763e6e,2027-01-08T06:45:44.828412,0,normal
ecc9030a-46af-4524-ab01-fcd180bf026f,2026,User_357,User_92,1838219,9a96f057648eb75f4b587f279b79d2764d06283272d7331045d40528457e02fe,2027-06-23T01:22:53.828412,0,normal
6a2550e6-a8e4-49ff-b828-d92e94e515c9,2281,User_306,User_152,2166276,894d79b998d5d288c8d8f6f37edeee1e3bdb1da73c372111fc1adf456d37af62,2026-08-27T09:40:33.828412,0,normal
2f3e23d3-2bf0-4db2-9db5-5dff1ce80c36,2962,User_422,User_65,2334293,69d204666fede878096719f4a76e22c2cc9ff873ce898614b8864df3fa27c0bc,2026-10-15T15:56:22.828412,0,normal
2c202c9c-674b-4dfb-a163-03e9189830d9,1317,User_89,User_444,3512156,bfa6bc44868050b83189f4de0f225ad3021522e083b75bdddddb54c51232a5b5,2027-05-29T13:51:07.828412,0,normal
419da8ef-59d5-4108-a065-3d5616bc26fb,1293,User_183,User_353,3615001,47cffd660db17b7495f8cef03ff1cffac1ab1dbd3e4ae9c96496ed40a921379c,2026-10-25T19:02:24.828412,0,normal
3fe38c2b-aea5-465f-b626-9a82521e7b29,1904,User_58,User_268,2949058,dacc8e71d31df30615cb3cea1e39f62b703b19fac32c86940ec9854fa358b1d9,2027-03-25T02:37:38.828412,0,normal
40a96a97-5a14-40cb-ac3b-8b806b2be940,1023,User_117,User_112,3562977,cfe738b63034c0aae4cffe737ce4fce8144e988d06a9735dec222468c3445519,2026-08-30T03:45:08.828412,0,normal
1e59ec96-11aa-46bb-8c65-e2e0f7d61468,1014,User_8,User_244,597009,9906a8dcefd7c9c588c4564134596f6500c5eff86720d9fd5101f93fdf47e51a,2027-05-04T13:50:44.828412,1,duplicate_document
dcd7de53-6fef-49e6-9235-068389cb5b1a,1424,User_88,User_58,2548477,4fc3ad96ae4777b7af83451ab1871438522945b8cc4eba9698abb523cd465cd9,2026-11-27T06:37:47.828412,0,normal
fbab3288-34b5-42c1-b925-71e68b9e8712,2962,User_65,User_455,2014860,69d204666fede878096719f4a76e22c2cc9ff873ce898614b8864df3fa27c0bc,2027-03-26T13:11:10.828412,0,normal
37233e59-9032-4e93-9777-6c714505d21a,1866,User_351,User_216,520903,f638ce62ea1dda8b7f433c72a84b313f614043ee26305b5d63d21766c1fe8847,2027-08-10T16:09:21.828412,0,normal
365dffea-dc41-4a47-97c8-d010c2225abe,2846,User_465,User_232,3953762,1f9f770a21d2ba00f5f6d773cf9ee32f8cf70483094b0cd3c677a58d08d88c4b,2027-05-16T21:25:23.828412,0,normal
9404a9e6-714d-4b1d-9606-29b382009549,1013,User_259,User_148,5264806,e9b6e9173c8bb51a07be605c35ee57711654b20ffc1758f92342f20f55d43ea1,2026-09-23T03:24:26.828412,0,normal
468a8fe5-16a8-4035-b465-f0d6348e8507,2518,User_60,User_43,1452621,e5db1f41fefd6a9c1a7c6c70454d669c3dc46b5da501e9c73e48c369fb65f816,2026-08-31T05:19:43.828412,0,normal
537594c8-4543-4727-ba88-3d755d1f9283,2323,User_201,User_89,5043242,dcf120c3532a0d48fadfa0b4971e932dde67f84249878e7c2e52bce8a30ee467,2027-02-16T18:34:57.828412,0,normal
838a411b-be86-4fc8-ba63-1b60007ebdbe,1142,User_335,User_211,891956,9c8b2dbf688910061d3ecee3fef0b91b4ca87c37e5d5c88d8d429708e4360901,2026-10-06T03:05:37.828412,0,normal
00ac8066-0f7c-4ff0-b859-50e0da1e3729,2375,User_437,User_435,1087711,f8fbbbb65d8faf8e5a9a04de3e70143dea78167f3bdd0cc99c268cd8088dfa8f,2027-06-18T07:29:25.828412,0,normal
d0a71c84-6091-4e5b-8cc1-7ad411fde857,2954,User_451,User_277,1881034,4daa7fa853989ed7b8dd53cb3921e79f962f9f3c67802828734366eb07607b7e,2026-09-02T13:28:35.828412,0,normal
7f142f0d-689c-4957-bec2-3263adb9b342,1730,User_233,User_491,48563,d353494f4b6d092d90d0e1899337e437e9d6064bc5a9d043fce221e303a96abc,2027-03-08T00:11:05.828412,1,abnormal_price
2681a381-e038-4c8f-a860-dafa70914691,1385,User_200,User_265,1470418,a87ae08a86ca6b9b0f9c1d6099fe2c334fb3d967aaba4b119ed6f8cb035bcb2f,2026-11-02T08:53:24.828412,0,normal
f90f711e-804d-48cc-9b11-be58a395ae05,1222,User_355,User_47,892796,eddf8619bd2a1178544af622d16d92f3d18c05cfbdfe0e9392ceebbc28ff95b9,2027-06-05T04:03:52.828412,0,normal
dcd323bb-e7f0-4f32-9e44-69183f5be00c,2919,User_347,User_414,2535300,6e1cdf61ecb2fe05b566d9ecabde5c1a4c219a94aa266c3398515b6027c5cf01,2026-11-23T07:47:15.828412,0,normal
fe5ce669-604c-4bcc-a8ab-a356090c51b7,2959,User_305,User_143,4141091,2024603ef371bebabaffbe3f6a5ef5aad129d7241760b3a061b38af9e90e0b88,2026-09-25T13:42:37.828412,0,normal
d948fa5e-a153-4baf-8971-25117876914f,2286,User_336,User_14,3736825,6766072df50c44f2aa788e2fd8727123fe69b70c8996742a6c4f8c31fd198f54,2027-02-12T19:50:21.828412,1,rapid_transfer
c160e3e1-fc29-4bff-9799-590f7ca39047,1196,User_87,User_352,1725053,98db7896af8e49ce6a6e23cf2c0ed13f69b4c956ce93e48fb8bf2ef98af7d5e9,2026-11-24T23:51:13.828412,0,normal
f7a969d1-5feb-41ac-8cc0-cf11cfdb7556,1611,User_240,User_62,2886875,fff5d6bbea6aa93c5924bee7d6a55f30f69b358d9db096da51a71f04309ad1ef,2027-04-12T23:02:25.828412,1,duplicate_land
1402cb5c-a9e0-47f3-be9f-fadcf4f0d095,1571,User_403,User_66,649048,08c138d7d58fac02031ea394abd39188836025889ae40d19eb98fd8b3f817520,2027-05-15T04:22:15.828412,1,duplicate_document
b133c490-9254-4fde-9023-136ac72bf6b2,2839,User_34,User_457,938605,48082c0321a236e079f7d27c49b0c7b6faa2b0c989d387647cb65ee42efdbec4,2027-03-06T23:33:44.828412,0,normal
ba0a7c3f-1911-4eee-a559-aa5d34d63efe,2952,User_235,User_241,4031485,31413f439ca0f4b94d4f1a3bbc76cc7c198d66ad7420659b8365f0141c5cfbec,2027-01-18T09:51:28.828412,0,normal
b67cca03-7baa-4fc1-9fe3-2950f5a44f32,1221,User_379,User_9,4313147,ce2cd1b3270e12314160c5f29fa0825fdcdb62a1aaeeacda6dfd0a8f3cc68176,2026-12-14T11:38:25.828412,0,normal
b61054a5-8d51-435d-a9b9-1d57f18f97da,2975,User_383,User_273,3885632,5d83ee182678ee691beb443ba4f0e1ed75a80dac762fd6f55e851dbf255141f9,2026-12-26T07:08:02.828412,0,normal
ca141417-6300-46e3-ad19-e1e68f3d19d6,1603,User_294,User_237,4048118,8170859664e738e5d0c92b4ce1af24149f74289208b1b6cb2dcd701f6b5496c0,2027-01-17T04:44:15.828412,0,normal
32efaf68-58a0-43c7-a404-03cd07a512b8,2976,User_427,User_117,4546128,9b419f41e081ac1649ea04a2f91ed6306d0d78a6bb578fc36359bbee7d7fe899,2026-11-22T00:18:26.828412,0,normal
0f4fe0a1-7f48-48ca-a830-770626eba7f6,2702,User_353,User_468,2155595,a2db67199a738bbfddc72afc416488ccf7fde58e85ed6e4dec7163b6da7cdd26,2027-08-02T17:22:10.828412,0,normal
262ee82e-2172-42e5-9488-3dade36749df,2504,User_124,User_394,3773538,1b4b159a1a8c4b7d00bcdb24c3afd00230441a5309e8fcb86ae53a4038255b57,2026-09-07T02:43:31.828412,1,duplicate_document
84f4d695-54cd-4230-bb3f-d5ff38fd94b3,2621,User_369,User_91,3795684,9a46f4620754e6cb7c9a77946d0dd25de32d4d09fa85180f10c372d62d32961f,2027-05-18T09:54:23.828412,0,normal
a0436647-2c2b-4a34-8da5-ecf279e34aa3,2139,User_68,User_345,1375143,60050f1a467f18256ccea161e700929d5d0c88cbd6a37f556bed05b43cc54fde,2027-05-12T10:56:13.828412,1,duplicate_land
2613d004-7bd5-4125-b9a4-df73bbbc35d1,1555,User_213,User_173,2440844,5cf859f92e7b7207029005e19470d24b59b528a8c3e75e9c4d6d9eb6d5a93c43,2026-12-27T04:20:57.828412,0,normal
e19924da-a9d4-49b6-89b5-1b02c852ed6c,1233,User_311,User_299,4753198,fe5c7db3c15927c5709dfd61e0506d5a51cdb0d939d6dc674882f4aa575ff9d2,2027-06-29T20:11:19.828412,1,rapid_transfer
7bc51ace-76e5-47e9-bfdb-36db2478684f,2247,User_312,User_389,1009148,e35ce4f372bc61d0d7c940341dc046ee0a147b9d7e127f71a7f23b3ec26ddf1f,2026-11-05T04:46:24.828412,0,normal
acdeaa4c-f680-4334-bc5c-bf22fda93f99,2294,User_349,User_75,2906645,da1e00731b2291be9f0c0c121e5dcf3f6382422d99febebeee021faff568e956,2026-12-19T10:19:45.828412,1,duplicate_document
3abe224f-29ce-4d93-9892-402936aec5c5,1734,User_92,User_79,2053207,5b83c5784ef229a0a4826bd07cae72b8ee0d6dac43e8636666fd59e2dd0a0238,2027-05-10T14:12:43.828412,0,normal
b94feb13-c0e1-4c68-bb2e-26f83ced538f,2174,User_226,User_477,273226,d71ab9ddfc826fccdeb238951fbfddbb027ed983a28c85d688c9a1b2ee73e347,2026-09-19T01:51:36.828412,0,normal
0c25658f-113f-4c6a-82b9-7fe883da82fd,2970,User_133,User_308,16565091,fb35fdae8354304327dcfd736e03f036822a7e68500e15f64ee863fce7c280ae,2027-05-17T11:58:35.828412,1,abnormal_price
67dbeb3b-1ff6-45c0-b23d-8ce08f346cdd,2144,User_207,User_12,3495668,0d38e2e756ae3171c6b1d519bb2d331eed810f8fc2da0136531df54115028d07,2027-07-27T15:07:59.828412,0,normal
3ae4dab9-0764-4baf-81e3-1e0ef0fef5da,2756,User_455,User_220,4213991,60d9f84cad6bd3876ad1cef95a4277437d7b0dea7a456b807e92bdc77d8c32a4,2027-04-30T07:20:44.828412,0,normal
aae7ca11-17ba-4268-bd0d-1f306058b743,1658,User_416,User_42,1481701,200e5fe6f59e6f47f283b3c249f4deb7d9c06d7eff449d34422ff4099b341c4b,2026-12-09T14:09:18.828412,0,normal
4b649953-1493-445e-b1b1-110079c81d95,2314,User_138,User_480,3655649,ebb8f58e99cea7a83096ed7c38ab1b716878da30690b22c279b6f995ca4dfb2d,2027-02-01T23:05:25.828412,0,normal
eec3ec0c-b7d1-4ff1-aa2d-defb814f7890,2954,User_277,User_91,1870172,4daa7fa853989ed7b8dd53cb3921e79f962f9f3c67802828734366eb07607b7e,2027-02-10T17:56:32.828412,0,normal
a6ea053b-efe8-45e2-a76c-d1b5fad25afd,2609,User_327,User_404,4508031,c20e54264a2664f364086531b796b268d9bba5c3711a9cf4ed70109fe73888e3,2027-06-28T16:56:19.828412,1,duplicate_document
634bf1b4-f1e0-4657-a80b-621f435e2442,1033,User_344,User_378,5310546,1df23bc97ffa66defb5d22ab42867ca0e7878dff637ee8e3f163a6ade58b6bb3,2027-01-30T05:30:49.828412,0,normal
ca9724b4-c208-4ac4-9cc5-c9880d30f661,1469,User_38,User_456,2238273,bb3cb7d6ffc3a919acb36c61fe8b74735771e3d9d98a6f4daf7a6d6b1c8a3d92,2026-11-30T02:03:23.828412,0,normal
a42f10f8-e19d-4030-b7de-ba9202d93b8d,2636,User_463,User_383,3784769,e93787f4607b33a3e5e3d8256cdf6a5f4944901b6132050dff2df14dc05f3901,2027-05-20T08:55:04.828412,0,normal
0b50e446-fb2b-4074-86a8-5d810825ed3e,2412,User_407,User_438,1985731,a31f0cf5cb9e438e0e820564fbfab935f2c57353a18bfaced8cb18383c5fb634,2027-05-21T08:25:28.828412,0,normal
b2e5c26d-739f-48e8-a59c-882a28322c14,1332,User_223,User_189,2806216,6fb973954cfdf3cd39c5e6e1cc421f69dc28a9c69586077bf35778088500d194,2027-05-19T10:43:06.828412,0,normal
d77b3798-7758-4905-b4c5-cf765ece1995,1237,User_31,User_60,1084974,5f8652801d2342e40aaaa776f7833b7324096b9cae3352c527e99d16199e352e,2027-03-14T05:12:40.828412,1,duplicate_document
b60d72bb-8aef-421f-9031-94c66f2f94f5,1639,User_376,User_211,3473312,1eeba58fcb04c5495a03cb86ec08623f8ec224a267b0df5ab081f7e450fc9d25,2027-05-01T16:22:59.828412,0,normal
af80bc0a-1aca-49b5-84dc-c79b52adc2fd,2361,User_21,User_44,2693540,21b04ba4181776ea703ecb4be723fe0afdcf8db507b5e9c0d706a7a38c485ea9,2026-12-13T02:46:33.828412,0,normal
007651b1-cfd2-46e3-872e-f11691647ec0,2324,User_252,User_56,3737347,032da26f34876a45501a91b5cee28339759e8b774dee9122634b0af4d3b52480,2027-07-27T17:37:39.828412,0,normal
3d0922cb-1c16-4fbd-8fff-68c236f208d2,1436,User_133,User_498,1007439,834939af98a6fac588c22b74b5904fea893d1e9c063c48b696ce4358b13a0a8e,2027-02-15T23:53:51.828412,0,normal
590fe340-5d4f-4a5f-b00e-a48d0388496a,2908,User_264,User_167,5523327,15baf5630e83f61316c030241925899d7b1ba77901398a6a66a9364b9c985e11,2026-09-09T11:56:15.828412,0,normal
289f9d36-b901-4fd6-9b63-25ad3d67f11a,1695,User_160,User_106,694610,e4946f1e2f0d5cfd2a3436a68d4faddb0740844bee1a7e1503830c6c17fa0c7c,2026-09-21T17:32:09.828412,0,normal
01d2fa0e-29e2-486f-ac63-419a7c99c91b,2757,User_347,User_9,1175125,a68d384c21c7cd91d11bf5659c04eebbdcf9cec5bb2717960d8ab35f3b90ab05,2027-02-18T14:22:12.828412,0,normal
59a2cde7-5a3f-4b05-8810-48e112b4dc70,1782,User_496,User_134,780186,d2fc4102caef993f57a60b280d31452597524a5679c44eb9a829afd338bde9b2,2027-01-13T05:54:41.828412,1,abnormal_price
e5ff2b2e-4a32-4849-8acf-37e66583377d,2474,User_267,User_151,4251655,65fc7ecba5da7b537ce0d2ff968a68198e0cc5843fbf6b3e58c3a67d1f694e13,2027-06-08T17:52:09.828412,1,duplicate_document
91689b27-54c9-4926-a594-cfe0f25b4a93,1916,User_88,User_293,949588,760ffe7259fbc383f67c466248543bea754019cf7b8935b634d07043f8229e21,2027-03-16T12:23:03.828412,0,normal
a2763f78-a8e7-46b1-9d2f-9cbd9839cf71,2580,User_124,User_277,2997245,e25ff201cd19aa974375ad1edb0af48e73c4b7638277d243cb89b25f190ea08f,2027-02-03T10:42:04.828412,1,duplicate_document
caa55add-94a5-4e25-b951-bceeb7e72a69,1527,User_99,User_25,2563606,94dad507f4ee01c0d147aa7a4398eb3b06a7070c7082b6678c2dc4ad58226509,2027-03-09T00:23:02.828412,0,normal
68de277d-eb09-41a9-a1d6-35b89c3aa394,2902,User_234,User_308,1066926,009931af4b749187d81a2a7d9aad8d0e6ecbc1100d7bd38d55e5953cec1bd171,2027-01-14T14:58:44.828412,1,rapid_transfer
ffcb98e8-aa42-4809-850e-d9c9924b564e,2122,User_378,User_485,2136243,fb74de78d064a1abffa2d4a5e7d00a3c9e9c0bb22cb2d54582cecf645b8a47ed,2027-01-15T00:00:48.828412,0,normal
5614ad28-c691-47b7-9023-c5b499eb321a,2010,User_251,User_289,7250453,3959bbde513ac54de2376d0e1a56b63acbc721bfe7b7136d3653202bce5f70d1,2027-06-24T15:33:26.828412,1,abnormal_price
ad8b94d1-0049-4f64-b2d4-25d7a4b4197a,1603,User_237,User_301,4269851,8170859664e738e5d0c92b4ce1af24149f74289208b1b6cb2dcd701f6b5496c0,2026-09-22T22:25:10.828412,0,normal
e8457e25-812a-4eff-b7ee-f1aa8e1bc55f,2958,User_33,User_61,1364555,079705a98bb78a4d1b95c2659a638520f7e4145fe0e013841e2c322b70f0b8fd,2027-05-07T06:50:14.828412,0,normal
411d4a58-6238-4108-9a1d-7e46b6842d4b,2529,User_398,User_87,757702,521d30b46680d596d808a97ce9b0fb5cb51c0cf40b289c38bb7c730a43fa5d5d,2027-06-27T17:28:28.828412,0,normal
694d57c8-4b6e-4b2e-b5f8-f9bed7bafc87,1790,User_22,User_500,4229486,2336527cc4ee31a68bcdf1dd912164e26c45800ef5db1d0302e0309b5337d5cc,2027-01-02T13:23:13.828412,1,duplicate_document
4eb4e537-1cbf-4ecc-a9be-2181bd2121d8,2911,User_235,User_436,1688251,a5b1710e6d6c2c354a4ca178be8f994ee808b88ecfd5e86cf5c4d44e7c854e7d,2026-09-16T03:48:49.828412,0,normal
a22d5dc8-3206-4249-be99-3e576f5b703f,2540,User_238,User_408,21921920,dd12597a5da02f93c7226b4f04d2059f5abc5df7bc15501d17d9776fc586a43a,2027-06-10T18:15:10.828412,1,abnormal_price
49fba191-d21f-4775-bd22-b20df6bbcf3e,2566,User_317,User_233,4704877,8cee3751b620b0e2c0ff25e8273a9448332a3f5203bbd39466a7c5eb8371db31,2027-03-26T02:07:09.828412,0,normal
9557ca24-756d-4e1d-88dd-180ba90c71fe,2579,User_359,User_78,1506855,121e496e97b5a30d08e34e4e4cbce68ca95f28bf97972915047d08173a7cb4fa,2027-07-03T05:51:22.828412,0,normal
8136715c-9c48-4122-8acc-0f042bf31a18,1317,User_444,User_286,4023583,bfa6bc44868050b83189f4de0f225ad3021522e083b75bdddddb54c51232a5b5,2027-05-03T14:44:47.828412,0,normal
904b16c8-3cce-4b49-aeb6-b88067de5a87,2148,User_15,User_174,2321058,fbb3263c300fe02677c4d4c8a782291722a9897d56f898985058405781244d6f,2027-04-06T02:41:16.828412,0,normal
7e539bf6-191e-4243-992c-3e28d4a08497,2962,User_455,User_451,1789016,69d204666fede878096719f4a76e22c2cc9ff873ce898614b8864df3fa27c0bc,2026-10-24T12:03:08.828412,0,normal
67c72b74-49ef-4f70-b5cd-6e9c832cb24b,2134,User_218,User_96,3418346,ebbdbe1a6f5b50a9a9a5b51494924ba247f020aad5ad997f53d8789abb73dfbf,2027-03-02T16:18:13.828412,0,normal
1722dfbf-a823-4eda-b496-d2dd18297cf8,1967,User_120,User_126,495711,0cc6e8b74e89a1e1ef66073bf9b841993e4a8cac1a09a52de295cc2742e769f9,2026-12-14T16:51:39.828412,1,duplicate_document
2bec2a0c-0e9d-4800-9fc8-aadf56c34d43,1724,User_379,User_436,3758027,896956ef1b4f57fef43ed6359ddb0387f551e8261b076280d319680f0c26920c,2027-07-16T14:16:29.828412,0,normal
ad2cf72b-d3c6-4475-b809-8992ebd298ff,2674,User_398,User_241,1880729,1983ceb9f4d3edb8939cd3c542fa7956e6875c575b5a7f3d1fd1695b47e35436,2026-11-24T18:51:24.828412,1,duplicate_land
2fe771ce-6f53-4d92-af45-13b2e8b7f44e,1144,User_96,User_487,5268464,22ec603179929bd71903a5fb513ed1f27c3be0cf8453cd33b4ac0c3cbee907fd,2027-07-09T06:11:01.828412,0,normal
00dca7e2-4dcd-4f86-8ec2-0febad94c79a,2219,User_232,User_18,721649,78af3d8f6716cc227efb2cceedf5bed6cca1d70f2952bfa8a4938632a029f8d8,2027-05-19T18:19:42.828412,1,duplicate_document
301ce74a-398c-4634-aa06-8553dbe7816b,2765,User_230,User_255,3366974,ce5cb56053379af023e952f83d506acf93d68e11741b7f298475131c8a93bb4d,2026-09-15T10:05:57.828412,0,normal
f8805eec-1ed6-4dc0-9fc1-771505dcfc25,2412,User_438,User_323,2017594,a31f0cf5cb9e438e0e820564fbfab935f2c57353a18bfaced8cb18383c5fb634,2027-06-07T22:13:19.828412,0,normal
60078331-6842-4443-8676-916c16d6999b,2572,User_123,User_382,957895,d80050576e3aab3e32091cc8909e43f6ff648d85933f2dc08dc4e5d2898a34c4,2027-06-26T09:34:19.828412,0,normal
6dca906a-e1ba-4cb4-95f5-831217d6e437,1199,User_48,User_245,4291511,855b6d476bdd0201f000c375d48ca4df2aa7338c2813ccddff3f44018f7b2889,2026-10-27T23:06:53.828412,1,duplicate_document
ad6f589f-3ed0-4bd0-9e6b-f1ec4da19200,1910,User_24,User_259,3393588,b0da73363346cb70bb04af71f4c401359d3cf5f7a5a3c1f38be91ab2cb5dcc6a,2027-08-07T09:12:51.828412,0,normal
b1492040-fdc7-449d-9a08-d0f7b3a85d7d,1145,User_382,User_231,14235919,3e03ad515c866b2f07112d5a148401678ba75b9f287933d4a8bcb39b873ff7d4,2027-02-19T06:43:14.828412,1,abnormal_price
a7ff2c42-0eb5-498f-9a4d-3ea9ce84a9d4,1557,User_486,User_388,4543423,dcef7aecdb587296e89212c13884df3fa09aac040479d7e688158aecb924dcd2,2026-10-07T04:58:50.828412,0,normal
58093909-48b9-4eb9-b262-efd6661cae5a,2677,User_379,User_183,135233,4f24494cf8b89d0fffb6a4ce28823ca27a5507f4690ed3f2ad1f55093c4fae3b,2026-08-18T17:13:23.828412,1,abnormal_price
9ffa879d-3978-441d-892a-356946bf741d,2574,User_295,User_104,4006199,cfa246246904511896af155575f5b7bdc2184de49ddc8f181b7ca69f5dcf5d6a,2027-02-22T22:49:19.828412,0,normal
fdc097c3-caef-49cc-905b-ed41edf2518a,1136,User_130,User_88,826400,171a03b0c7057bed80c444256de925805bcc467817587437f44a6a487d8aafc2,2027-07-02T12:37:29.828412,1,duplicate_document
aea825ba-f75d-4068-b055-34da3f85f9a1,2051,User_284,User_14,3975664,8fd01b37865f5ecab8e218dacede557dadfb110ae3eacd5dc0d58c68d8598d60,2026-09-18T11:15:18.828412,0,normal
abf85cc0-16e5-4798-a779-1027b8adec73,2141,User_136,User_233,3941074,6ac6f6b2649a5e1e5f687a81350bac2c2cc4be56ff21c03f1d8055ed40821a64,2027-02-11T08:22:17.828412,0,normal
6acec529-b683-4bb3-bfd8-e6ee366c7687,1403,User_475,User_201,1378999,6af73d2ef89b90a5999bf76d7c2eae6e89f687adf32c15fd1d2473a766d7638d,2027-04-01T05:58:44.828412,0,normal
2ebf38bc-b2c5-4b72-80a2-93a55d7689bf,1681,User_21,User_57,4852731,2599d94d3445d67005ede6b8a25d3f43aa0f67aa260d0936daaa8de624c22e20,2027-08-01T21:37:06.828412,0,normal
d7eb10bf-bd89-4963-9035-66ca662941b7,1161,User_46,User_75,2231593,a02ebeb711b66ca1c363b8547f848b43495bc347ee547b7f3f23be6896255207,2026-11-17T23:25:51.828412,0,normal
90eed84d-220e-4c52-a212-67d28ac7c95c,1072,User_285,User_236,2196253,83ea65012862d08c5df66770837fb40763ceb033b18358773cea64a5318d1a10,2027-03-21T23:43:42.828412,1,duplicate_land
cc5f0c3f-0d0c-4b41-933e-114655cca79b,2298,User_362,User_106,5408774,c68d178008c93168bdc46c283d87623cb8aa80868e86941ec2540b6fbbd1a726,2027-03-17T23:52:31.828412,0,normal
c977a612-8525-41ec-941c-622d7aa4e92f,1465,User_330,User_93,4174256,5842502a3d5bc749cdedd595bf5aefbccf43d3ee7e0c88fdf80a9e3cb6182569,2026-10-03T01:53:57.828412,0,normal
090e0a56-4fb2-44ba-abf2-4054897dd399,1192,User_357,User_170,1113876,2e78f1fc7e614c6ede8dd15a36b24d4cbe7ade4f5d59155a32f3f4371e6e68b7,2027-02-19T18:21:30.828412,0,normal
34ea95b2-dd45-404b-ac2c-d5d850fefdb4,1903,User_321,User_140,3486655,daf159dddafdd92ee09d7b727786c7bb5288e6ead5244e0d3f29bc3fd9a5b315,2027-04-06T10:59:21.828412,0,normal
5dab6122-0079-48cc-b9b2-c8962105ec9f,1254,User_141,User_224,1515120,273fd9f93ae292181b0975f18538bb2325ea4208b5595062b415ed3844ba025b,2027-06-20T17:15:26.828412,0,normal
cbcb7a43-d55f-4842-b006-cf780f703ca2,1169,User_400,User_344,759187,0a3053e0bbd5c7afafac6eb48aa4c3ab68a012fc07da09ea0fd52d99003f58f0,2027-03-09T04:30:36.828412,0,normal
c7006316-8743-4bcf-9db5-673e3a6c1c70,2717,User_204,User_216,4766518,1fb5f55af7a55db7651c72e7c77af30a1f20dacaa62fb1ec316915f22e4db577,2026-10-29T11:53:07.828412,1,rapid_transfer
0cc92835-ade3-4cd5-b0bc-58271e55e981,2182,User_366,User_374,5035457,ce8c75354db4ceebf082282207b090867cabe6417d383fa8faee88b70b7574e1,2027-02-23T23:24:08.828412,0,normal
ad1c8e30-46cd-4afb-902f-c697c2450ec1,1295,User_196,User_162,3369891,ef9c9f8e23f4846baa55a2a37a61e511950a5f205f365a9972b2edb7c3f4d878,2027-03-26T13:28:59.828412,0,normal
52778d95-8f5d-48cf-a55d-643ef08f72ec,2115,User_341,User_45,4563377,8dc12f92a4564c0f7785b796d8a2838a8c21dd75537bc08a4c889aff0dfc4180,2027-04-25T20:07:25.828412,1,abnormal_price
26328be3-6238-40e0-b51d-af16f2962e84,2661,User_364,User_395,3614267,11765f81c594efce4daca9fdd1a84ceb2b1f82333818bb330f09520598756949,2027-06-13T23:42:03.828412,0,normal
c530d1fb-57a6-4bf3-aaa0-a9f80e4139e5,2030,User_68,User_125,719192,21815992b55377683797cb82926ebda445a4819b2bab2d00d6ddc4cc13ddb828,2026-10-13T15:13:14.828412,1,duplicate_land
7ab683ad-78a9-4e8a-868e-70e477443948,2505,User_360,User_306,4930682,98a297be85e2253b04c270de3b1f8a9cdb7d367ff9215a1a280481564898dc07,2026-10-30T07:05:16.828412,0,normal
b6ebfc89-6e03-4b8c-92a6-cad6fe93c491,2064,User_294,User_323,1506560,4bd96052bfbeee0f8e52bd8ad6e63a76bcfa5a409fb77d6cb5f25c9081019c5e,2026-12-23T10:47:27.828412,0,normal
d6e75b02-dd04-4836-8c3f-4abdeea38c06,2173,User_121,User_262,4146429,36790fbd4c052c6cfbbe3c916df0b5158f9052764036e287c9d3c0ea6b431c37,2027-05-28T08:06:50.828412,0,normal
cc45621b-28e6-4af6-be9b-c956a49fd7a9,1938,User_328,User_472,848291,4345d165537a809d0f1ab70a8838a80d333b50b4bbd5f1373d93f61617237397,2026-09-14T07:32:59.828412,0,normal
7863e368-a73a-4a57-802e-40ff0201a4e9,2895,User_263,User_311,2871867,763ff8f873d881247383df9524d9c785be5792ad346e3bc582e2359e05b3aeae,2027-07-18T11:15:47.828412,0,normal
3287a1e4-2599-4580-a4e6-86c4abb6321c,2296,User_49,User_245,1379426,b685649b83d9f367018b3607075b76f5f89c15d1363de5c840ae77498d0b7966,2027-05-04T10:48:35.828412,0,normal
c53ebc6c-bfcc-470a-b39b-47e805b6fb27,1240,User_361,User_257,465036,2f30417f0acad68d9eb0e98164ebccc59aa7bf4a445866ec9a9b9aee0b534e0d,2026-12-27T01:48:25.828412,1,abnormal_price
86ce1a4c-fe84-4e1f-91ab-e50ae0d7afab,2219,User_232,User_290,2135954,598c9d62d3501c0e10a5dd3df705f8717dc0518f4334b80e29a3ff6ef85b968b,2027-04-28T03:51:00.828412,0,normal
b65d475f-6ec1-45cc-ac4c-40f01cf8275e,2377,User_19,User_309,4345601,44e60672da579df4a598dc73f9467c483f19c89e45dc576df3ed122f633ebb5c,2026-12-15T07:58:21.828412,0,normal
0bdc7c42-1643-40db-be6e-ee76d1d76717,2477,User_125,User_165,1537244,0632ba640e4f734673294c851bcccbedd31225abfecdb254b206b8a4c3c2d400,2027-07-10T22:32:50.828412,0,normal
29ab9159-9f55-4bfc-afe8-cfa004b69366,2239,User_430,User_20,837514,7f14bb7bb2d3ae569f758e183b269e66e9d069ea01773eae83e8cd7448c9835c,2027-01-10T21:11:27.828412,0,normal
e1f45898-a7cd-418f-a8e0-59fc8b6f5b17,1291,User_386,User_391,588270,8177765d11696356637a388141117f31a5e577e2452961eb2a054a6086ad985b,2027-03-08T04:51:47.828412,0,normal
bcb45543-d02e-4896-bb6c-34c864179fbf,2782,User_311,User_452,3943925,4d6c4691bdf7656762f13cc93606cc564e5cd3a527d4f4212ca5d574c488c59f,2027-06-22T11:20:57.828412,0,normal
951dde7a-99c0-47c8-ac56-c2c4d655fda7,1963,User_181,User_124,2473581,23fc668dd7bf1819e67bdaec4bc0a0ebc086830e35e139769cd676e72e3ef21e,2027-07-20T10:59:10.828412,1,duplicate_land
9596ddee-9555-47bc-965b-219756068790,1183,User_426,User_368,336455,35e57b276e13468ff5dca3d1b9905a97184cf83ff6b62da47bcbf71181135c4a,2027-01-24T09:40:37.828412,1,duplicate_document
b04162c7-7ec0-49a3-b5db-0ef812dc5ee8,2468,User_309,User_480,4476039,697a17aec72f6b013eb1eff99f611aac83beab06ea079345e90b910be208b028,2027-07-10T00:38:21.828412,0,normal
5c995cd9-c8b2-4419-883e-9cf8237f941f,2698,User_461,User_209,2625951,22dffc3d9520f6fd5ceec15d61c2a4d6eebddf2959783d6dbf1117c88c9f1ac4,2027-07-03T04:07:00.828412,1,duplicate_land
ac01fffa-e10c-4369-8995-ffcfa5764a1d,2565,User_390,User_49,689876,4cb14cfe2314b2f35a99a4b781e846c7a9783fa6213e2415d8c25ca23e4644ec,2027-06-11T15:12:27.828412,1,duplicate_document
f40c0981-4bf7-4526-a515-be5ec8c3fcd9,1886,User_190,User_398,2276386,62b2f0383d801740604241627e3631fef771f58ab0922dc0240c14649729aac0,2027-03-16T17:55:54.828412,0,normal
f261ae48-22de-4477-86fc-31e9906ab56c,2466,User_442,User_373,1913218,55ef04b40330cdfd0c667d2a207de4ad9ea3abd6f9b7960d3f6f91c3445bc1ec,2027-01-16T10:29:08.828412,0,normal
5b24053d-174d-44f1-ba6c-2b7c90fcdeaf,1077,User_393,User_419,3415759,8da1ee2b5f4f44e2a572073fb4351aece5a1a3d46495f94b49cb8f8e46c94889,2026-09-30T17:25:15.828412,0,normal
f6ef1ac2-3e00-4d50-8e9a-09f6892843d8,1013,User_148,User_394,6173816,e9b6e9173c8bb51a07be605c35ee57711654b20ffc1758f92342f20f55d43ea1,2026-10-06T23:29:10.828412,0,normal
aaa1cab0-9935-4d4d-9849-bd844d785086,1652,User_97,User_211,2183728,fbb3263c300fe02677c4d4c8a782291722a9897d56f898985058405781244d6f,2026-11-21T06:32:22.828412,1,duplicate_document
9ca1a59d-58a9-4a07-b14d-1067140ce45c,1085,User_285,User_489,4376719,6f715a21d33ffd264a6f4d435f0f95dbe60fb697458631b1f5a8f568c1755648,2027-05-02T03:41:52.828412,1,duplicate_document
f5277738-cdaa-490d-bb09-329574e955bf,1507,User_176,User_1,1960459,50b585a3155c95f22ce4b5ca7e2dc63222baea1b3ba526c0f8fc0283c52086a0,2027-08-07T04:13:57.828412,0,normal
c938176c-4c8d-4e01-ab6a-1ee40e896baf,2147,User_255,User_433,2624396,b81c09904f91fd29ac83ba084214a64725923734454b2164cc4b8c65a536a66f,2027-06-06T00:44:50.828412,0,normal
514eb3f6-d9a5-4121-a494-1adf525509be,1016,User_64,User_476,3580037,59119f430a5f75540c8bb3932c0f9e86e089acd694272874f5c67dc066569c6c,2026-11-28T10:47:38.828412,0,normal
ef753bb0-1742-4a4e-88c0-3c0fe53979e7,1098,User_494,User_425,906542,a135c75364f6a39ea8c545a96065c188c1daeb54a3fd8b515af305818daeebed,2026-09-02T01:10:44.828412,0,normal
d2e4878c-9fff-40cc-921b-26c5b45bf27c,1107,User_257,User_11,3139956,627335d22d4b409388a82ea5f4377bde7568cd36361a91f22a75414bebdf80a4,2027-07-07T14:19:39.828412,0,normal
6953af74-e60e-4122-8c04-2aa2c2672ecf,1509,User_204,User_281,785711,db3d42ce2cb79b6a271356b976f42d1b634a5787105b272daecd03929ee10d4b,2027-05-19T23:47:01.828412,1,duplicate_document
0a8b5185-c122-41b8-9321-69d91cee125d,2300,User_18,User_333,1229519,ea306905420f079ad35a3e078a50845c620235b2649dd9818576be07a71ae9bd,2026-10-12T16:41:13.828412,1,duplicate_document
5120d574-f0d3-47e5-a53c-c037c5798e31,1292,User_27,User_450,3677085,a95787f92b09573989ef699f574dd2ec962fe40452c0025a21646779e43b90c9,2027-03-16T09:01:50.828412,0,normal
7869a209-8d39-402a-a417-3cac5c0f8325,1335,User_442,User_399,3073104,8a89cf54616c6beb4c2b09ed98d4f4fa9a52a095df044888bb00b751d07d6eed,2026-11-03T14:01:33.828412,0,normal
9e54ac89-2b67-42dc-a6c3-50a4476fbc57,2158,User_462,User_449,2469236,0dcfd358e4ccf1c75e7a29dcb8ce32bfc9ebeba122b5a58505e99ab5f2437e51,2027-08-10T22:59:01.828412,0,normal
7c44d74c-f669-48e9-addc-1291ec877f95,2303,User_356,User_215,4517628,f2234ddc98b5e43f5920d40b93ef6dcd4f769c75e200c5e9c1ae7015cf6f0ae6,2026-11-17T21:44:56.828412,0,normal
bd0eb510-791d-47fa-b440-ed8e209e1498,1038,User_405,User_58,3747036,cc5f6f95373883028966a943638c5f2d94c023f4fffc50b91f9ce0da8fac1c88,2027-04-18T00:07:24.828412,0,normal
0d2e23bd-7d34-463e-86fc-d260c7419810,1681,User_57,User_269,3414469,e609806ccfbffbd74a3c0eacbc7fc758f8801ebde2c79701c84b7da334ef1b38,2026-09-09T07:51:33.828412,1,duplicate_document
f8d6a7e7-89e0-4edf-865a-14713cde619d,1942,User_261,User_231,4073806,ba631539fdc4270bb6d81b2d3dec3709d76bf32c2e6b2c109fdc6f1f3b6ae70b,2026-12-10T19:58:53.828412,0,normal
03eb8ca7-30bb-46e6-9eb4-9c676d01ecb6,2578,User_414,User_132,130936,7d6bfd1d9e813103949c5dfc78515360579b6ab7997a4f51f7423ced56ea26e9,2026-12-08T18:18:24.828412,1,abnormal_price
881f83a9-67a2-4260-a432-86023c7dfdca,1793,User_495,User_88,3627167,824bb83d9275383c6a03a68162c4b3c9323c3b17bbb67081100744373e9effa6,2027-04-27T16:50:44.828412,1,rapid_transfer
bcb5bcb2-88dc-4bb5-9b1d-8728c352c11b,1437,User_150,User_129,5103450,669fa07e1e0d1a7edbb14448e0362c395d979ebd5f2eee7777cb2fec84c7fb9d,2026-12-22T12:45:58.828412,0,normal
8ef3b759-b9bf-4558-924f-3db15f7c688e,1343,User_306,User_392,2999432,fc152e03c57a069b7c1c56f7f23c209fd93f8a4045cf82bf108664e79413a5bf,2027-05-26T05:34:23.828412,0,normal
58cf3474-6fd8-43dd-8448-807f3ccdd626,1306,User_264,User_372,1116766,b2a2bd9bdbb6deb1684dab6bbff97b48cb7c64bb40052408fa2546314a4b2410,2027-06-14T00:57:39.828412,0,normal
2e890ac7-f820-411a-8e29-d876ed2e979e,2862,User_152,User_34,1052787,de3acfb9ab6f314edbb1aeb243aa41c8b57878bffc0d3632b5d8a9db1c212bba,2026-10-30T11:48:37.828412,0,normal
ba87ea68-5f4a-4227-8d95-c043ef8c077f,2170,User_414,User_93,4485177,9925a4d14d4c619f8f8aaa3783f6e6da6ce99598dec387a073f3553c191d2c46,2026-12-18T17:34:44.828412,0,normal
10d49b14-22b7-408d-8198-4a16040b48c7,2062,User_445,User_239,1355840,4cb3251959fa8128d3554f1ccdd8bb7fcf6d6f81d9266346fe502473484c301c,2027-01-30T23:18:10.828412,0,normal
d54a470b-b008-4665-8b71-39036ded730f,1606,User_386,User_191,622780,78776ef83c2f4d93051dd56b2c63ec31ea8204bef7facdd49c4880335f12a91b,2026-11-13T15:58:03.828412,0,normal
b96f967f-0c44-441b-8051-82b866b46e20,2872,User_58,User_468,1846658,b891c2cf1ce351b4f29a15d8705ad8ef1d62b0a201fe898359f879e9e904976b,2027-03-09T22:46:36.828412,0,normal
96cd9e26-e325-484f-8dbf-88179b79a24f,2898,User_346,User_420,2804931,ae996351237027ea0d0bd48ae5a2bce1c7afa30a1b514c0d01340e7517dddd7f,2027-04-06T06:55:33.828412,0,normal
120278eb-b05e-42b1-96c4-fb27578e78d4,1432,User_20,User_151,4792288,c08eb7a46a6ecd76ace07c1ed47c6b342d67aecd5a5de5c26c962f54bf68bf77,2027-05-29T08:26:08.828412,1,duplicate_land
8881897f-cc84-400e-b2aa-d025082655bf,2112,User_263,User_454,17096632,3a4fac0315a20fd216cb7d485a9b1d21f34f8c6071589cc1c6fcd7c8ddef501a,2026-09-07T17:09:13.828412,1,abnormal_price
4ce318c3-d296-4b93-a172-d6b521e7657f,2855,User_430,User_51,1131208,460e26cbfe4c59fb9b0c339fcb0c10377d4f4b5d13028d7907324fa95e696497,2026-12-18T23:53:34.828412,0,normal
79e54a02-6702-4287-a9d4-a5c9693b7439,2407,User_346,User_242,5440111,7f0adfa90d1ffce7fce7886c2d1623a6c662f2f0e10a6bbc2297c7f9545c9152,2027-03-29T15:28:13.828412,0,normal
b10d2900-3cbe-4086-921a-e880356ea5b1,2146,User_360,User_405,24820877,1d2fca1906b19ec889b83b09e8c48d9a8f8be0c663edae9d8f7324a55eb233f5,2026-11-28T14:47:14.828412,1,abnormal_price
007544ca-67ad-4189-b05c-129e841af4d5,1265,User_172,User_185,4172827,5993a6407eb02651f9360fdd940d3321251e345eca026e96390a1c6d13ecc9af,2027-02-17T18:55:34.828412,0,normal
5f034aba-16da-44f1-be10-4631020fe057,2155,User_323,User_322,4064639,75baaee5dd151f1625c40c7fa9ff37a8011a709bce230067dc9609f761e5b44a,2027-01-17T08:02:40.828412,0,normal
ecbd1df0-ee4a-4d63-9cd7-b90fae638b34,1449,User_279,User_227,3838833,87b41059a5c79d18fdabdc972be2c40f5d5adc11a1109f1b40a5abcb1c1d09d5,2026-09-27T19:01:03.828412,1,duplicate_document
6dae8434-815c-4398-9d38-924c493838bf,2262,User_464,User_284,790556,12ad8d0c2dcf46ad9a0fec697cd61e22c152098833b2026f8bf4e188eeffccd0,2026-08-25T17:46:00.828412,0,normal
adc12883-813c-4526-b27f-378b4d0fcaaf,1050,User_456,User_197,5988368,c406d1f36f6d37b27254f5113c9ee202c1ee896e95a893caa5398923ca641202,2027-07-23T08:52:10.828412,0,normal
d4766cbb-4451-4ad9-993a-837ef55ba2cf,1043,User_243,User_362,5088537,a321d53add493603e403d9107609aa467b9b514828233b948589459bb7ed8f50,2027-05-10T14:16:43.828412,0,normal
9ecfe172-baf1-47df-be94-3b5ea88e43c4,2502,User_114,User_259,671742,0c79b94a862c2e809b3221723ff712bedeac5d142bfd652d0c9f06a1d8b1bc7b,2026-09-29T04:10:38.828412,0,normal
61a35433-557c-4140-bd9e-af1a460490c6,2949,User_296,User_85,1759480,e06902bdcadcd7d26e497da7a81d6f16f6f986533165b8d4057b5f35cc155942,2026-11-13T20:51:06.828412,0,normal
2a3f0e10-21d9-4523-9d4a-d821b3b2a8b4,1211,User_160,User_304,1615756,bb46f2625c531c44d232212a2723275c66dea66489c8dfbb59d6751450309f00,2026-10-02T21:42:57.828412,0,normal
a1f6b15e-0bd3-4b9a-aeb5-675cde3560e5,1384,User_499,User_455,4375216,0b952cef2f24664c2273148e0c22415933ba55628378b832b8b1710489aaf755,2027-05-27T04:32:27.828412,0,normal
7c29212d-0da6-4e91-a55a-524a331aa650,1228,User_179,User_200,4463423,c7d6333db754d87e27f8494aa5370e7e4a9b492b5ef52241ff3381b433903468,2027-07-04T10:33:10.828412,0,normal
f58a9239-da06-4461-b11a-339580d2b310,2391,User_198,User_266,360892,9c25842762b873e2130e9620d0b3e60c1d2baeb0cf0caca661ce47cff22a54d5,2027-06-09T13:20:26.828412,0,normal
9d6e54af-7d2b-4c46-bda0-1882ceb4b9eb,1368,User_289,User_286,4051580,e86197f1542f2be8517316cb868bb2a5b6b5bced90b2d80b2d66c9f37674049f,2027-05-21T06:24:30.828412,0,normal
1d81dcc8-7d7e-4b7d-90a6-d77ca50f9757,1448,User_215,User_440,1279175,4e86d149450a06fcb33015f380df12ed7c1996168d42f41067865147d5403387,2026-09-06T02:41:17.828412,0,normal
fc872b26-1345-43da-a351-9c34a1c7514b,2627,User_423,User_308,3800228,341728263451ec117703329cc82850bae114dcd281e1cabceeccf7cfb2793ef9,2027-05-08T21:46:25.828412,0,normal
51fd9e2a-15d9-4ee6-9eb4-f97e4edbeb3e,1725,User_58,User_478,506792,8b8820655d7b22a2b2e18b5149d4dfee4f29eb73eadcb2a817d817aaf6eccfc6,2027-07-13T06:20:51.828412,0,normal
47c47bd3-9e16-40ce-ac4a-030773dec235,2126,User_361,User_438,3533181,3abe2c446879ace8d950bcde1ddbc4c1af7970910447441342370af1c396454b,2027-07-14T17:24:50.828412,1,rapid_transfer
add6bad8-5b8d-4e0f-b918-167e3420e746,1191,User_348,User_160,1360499,3b6fdb8b75ab7ce5f0f431c380a230f7e63bb800ce1616f2e8f27b14c8593c32,2027-08-03T13:07:07.828412,0,normal
d793e6a4-e244-4760-a006-86eb47df1417,2990,User_48,User_283,3285743,e6fe063217664ea620713a6bcbe522c1250efebe5246c3986105b353f9015481,2027-04-15T13:16:02.828412,0,normal
27f99a95-1642-4139-8cbf-5eae0fe9e454,2977,User_247,User_35,1345868,7063fcd2c1659ccde91e6e7f4092cd8377fa44f9ecc57197ab38ee7a9199db1d,2027-01-13T02:26:33.828412,0,normal
cff95160-7168-430a-be55-ad83285f68ee,1155,User_205,User_172,2514616,2356aa1ae9eb95a1d59c45de2e6002eb13e560864c758e44d0c23a3c0c4d269b,2027-07-11T01:58:01.828412,1,duplicate_land
f743248c-0bd7-46f7-910b-cacd5acdedf4,1157,User_109,User_199,2401103,3a6fbe5c6f2b23de86935003901a9f7e15874e21c561b47e86f13447642a75bd,2026-10-06T21:12:27.828412,0,normal
79e2234f-46f9-4d02-aac4-081d8c9078e1,2562,User_200,User_208,4936950,ebca91ec36dcadd0d49b6edd248ea6377f53ce8d50fda0485aa56901a71b00ec,2026-11-03T21:31:35.828412,0,normal
797d27da-cbeb-44ad-8d75-f57915895565,2004,User_42,User_166,446105,f0376777eea36adef3a209b96f0aff2f13d616e1008b935129bc41466d5ac3b9,2026-10-15T02:47:19.828412,0,normal
10319f5d-c16f-4927-b763-3c79e0a164b9,1416,User_255,User_394,437634,174ea29ee8c521123fd694aa7d44fab50e752b4583faddb451bfb7475f18c08a,2026-08-17T04:53:58.828412,0,normal
b85a9e4a-4b17-42fc-bd49-c75ed3d14275,1146,User_109,User_393,5215353,dfc84838599e6f124fcd68fe5ed252c64aafc40bcbaf41148787b51cc6a9bafb,2026-10-06T21:15:18.828412,0,normal
c3cf18f2-fcaa-4737-a2b7-ff013f83272d,1946,User_21,User_233,4001622,9da429c87665a3a1cbca1c729db2b8f70bc029eef63a86198b20e2a63bb19db2,2027-07-24T00:08:51.828412,0,normal
19f199ac-c60e-4e6e-b40f-d02c68bddfd1,1514,User_117,User_244,1663424,41b4cef8f25f3a28256e797a456d94a1bf8a08ad7feb499e9baab9283b886288,2027-06-05T19:09:50.828412,0,normal
bdd957a4-c550-41c2-9463-8d0cdabb3987,2366,User_165,User_21,4882921,e3ce601d0a566704b52b6aaa159bffc0f0b025a7c6ff3ca78338be02fa79b052,2026-08-14T13:13:16.828412,0,normal
9a3375cf-f4ad-4192-b42f-4d5d1e67b9e3,1273,User_49,User_469,4322131,29ce0e46f03deee06b95ba7fc993549ceea82f842d097e978e595576c98b7656,2026-09-09T15:32:45.828412,0,normal
d5cfff1f-5a47-4d95-93d4-4a0c06ab88d6,2679,User_273,User_25,1726062,521d30b46680d596d808a97ce9b0fb5cb51c0cf40b289c38bb7c730a43fa5d5d,2027-06-14T00:36:19.828412,1,duplicate_document
3748532f-fae6-44b0-92b2-ac2096268dc9,1219,User_250,User_134,2243201,64fe6feea2f2ccfb4ce4f07a6ebe9fb792e523c6413c448eb1f1f39aedf8245c,2027-06-23T04:40:21.828412,0,normal
e55bcf53-c3c1-49ca-a003-3626def4e696,2196,User_86,User_161,2429719,071f532e296eb7a3366bbae8c5ba39dd1478af0822ef990e515cd7d91948bfd8,2026-09-27T19:03:00.828412,0,normal
4f1be3ec-f2d5-4e31-b4e1-5a97785c1f08,1929,User_202,User_495,1855510,26b1a4b06f664fd10e23c314434ecbe670537396ce6c14716419d3e52fd5fb03,2027-04-19T23:44:22.828412,0,normal
2a2d2cf3-7b7d-4ab5-97fa-47de574ea8fd,1175,User_79,User_400,2602878,0e75139bda3a68666b75955d2d670573e19364ab4c2aedd6cc07825817a5a9e2,2027-02-27T16:33:31.828412,1,duplicate_land
bdc27ebf-aece-4065-ad57-e20de8a31847,1782,User_496,User_401,4580202,d2fc4102caef993f57a60b280d31452597524a5679c44eb9a829afd338bde9b2,2027-06-25T15:42:25.828412,0,normal
213fba67-d75d-490a-8103-a5e39f68a123,1044,User_398,User_311,4798641,3762927656e8df4118554bb3b95e076d925b3bcfa189da21284ed86ef23dab96,2026-09-04T00:04:09.828412,1,duplicate_document
24936653-c06b-442d-b845-1486f66764ac,2146,User_360,User_47,3627481,1d2fca1906b19ec889b83b09e8c48d9a8f8be0c663edae9d8f7324a55eb233f5,2026-12-14T04:49:21.828412,0,normal
581a1eb0-d277-475a-ba4b-d2751d125e88,2426,User_148,User_160,2979929,4de1c3c5e5796297d1b3067d3901b5db176d06c1cb948135dd2b9d2c77ee2fc7,2026-12-03T10:07:41.828412,0,normal
76f58ef3-6cc0-446e-b629-8744efb33f88,2180,User_364,User_496,1676203,46f23a5f780f7516d5c32c7c556ee274340b6ae59b87b1fc856982a372deb72f,2027-08-02T18:40:47.828412,0,normal
d671875b-09c3-4981-bb6c-8d9a785ca930,2913,User_431,User_254,4360705,f536be75dc862fb155ea8b196b4d15c57b27e82a3a60c3154f353f44286d4cb0,2027-04-09T18:50:20.828412,1,duplicate_land
43dab782-1e13-40c8-aed2-fe46fcc9fac2,1606,User_191,User_428,590522,78776ef83c2f4d93051dd56b2c63ec31ea8204bef7facdd49c4880335f12a91b,2026-09-06T23:26:58.828412,0,normal
b526814b-e20d-454c-980e-6023559dff53,1140,User_169,User_478,1793534,f3dffb133882f2181b91b4123856da4f87b88acda3ed44e9ddfe880b0b754f85,2027-02-20T17:18:14.828412,0,normal
5246c68a-28ef-4c9f-9928-71ca65864556,2993,User_195,User_257,561607,bf9967639af751f6a0c079127b8a58f3aa93fa73b492dc962d2252db522fbd14,2027-02-01T04:51:58.828412,0,normal
ffb3a453-c19a-4ef1-8ea5-6ffb4f801e14,2847,User_313,User_468,4147735,53939b2626d278d71d50727d205a1f31e6261d3def41c4c1d0e09afb39d6684c,2026-10-24T13:41:07.828412,1,duplicate_land
c421b5bb-974f-406e-bb1b-4e3d07b139d3,2639,User_260,User_60,2643625,ea583c477099a55e2a02b69c38d186d0a9ac9d37ab6d881b11c31a9ecba81dd2,2027-01-10T07:02:32.828412,0,normal
bf2d51a4-8aa7-4d6d-95f4-c37e9902b55b,2133,User_484,User_341,2703214,c4cc2e774de7eb05a395cbe751a458427c787321ec63d36f69f4467048549fe4,2027-06-15T10:07:03.828412,1,duplicate_document
64c4e5ec-9329-44cb-8e9e-ef85789c0cee,2576,User_494,User_182,2200259,ca633e7117adc843a0eecac0386d1b921da503a1413aaa71ddf8db843631511d,2027-05-19T05:44:02.828412,0,normal
86370f55-2862-422e-879f-23580c573237,1040,User_27,User_496,4908477,95e8a74fcad8106784ca9582fd83ef5aa8ca03828f00c1116f686afe96cde068,2026-10-04T04:00:06.828412,0,normal
7565dfd1-e691-4f28-baa3-e7e2a6674382,2341,User_8,User_491,1109877,9c05dd49afa16b739e2f7f69f83a862a3889645c003ce08ea4512c2b4618f379,2026-08-16T23:31:48.828412,1,duplicate_document
ecb6e1ab-2d60-4442-8244-0984748f88c2,2563,User_4,User_70,1237750,b6f5f3ef10e444c596d220be7b75dedec0831e3f74f5553425c5f52db20370e0,2027-06-12T19:41:18.828412,0,normal
92f231a0-7447-4b32-bdfd-cc86ece12bb4,1027,User_419,User_353,2439795,f570085b701b77c9b6f2e1f679af61d672fbaa4dbec6ed3c1f598d31dcc40c0f,2027-04-14T04:39:02.828412,0,normal
849e7cf0-4967-491c-bafd-10eb77ce4e7f,2805,User_173,User_476,2585348,76c7cf63e00257424534eca664fe336738f10ddd5819bb88323356cf88238202,2027-08-05T05:38:20.828412,1,duplicate_document
3a853891-e269-4bef-936d-5fbaf83470cb,2451,User_360,User_346,1679255,db3d42ce2cb79b6a271356b976f42d1b634a5787105b272daecd03929ee10d4b,2027-06-30T14:54:33.828412,0,normal
f5fd1f97-aa53-4ce7-b43b-3f7e6df6ce0e,1015,User_8,User_171,3449117,5dacedcb3cfa515fc1b449930b2691e6f005b958731eb46ade22bad09fc0b38e,2026-10-23T15:44:57.828412,0,normal
0971ecdf-292b-4e05-be2e-06b1e621c22b,2591,User_183,User_325,3195218,26e97478e05280d6abbfb72cddc071704e3a3e75e059d03547d58ba3c983dbaa,2026-08-28T04:16:01.828412,0,normal
5944ad67-c99f-4339-96b4-b0f6e1d0129f,1826,User_335,User_364,972433,1d4489e69ffa283d9d86e5c1b4e7c6a2527412794d67daa95f04e2be472fa848,2026-12-02T03:23:56.828412,1,duplicate_document
a3583b6b-4940-4ea7-94c3-d0da4c613bf3,1357,User_355,User_295,4050156,4456a3049b4b02a38126ae9a437a490cbefb406b52d24f58e39273d5dc2d3268,2027-08-04T11:58:29.828412,0,normal
5684f4b6-84d6-4a1c-8883-6761023c4ff3,2755,User_281,User_168,3389769,fe80a53df07b21e29d9920af428164897264c3773a4caa6144d1e5705d3968e2,2026-10-10T23:49:00.828412,0,normal
3b7843f3-05d6-4f5f-970f-479c0ffdfbb4,2055,User_161,User_407,3778212,f28cfd3bfda884984c31edb261e73b1d48d3a0981cdae75c7c8f557b36feecb4,2026-09-23T20:00:46.828412,0,normal
936a3e4d-5902-41ba-a78c-37df5695f4ca,2498,User_191,User_250,285904,0911a7c8f4370d0df1ad05112b554a27ae1c7c1dfc11c1097b831acceb4783ae,2027-07-08T09:34:15.828412,0,normal
b9b4f84b-43b1-438a-a6e0-ff905341f623,2911,User_436,User_389,1867148,a5b1710e6d6c2c354a4ca178be8f994ee808b88ecfd5e86cf5c4d44e7c854e7d,2026-11-21T11:44:26.828412,0,normal
924b829a-2390-48cd-a076-c3fe7b6c0ba8,1275,User_447,User_50,1797768,6c9291a1f19d2efc94b5cda0ce17f2b65129f7766f79906210641d7f39354536,2026-08-16T20:05:55.828412,0,normal
1531b4c1-bd4e-4c43-923e-9921b2c337f3,2303,User_215,User_184,4513786,f2234ddc98b5e43f5920d40b93ef6dcd4f769c75e200c5e9c1ae7015cf6f0ae6,2026-10-05T05:10:16.828412,0,normal
d2e25b62-44cf-4334-8ba1-5b59df4bd722,1532,User_176,User_21,2960684,e1c1aae0278fa782bb9562899b146adf992efbaff385e2a48677d569344bd613,2027-08-06T23:58:54.828412,1,duplicate_land
285c71fd-d3cd-4a8b-9404-de59ab456089,2812,User_484,User_135,1097021,e51257fa8397d2a08f5f2d549a07e7db57f0a691543edd6a53baada898b02e87,2027-04-17T22:43:26.828412,0,normal
030a050e-3de2-473e-a6b1-7e9a208d5ab7,1862,User_485,User_219,691783,fca5ab3d7ee23d2fd6569d2318ae7f3614f90790bdc9fe604223b3ee7bec6041,2026-09-27T14:08:09.828412,0,normal
7167dc2c-2490-42e8-9a62-bc36b60118ad,2132,User_429,User_164,3478579,0e6f2106ab431c993d42ef5c4121cde7ab6aa54bd15cebddc267dc4c60d15371,2027-05-22T14:37:47.828412,0,normal
adb712a1-f920-4151-99f3-2e8e9dda5f14,1129,User_457,User_74,2890228,a69f6113631c45428d55d10e005508aa302fe4d2082dfac232ef39ce13059ded,2026-08-21T18:01:01.828412,0,normal
49a36e9b-43f8-4f11-9703-87272ef7590b,1122,User_439,User_491,6088710,1135bdd42be1a1737134e704b25c1272556a06b315c11dfcac93290c3e829131,2026-10-03T04:56:36.828412,1,abnormal_price
67e42ed1-6cc7-4302-a371-392b80629c1c,2904,User_259,User_241,780501,61cb8c8b38f2a63e8d122683dabc018d7d6ad6406109dd70900ba553428a63e3,2027-06-17T19:04:29.828412,0,normal
b82d14b5-d0bc-4d46-963e-77b5df3ff594,1226,User_19,User_135,2724816,0ab1b379026f0fe44e0eaa1b07dd1459c9baee922f17db754d3480230d6110ea,2027-07-06T07:22:24.828412,0,normal
1d04dca8-3633-4b81-b688-46de372a3ef1,1952,User_475,User_125,1822218,60b43d904707aab5603b3a2e35fe625171050dbead2b467ec42e8a25b7352d27,2027-01-04T10:31:31.828412,1,duplicate_land
45ca27be-75e4-4a62-b09d-e7652d6a2a95,2067,User_155,User_41,5076389,990f4690c5a03568c8a3e69d059577d105f1047eca929cfd09b4317c39a96c47,2026-09-05T19:08:27.828412,0,normal
b2f11eec-a0dd-4f6a-b04a-779ab7650619,2616,User_494,User_107,4038285,b4c0bf3aff0403e12ba657100231c8bb53606cffee2080208fd137a6831184fe,2026-09-16T13:54:31.828412,0,normal
5229320c-89f2-44d8-814b-41cc921cfdc2,1840,User_129,User_220,262506,5904a2c8a297720a4b58676e2b4ba2e7eceb71df2bc3836728d4fb346f7f7dfa,2027-05-12T17:05:46.828412,1,abnormal_price
c9015b8d-d5a7-4dbc-b991-2d7582c43a02,1764,User_178,User_17,5660757,e90148cf2a55722abb782c7361e3dc120e635fa1978de93133eacd46c7ad6277,2027-05-24T17:48:45.828412,0,normal
4b0b30c7-327b-49e6-a214-a23e3cb66f7f,1233,User_299,User_472,5127972,fe5c7db3c15927c5709dfd61e0506d5a51cdb0d939d6dc674882f4aa575ff9d2,2027-04-29T08:45:50.828412,0,normal
41112660-57b8-4395-83cb-6e0c9379878a,1697,User_424,User_188,3171947,9ddd53f61823ea16bdac7790d18b0666fe26e8ee0f2739f7de769977ffa2100a,2026-09-16T01:06:50.828412,0,normal
be1b291d-ca80-45d1-adbc-94aab48941f7,1086,User_305,User_335,1305967,a94aa99bd3ce365a5b9f0ab794d7234ead3bae3522d170450567a23b2d1d0a67,2026-11-02T09:40:25.828412,0,normal
40f94ac2-b998-4272-808b-624d50546a6e,1163,User_487,User_490,1897024,7a5603eb2d0c750f367aa4ca28ea3b2d1bb894c1a2f30067b95370c75f6543a9,2027-06-08T08:14:42.828412,1,duplicate_document
641d1cba-1a9b-4e55-8efc-bdfcec772a04,2712,User_230,User_408,539502,bb27c27ace1dd11b11debe8b760d973d372c288bc995c5f54a186851774d2394,2026-09-26T02:38:59.828412,0,normal
d98a47ae-9038-4662-b6de-4bb509261c68,1552,User_3,User_489,5425036,5cc1d664e25e8cdfdbc31ce9832892010a8f1333c8a86a050249f58d0d44af96,2027-08-10T00:42:21.828412,0,normal
2c947aa5-7dbe-48f9-893d-b13c66aa0d5c,2250,User_418,User_191,1116909,4d7d70107488238ab13767ac918e57d920332b51981d271a58377e1e05a3c443,2027-06-21T01:26:55.828412,1,duplicate_document
8a7821e4-760b-4258-8c47-d28af74f15bd,2988,User_293,User_472,3050587,cae68793e302a0c24729550dd9f630f9e5c489faf0c58b791333488cdca11b13,2027-07-14T09:10:45.828412,1,duplicate_document
745939ef-0db0-4450-a7c2-3b67f61dc3f3,2533,User_83,User_236,8776663,bd24222f814b21c223b32d4ad662e51d0de75e50b7459817c691a047918b7a3d,2027-06-20T02:46:21.828412,1,abnormal_price
0ee3bf63-1fe1-4f94-8a25-fcb2a879e3f6,1529,User_310,User_77,653785,0a669307ec0e01b6a3268955cff9c57feed496f57da0068034b8ff7666e27f03,2026-11-01T07:22:02.828412,0,normal
09b27659-d22f-42cf-96b5-4301dd0e4377,1701,User_429,User_500,15982870,bf987e2cb43ae043bc8c16585d1916ea887891593b70994eeee9d0c158d05507,2027-03-07T03:12:25.828412,1,abnormal_price
82d8d63f-42fc-45c7-bf9b-22d9d7530aec,1084,User_206,User_117,2675519,d90c557ebdda3bfec86ba6c9f4413ac4a353b1575cc24d5b79473cb5a0577caa,2027-06-29T20:29:33.828412,0,normal
54a35496-916f-4010-9188-f088310e3265,2843,User_228,User_70,7773188,b3aab48cf38ad464fcc52160c86dcd9ca8d900b1dd97bc0c58a20e224ed6b6d2,2027-04-11T11:22:26.828412,1,abnormal_price
30b0cd07-276e-4870-bea0-78416106a8a7,2309,User_28,User_335,2724753,50570388a7ec4250a961753a343465fa7fb0c8ffb1fa275dd5a4348a38107d03,2027-05-31T10:22:13.828412,0,normal
d40f9692-fe60-4374-8d51-4fbbc407dda7,2033,User_15,User_44,2462019,6d1921457119d22ed888f82737302b44b5ab5e3ff35c1299a98c66cfda8f0d35,2026-09-05T22:12:14.828412,0,normal
1bd11a80-5f09-4ce8-80ca-6a415a015940,2698,User_325,User_234,4028280,1cbaa8de452af3d6cb6ea30bbdf06dfd576d88ad07de65ba11502689dcbfef36,2027-05-08T22:33:27.828412,0,normal
f0eca989-af79-4dbf-8ae6-2fc7e3f11fb4,1970,User_35,User_30,157108,68700c956d92e55376ec702f6fb76ffd7c427365804b2d776af1e6705f8d5d8e,2027-07-12T05:53:43.828412,1,abnormal_price
49008a5b-3afd-4cc9-9805-d3d8f862aed8,1429,User_311,User_411,3567300,05d8599abb340a98e3144577aff0dbac0ef7af6a0bf439a50486b1ab75c27c30,2027-07-17T07:54:50.828412,0,normal
c18d2da4-ece2-45a7-b451-8ee3019838d0,1644,User_327,User_366,649457,3dc4527d296dd6e250ca12b3d0742abbe00044715289a8c2a4c58cff72ea919f,2027-05-23T20:04:14.828412,0,normal
34fb6457-677d-4aa3-a5f1-654f2491140c,2857,User_13,User_310,1640010,c65b891c414017fd25a20104e853df36c30c7c32884a74dc24575a48bc4cd02e,2026-12-29T13:27:35.828412,0,normal
71312240-f7ed-409c-b93c-f5ce8ee9b7be,2442,User_444,User_406,2052953,e730486d447cd15c2ba99108b7b862cbe729ad16a082ab1d7bce8a4428b9dcab,2026-09-07T09:30:03.828412,0,normal
33e0a6f1-9c9a-408e-a990-96e03636c6f6,2194,User_64,User_464,1848342,8e46b371fcd76fbc0610cfd1ccbe498aed59cce323f9308c1c939de0da2a53e3,2026-11-01T08:26:34.828412,0,normal
d5a3df18-1ed1-47d6-9edb-8a3be1f335c4,2440,User_185,User_434,4261572,23a87df3146a18b1ff4cbf43746e4bb2bec9086979690869f07f403f74f87fdf,2027-01-12T05:16:16.828412,0,normal
631aad3c-599c-44b0-b19f-d472591ae838,2453,User_3,User_435,2507596,6f6b8f65ac2c0132eaef4196cc0c8772cc2a3bc199a1174ece5bbe60b6a2f4a4,2027-06-14T20:07:38.828412,0,normal
73015b1c-124e-4752-94a7-6fe0851004ee,2829,User_335,User_467,3847447,5aba8ff823c29a052799ca029cffb4b76b6f981d291da8e122ff895a246114b4,2027-05-30T08:48:05.828412,0,normal
d4261bed-a975-4dec-800c-138cc82e3efc,2746,User_262,User_282,2074493,66e53f30af7785022f02bd2cb9a3bd1ce2039a348aaab4045f9af5ee463d247f,2027-07-08T19:40:07.828412,1,duplicate_document
eecf284c-6b00-4819-962d-8fe4b3db89f3,2493,User_436,User_66,3069441,719f146b4e4f032b4b3c0f960e8eb5f7aa9dcc7cc68820e4a6b84cba0665776c,2027-06-18T09:52:31.828412,0,normal
a88c163d-2af6-4c93-ad26-205090001fff,2288,User_482,User_284,2995670,abc02a90a1169adc0ef973f1b19e701aa5646993251be8fe9daf2ad4f9c9ae17,2026-08-25T08:22:00.828412,0,normal
1c57c54a-4b6d-4359-b854-6ca4fe1df568,2145,User_79,User_71,3906233,9d6613850d189cc5f2d8b2be0e2e5544c6102eb53017bd7474d744cc9288dfad,2026-08-26T23:34:38.828412,0,normal
90b40926-d5d4-4dfb-9305-59fc239bd5c1,2882,User_299,User_129,3062259,f7ebebb43a254d1be6c5ccb186cb52f61a21f919f80e55d9b31e8ac56bb2b72c,2027-02-16T08:54:11.828412,0,normal
430ec51d-5c94-4c16-900e-5213d765773d,2364,User_163,User_487,1859447,a5b09e252c78051be0e0974dfd946061ae03c2b1cfcac6e45d959a7ca413029b,2026-12-04T23:40:04.828412,0,normal
b07b9420-e322-4a2a-8eac-eb8e11dfd97a,2722,User_23,User_156,4014697,91b893acabdc999163bf1a62a24fbf202a927d45e73b85628ddfa7484d5edd60,2026-10-30T03:01:34.828412,0,normal
1b97d5a0-3233-4035-befb-7ef8f5bde401,1567,User_307,User_353,1079135,5f6d6d82225bc4ac9a1dbd1d5a5497aa23309afe3f027d0ef2c00ab12ec326f6,2026-12-06T06:05:35.828412,0,normal
a708ddde-2e2c-433b-a87b-57aa62da749c,1912,User_431,User_402,1743289,03acb0a157350fb7f824dd668d644e6802be27e6aca9b9eeb71460057943ee54,2027-04-01T12:08:55.828412,1,duplicate_document
2603a9c3-ff41-487e-bbf6-dc06b8674eca,1116,User_247,User_250,4310277,fa5f6f081155b5bbd4fb611e5da1a2681d79fad342a0f85f42501abac5d8d246,2027-07-21T23:24:34.828412,0,normal
e8640862-e920-4436-9b4d-af0fe3973604,1073,User_45,User_435,770913,f1fc52c8f5b0272ad5ebef5182a89f2ab1c8ee229d2f0036dae6cb876732f4b6,2027-06-23T07:13:42.828412,0,normal
9e7ae3c4-5169-4c9b-a762-6a4bfe1f7f37,2885,User_252,User_271,2028291,2c1d34bee4f8f05a1319ef0878690ce56799e619ac7d5929bf1f7df1e464ac5f,2027-06-24T23:43:49.828412,0,normal
cda5b738-dda4-4657-b647-ecd064986e34,1628,User_245,User_373,1096363,de14024a78b39f720edc097b970b095dda08054d88417449de215bf7d4cdfadc,2027-02-02T02:57:26.828412,0,normal
0403a997-c227-41be-9f46-728911ab4724,2587,User_409,User_107,4276473,bdf7954b37195c3018e7e5c077d03b93f5b75d07beb3d1ca7f8e3460c304de5e,2026-11-22T15:09:19.828412,0,normal
023dc31f-52fd-4a95-91da-e8a10bb30863,1833,User_253,User_286,628191,283938bfec488ca1086134be864b6bf468acce8f6c19a209ad82dc697bf48d36,2027-02-27T07:26:52.828412,0,normal
2461528f-fc97-44e6-9996-1510a1e72b1a,1921,User_79,User_329,3215984,aa99d537451f14714cfc9c0b34bc37241a18eb4fc84ee8ca26da0959af522059,2027-01-15T12:47:37.828412,0,normal
338451fa-f4ec-46f9-a6d6-f95f31c9bf11,1575,User_159,User_292,3153925,02a4554e353119b4828e6e5aaf0d77651b32b7868513412a8205f89810ffd00d,2026-09-19T07:47:13.828412,0,normal
d1258ae9-b673-4e48-83ba-91c9941110c4,1669,User_361,User_16,3852594,c947d13abb2e4562d2426d8fc4c0314bed4e39d896ea280852a39dbe2d654d12,2027-02-01T18:11:49.828412,0,normal
8d595098-265a-4a7b-9336-349577ef6456,2513,User_159,User_3,2138905,8ceb945049b92c396c6fca41a7ffd8a7e325992a9527576ef79ed598a25112c4,2026-10-05T14:58:18.828412,0,normal
dbc175a2-24fe-445a-94d2-84645e7c999a,2024,User_366,User_127,5429276,ed04ae35a59a04cfd31eb12cbbb4c74e72497ed443cd077fc4ae5a733f18858c,2026-10-31T02:21:42.828412,0,normal
92257176-4ba5-4a55-bfe1-54a9a7e8858b,2075,User_342,User_183,2706538,0985fc383e0769dba5f0fa74f60567f8d4dfe6058e3ce1b523c2080138a164c8,2027-01-22T20:18:42.828412,0,normal
a07779b3-7b0f-4be5-9bec-0759a86076aa,2538,User_179,User_81,3459348,4c7e3334840ea21a170e751a8b508ce42c14a00fdbb2429fad63af1514e71c0a,2026-12-01T08:34:15.828412,0,normal
25e80ca8-f5a8-4d36-bc27-a4795c22ce91,1399,User_320,User_70,961201,f8ca00b886cf60a35c8e34b897b0b9821ea89e44b1e5aa006f8e5f3fd57bc7e1,2026-12-16T00:16:39.828412,1,duplicate_document
8f5de61b-6d95-4517-aeab-aa72e09b1e53,2002,User_17,User_371,3002544,3b7c20f939253cc44e378f8a6578b1db2891eb131b75c780b76cf5a9d0de51ad,2027-03-25T09:03:47.828412,0,normal
510878f8-b1b0-483b-9343-ca1734eea80a,2690,User_337,User_160,3004146,9a51fb246f642f1aa9f5ec90c066452ea06513670cfea352e96aec5dc99f2fe0,2026-08-21T18:34:46.828412,0,normal
043a620f-c9d4-40b8-b48b-3dbcc50a1ac1,2671,User_48,User_197,2975465,890ef75dd2b90b8a3d526a9b5a394ab4d9e4985e34d78573f36f160bfdfbce2b,2027-06-15T07:48:55.828412,0,normal
e27c1037-f1a4-4974-b189-69106ce046e5,1443,User_224,User_319,2918950,4207b25966985815d38354b467b1396438e394652a3b6ef43b7596f5698423f9,2027-04-08T10:13:27.828412,0,normal
972bd6b6-5399-4a27-a9eb-15088b4ec9e1,1355,User_242,User_152,3366876,83bbfc6c6d70122aeef517ac1a9c58b33161cc896133bcdea20108d1f5100cea,2027-07-23T22:58:11.828412,0,normal
8c4f6ae7-ee36-48af-a7f5-b88142e486b8,2851,User_70,User_318,4811171,e0e354af1f289a280b73febf4d84a1d28b6be33e0a0314b9079d31505140e241,2027-07-28T01:44:42.828412,1,duplicate_land
36916b37-3ae9-45ac-b5ae-ad1936e3b975,2440,User_434,User_243,3493807,23a87df3146a18b1ff4cbf43746e4bb2bec9086979690869f07f403f74f87fdf,2027-07-16T20:44:40.828412,0,normal
50501c7b-2fa6-4ca6-9aaa-1f33bee13540,1966,User_219,User_481,1204644,bac93dbd1a72e21ba9867e87c5f57a782b9bfb6d0384abaec99d05629ef5b4d0,2027-07-16T05:19:50.828412,0,normal
e484e5db-bd49-4828-83c3-a72997279e6b,2101,User_302,User_154,3142122,4ba4f5d1c5cf5b04ccb9d52193cb135145ef0a9959f36d4543e02a5ea9aa24b8,2027-01-13T06:39:49.828412,0,normal
76e8e5f0-edc9-4ffc-beaf-00c3d91ed0fe,1971,User_44,User_412,4106682,dbe65bce3c67dbbc9450588a90f61d0eb97db20f1ea98a31705291b4f53d5179,2027-04-28T20:19:10.828412,1,duplicate_land
e3a0631c-6a04-4ea2-8fe2-8b16e2e61098,2688,User_229,User_18,4336209,d81e989f219f7a3db33680a0054732fea3861990a2aa4cfc354b51b40a57d87b,2027-05-30T21:51:13.828412,0,normal
a78cf6e5-3bff-4a3e-a697-ade274fe281b,2854,User_136,User_417,59802,a719cfcf2ed0aefde399656a90cf90c9d2449e54ec98f5f9bcb0f5403b92ce91,2027-01-31T04:03:53.828412,1,abnormal_price
9ac3511c-f3de-49de-aba0-9bc5dbec7137,1721,User_436,User_10,2714304,76f14a43d5a68c4b5d0e19e153d553c2f85ca63cf0d24ae1f02615ffa0e71e13,2026-11-10T13:07:20.828412,0,normal
825b96a3-9000-4135-adac-76b7cab0a7d8,2600,User_379,User_335,4606036,39c20ec808ddba194b2f61989ac2084a5cad118b5ccee4809ac0c22860066ed9,2027-07-18T13:18:54.828412,1,duplicate_document
407c1b1f-a471-4301-83bf-c3a4a0ca1a1f,1141,User_461,User_418,2873935,efc62d5d73f384c599456e843cc061283adb4fe20e781c63199fd23032b478d7,2027-02-20T20:48:48.828412,0,normal
c2abe40d-e47e-459b-a41f-e771052d041f,1576,User_101,User_199,477460,a93804da9c12457a53cf3ee873994560d52f1ec156df2f78d0bac7952531d934,2026-09-15T02:23:31.828412,0,normal
f1c5133d-59d2-416b-b670-7d9e104eeda6,1845,User_168,User_306,944937,ed7b3ca68b18bc20d0e0fd32cec130674bf223ccdec6b8106ebce14bfdef390e,2026-10-21T05:47:47.828412,0,normal
2dfd16c5-7af1-4d91-808f-90e629fd085b,1163,User_487,User_209,688601,6a894277c45df8a651e1f9f8f85bf655fae6999c50d438b77e98d4e8eab67beb,2027-01-17T01:03:12.828412,0,normal
92174d62-3b93-4be8-9b5d-bc407539d568,2194,User_464,User_282,1597399,8e46b371fcd76fbc0610cfd1ccbe498aed59cce323f9308c1c939de0da2a53e3,2026-12-27T16:47:38.828412,0,normal
bb524a43-6ed6-4542-b426-356ed3db105e,2043,User_32,User_91,2118047,e56264ee8f49c01b92a4def556dce70cd451b21204275b438e120f76a3652e1c,2027-06-30T08:45:03.828412,0,normal
9f93db96-b993-40bd-bd58-b75a7b682c6b,1895,User_321,User_77,5523930,40d2722e87f663d7ab51e6243b67ae0e1f4f9c66f239efd4dfca0825e1919f16,2026-12-08T11:54:31.828412,0,normal
eb2627f6-a8a0-4ac0-91c5-5a720ff8b3c0,2554,User_302,User_57,3817973,a65e7920eade55cd0af4a0537553a7660e9b1b8d44426c2832530220a177c48d,2026-11-22T02:07:57.828412,0,normal
849d529a-782f-42cf-9880-cff2eb2443fb,2437,User_394,User_161,2899743,42fd900e8284e915f37361e379ca58ec7725f382a187c49e26706fb6d322b388,2026-11-17T23:52:24.828412,0,normal
3dc0fd72-7d65-4fb7-b178-71fd2f128b9e,2268,User_322,User_255,4732840,868387b905d82bee88325e378b358b3344c57e6a4c7067cc91a6aff49eb9df6c,2027-05-07T02:55:06.828412,1,duplicate_document
d105d3b5-3e0f-4ba0-9fcb-d65b82ba3f1e,2323,User_89,User_230,5288317,dcf120c3532a0d48fadfa0b4971e932dde67f84249878e7c2e52bce8a30ee467,2026-10-08T16:46:53.828412,0,normal
a69ba876-0294-4d0c-ba26-2f26e7d69727,2999,User_122,User_131,25561272,f0eada1a7473366aa792f377c4ab227404e2f6eed78a70e1c98871b9da75cb66,2027-05-24T16:56:55.828412,1,abnormal_price
6eb00e18-5a1e-402f-9690-76a4d8be157d,2052,User_428,User_455,144474,82352e8fb026e03da473bcc9c90953443674330ec39ba57420ca32704c742ca5,2026-08-30T09:49:59.828412,1,abnormal_price
d7941cf8-a598-41c1-aa2f-918e67d69555,1161,User_75,User_468,2116520,a02ebeb711b66ca1c363b8547f848b43495bc347ee547b7f3f23be6896255207,2027-01-20T09:39:27.828412,0,normal
065a0823-c885-4d8d-a125-94239b50d405,2123,User_454,User_128,1853195,5a91cbb7a4e5ae9bb8bafcfa7c710c9ce0f619d6b3f77bf1d29014b07159ef37,2026-09-03T00:20:47.828412,0,normal
0a85e38c-639a-4f8c-87f6-043dba5dc8be,1083,User_23,User_142,4433779,6ee5545138ffd2001377d066fd59efbe86e0af460a5a67e9c601401da97ec4f6,2026-10-04T14:00:03.828412,0,normal
999b79a9-feba-4cec-9565-a2ce017be4c2,2128,User_435,User_158,2185173,5e1525cda2ff583469b3f3708fc06a12b74f3b40e771ad67a096abdae59d04cc,2026-12-15T03:19:30.828412,0,normal
6aa67c0a-77ee-42e0-97a9-16a06c24a16a,1555,User_173,User_456,2208255,5cf859f92e7b7207029005e19470d24b59b528a8c3e75e9c4d6d9eb6d5a93c43,2027-05-09T10:26:00.828412,0,normal
98cae4ab-3157-4c9e-8ded-ca06298503a1,2462,User_8,User_472,1323774,2280cbfff4a2c345433b7683d02851b7e6f512b1c5546a0b1409e19fd3013535,2026-11-25T04:03:19.828412,0,normal
23d870f7-2878-4c2c-ac1c-eb61d268804e,1829,User_8,User_437,2866675,32ecd540a5e2f5b29c54f9cc1c1af7c9c2663744ed0cd9ee1118e9bfab70dc48,2026-10-31T20:09:06.828412,0,normal
a6e4a6dd-afee-4748-a8f0-b858d4068cee,1175,User_154,User_399,3307242,b62e19ed219b6302e0ff6b45ce5cc2087ec39ebfcc5c39a2c7640d16b1690668,2026-12-12T02:12:46.828412,0,normal
18dfb476-d2d4-4570-90a0-0017b8c77673,1305,User_23,User_474,3759371,1bc6de138f9c080d96694408c6932b874caeab1474e110d07592ac7a5f965161,2027-07-19T11:33:43.828412,1,duplicate_land
bb9da386-129d-4445-9f0c-e90368996298,2005,User_260,User_1,1908543,012b0df808af2f22be22963721bb04341a619ee0fa800b31b1d037ee5aa1bdd3,2027-08-10T07:16:11.828412,0,normal
261027d8-4aff-4118-84a9-6e1a3b29d436,2069,User_306,User_497,3142935,52ad792b9a6baf5ba54ee81d9be8b735fd64a0d27f902d76cbb21143a6e1d779,2027-04-16T21:04:14.828412,0,normal
e4e6a55c-c2b8-402e-be96-07b6a296067a,1023,User_112,User_230,4168821,cfe738b63034c0aae4cffe737ce4fce8144e988d06a9735dec222468c3445519,2027-07-07T14:52:42.828412,0,normal
6525c32a-d977-40ff-a03a-078ae9f8f6a1,1161,User_468,User_235,1764754,a02ebeb711b66ca1c363b8547f848b43495bc347ee547b7f3f23be6896255207,2027-08-08T21:36:37.828412,0,normal
1bf3ef25-a855-41ac-bbf8-b63da27dfbb5,2199,User_335,User_321,3499095,645159b1a8e7ecc6b2437166fada87a0a523a300b25931d4af1c29878cd7ebac,2026-10-18T10:17:28.828412,0,normal
1ce2e21e-52d0-4cef-8f3c-4354bf58cce0,2210,User_217,User_127,4182038,095c9f2030e21cc2a00c1f6a4f0713763bb8af3b5e8a094295933c54d39b32b4,2026-11-14T20:36:24.828412,0,normal
4fd06149-87cc-4a6f-a6b4-160145c61723,1139,User_463,User_167,86714,96bf07f175599ba3669d3e79760d4e8a71ab429fd21afd60714787900b0af195,2027-06-15T20:06:39.828412,1,abnormal_price
fd5ea4d3-13c6-4e20-a6bd-ec242476cfbe,2847,User_450,User_210,1873837,fa4b3d27f6319d1663bf62185ac341152e3e72b90dd99b57dd3d315ea7ea4e23,2026-11-19T10:10:38.828412,0,normal
704083c3-0c59-4e01-bc2f-17739840c93e,1391,User_341,User_227,3103227,843342252a8125431d4a747112564be89f2ae91e9a2473de96335525c0b55b3e,2026-11-04T01:25:26.828412,1,duplicate_document
b79a9119-f505-490e-92c0-c8eb565a3d1e,2341,User_8,User_13,5092664,8794080b5cb6f40930baf9d1dc9345229ca840546c1a34f01fae34b2de5cd4dc,2026-10-16T01:08:33.828412,0,normal
307328c5-bfdc-4f9c-afa3-6414e679d02d,2279,User_313,User_185,639840,04349952d8a3144383d8f75425f309e4d9501f13276bc1920c5bfb4dad95683b,2027-03-19T11:31:48.828412,0,normal
f814f909-98eb-4acc-99c5-d7cf16a2117b,2612,User_224,User_296,3406287,c5ceac864da9362ca93c6803efb157f8b7932e5bc81d4ec15e6f7f6983a3d48b,2026-09-03T06:15:52.828412,0,normal
e702870b-fce6-411f-ae89-c672548d4245,2163,User_169,User_496,418142,0284a707141741848b47d796f6d0213634e3c77aabbb80e0dd1e305cd80ccadc,2027-02-12T23:43:52.828412,0,normal
a86bc86c-f67e-4fea-84d6-381d6e0d79a4,2014,User_43,User_414,3627335,8328bf63763a37bdacaac7c0b2eada5c0d63861dc5c0a250bff58c728bde40e7,2027-05-21T20:37:22.828412,0,normal
9cf9c63f-e5f3-48a1-8a0b-db9e2e5113fc,1410,User_440,User_295,2053577,071f532e296eb7a3366bbae8c5ba39dd1478af0822ef990e515cd7d91948bfd8,2027-04-18T00:46:20.828412,1,duplicate_document
fb8a2e74-bece-44a9-925b-451dae9a8367,1954,User_494,User_308,2551099,195ebad8d8641526e41c67e99d3bff9862791325d694eaea7e1d624a79682b83,2027-06-11T20:32:17.828412,0,normal
02b0b4dc-9a2f-4f4f-aafc-0b12fe58ecdb,2621,User_91,User_255,522703,ebb8f58e99cea7a83096ed7c38ab1b716878da30690b22c279b6f995ca4dfb2d,2026-09-11T09:35:00.828412,1,duplicate_document
69d2bba7-b97d-4608-92af-a4877209874d,2630,User_405,User_419,497338,ad95ce293493ef0675ef07ca83a0be34293ede0b27850bf24c25a45376dfd6a2,2027-07-10T17:41:41.828412,0,normal
9658006e-66fb-490a-9a6e-76be03e426da,2461,User_477,User_8,1092014,d4aa0f66456eb08b4fe73464ee0b1d3140c4c79de9b10030a315050ba102d4c5,2026-11-20T21:49:19.828412,1,duplicate_land
4bc5409d-0fee-44f7-ba8b-c82c649a172c,2981,User_468,User_300,6121408,6d7a47394a6004a11777048edb7b14915aa72b73ca6ae9054ce3d02ee6971c03,2027-07-28T20:26:34.828412,1,abnormal_price
c8f18698-ac5d-486b-8a82-f93ec8c2d2d2,1175,User_399,User_215,3160362,b62e19ed219b6302e0ff6b45ce5cc2087ec39ebfcc5c39a2c7640d16b1690668,2027-03-27T21:33:32.828412,0,normal
70d1c062-7f9a-4b7a-8a84-997e721a08b6,1622,User_43,User_430,585761,5d3e3a3f6a42935e9b91f5b2485d3effe7e854da8123e1b605b4f7af3c7adcbb,2027-01-01T21:07:03.828412,0,normal
8d51a4b7-a611-4da7-80e6-86ea16d93ddb,2901,User_275,User_134,710745,f2a98ff19b5441583147e54c9ad8f599bf0ee3548308f391ceb1fbf3b3b0d1e0,2026-08-19T08:59:52.828412,0,normal
43de1cac-4e97-4c4f-9a35-23fd38f90099,1062,User_330,User_350,3024611,59cbbe32c38383061b20dc575218a4c2e4fde42d7a7343f809b9fd319f6e6267,2027-03-14T09:43:07.828412,0,normal
76e83ee0-07be-4908-a7d7-c3b71bb33a64,1840,User_129,User_214,4062554,e25ff201cd19aa974375ad1edb0af48e73c4b7638277d243cb89b25f190ea08f,2026-11-01T16:40:43.828412,1,duplicate_document
82429f36-35ef-46cb-b8a2-6310a7823023,2167,User_446,User_73,3577293,4e8294fd0aff4c1b228cd862635af77a50125c076d61ea2fd6b0b73a862eff63,2026-09-20T04:58:50.828412,0,normal
fdabe33b-18e5-4877-8709-339f2f182dfe,1033,User_378,User_312,5545504,1df23bc97ffa66defb5d22ab42867ca0e7878dff637ee8e3f163a6ade58b6bb3,2026-12-06T17:03:48.828412,0,normal
79366f2f-aae9-4259-9c85-0db37ed4c0e7,1316,User_359,User_487,1262299,30018839a8e8b96919c898c301954b17d93f7d7936b8bc5e0d53ed9c75f23767,2027-03-12T13:48:14.828412,0,normal
a5a08386-c383-4ce0-a546-a78c5bb786a1,2807,User_224,User_315,5226710,c54182b4bbf839731fb5c2f6a9d3d018a950808594bd52419f69ac3c015b58c1,2027-06-04T12:05:21.828412,0,normal
14af1a5d-b7b5-43bc-b0fa-e34b4a6c0f48,2067,User_41,User_285,4735770,990f4690c5a03568c8a3e69d059577d105f1047eca929cfd09b4317c39a96c47,2027-05-08T10:28:44.828412,0,normal
90bfaebd-1e81-4a10-a37c-48cbfe387092,2738,User_485,User_67,2090249,f3a48601553a2b405eca6547543cedaa5e36cbd907d50d0e1a25a4e6316bcc08,2026-08-28T01:05:18.828412,0,normal
3adafa00-dc25-4ea2-84f1-ce5741a14dea,2646,User_422,User_500,2592862,52cb0c18e22d98547696a4c387592c79a631442955df6c875de526f6c7998676,2027-01-10T16:42:52.828412,0,normal
b401c155-076f-4a93-8dd1-2376a0feb2f7,2880,User_14,User_364,2155158,da5ccc0f77514607761a21447216689b254bbc9db722d79dd4ab56f68a770361,2027-04-12T17:11:29.828412,0,normal
da3a78c0-8ccb-4227-ba1f-110c64c6b8df,1344,User_251,User_153,4752900,9c05dd49afa16b739e2f7f69f83a862a3889645c003ce08ea4512c2b4618f379,2027-05-26T07:47:12.828412,0,normal
fbd87136-2279-456d-8ad9-33b53453433b,1785,User_416,User_53,2533475,9fb300deb326e336f195004111b550cb1f9909de793e5bd362227060e03b4119,2026-12-23T22:27:09.828412,0,normal
62b82b1d-3559-4aa0-9ae9-ecd64570d88d,1115,User_5,User_485,1730742,21a0f22999e6d9f96491d1e0e8e2bee0075ed2011555b96971c6750ddf08e324,2027-04-05T19:28:18.828412,0,normal
c6749aa3-c0e0-41c7-94d3-8aeda3645ea8,2055,User_407,User_264,3797810,f28cfd3bfda884984c31edb261e73b1d48d3a0981cdae75c7c8f557b36feecb4,2027-05-18T02:56:47.828412,0,normal
232a9811-4b94-46bb-bf7e-2e255e6ebd47,1819,User_273,User_304,947012,cb877c7ad6cd7b5b82f77db83bae25d7bff4328ea5e5abc8684bff4e28f40090,2026-09-28T19:11:14.828412,1,duplicate_document
49912f0d-0939-49a9-9516-9aec0218c6b8,1543,User_123,User_204,4863993,2b70ccccfd026c319c562b2a38ce188b3674e75a54bc83dae7f955ffcd8814e1,2027-04-12T07:24:08.828412,0,normal
0bfef519-9c68-44fd-a3c5-2f40f2d6f406,1462,User_125,User_67,5108736,e8bf0acc252b59e8845a19c7cfd0a66f7dbe3868bbc1e69c35189a8fd08829c6,2026-10-03T00:11:19.828412,0,normal
b4aa8981-01de-40e7-b7e2-012d68ca422d,1341,User_445,User_424,1745954,22c70803d6fb582993f0cb138d9ec5f17109a8023f60a01c25a8683771e2fadc,2027-04-03T09:24:25.828412,0,normal
65ba0539-a566-42b7-9315-0c95964c3517,1674,User_228,User_278,784465,2ba2625617acf1b662d467c1f8372c7618f6a2dbe13de024170d21a80df42fee,2027-07-05T03:39:05.828412,0,normal
cf9195e9-a8b6-4442-9689-0e7661530435,2072,User_434,User_174,4606462,0eed903f090f8aa756a22ed830aa5544ed1c65b49edc5fdf26b05e87cf598f21,2026-09-09T03:52:02.828412,0,normal
2d5ced3e-b13f-441e-867c-13f35bab1eba,1690,User_343,User_169,3283613,3e5b3ea8efd962620820f3c43995bca132c7739e0b1886294935ac42901e3d86,2026-11-13T22:50:52.828412,0,normal
80777ada-eedc-46b9-a5f1-c16291565e80,2918,User_85,User_298,3634281,09d5abbf2accca981b19294ece5c066f46c7e000b571f00b63c9247872956e22,2026-11-03T07:27:14.828412,0,normal
505099c7-6f19-4711-a954-cdd363bf5c7c,1193,User_252,User_97,1851271,8b365b90e36ee230a08626a85f0f8bd4cfb8be4281f6c2874c3997357b75e345,2026-08-28T11:03:09.828412,1,rapid_transfer
a11ff7ae-c8c3-40fa-bc3b-c90bb28cf2ab,1073,User_435,User_72,870803,f1fc52c8f5b0272ad5ebef5182a89f2ab1c8ee229d2f0036dae6cb876732f4b6,2027-02-22T04:55:06.828412,0,normal
30cbc7a3-9912-4ff9-bc7b-3163fe1db97b,2429,User_363,User_193,514157,f1238d11b4c6c37897fc5139210ca6f5a7ccd8d1eb061fa904b593aea4ae1ac8,2027-02-17T22:04:45.828412,0,normal
8859d322-ee59-4917-b994-6051c9a797be,1665,User_265,User_191,2182140,0c4c01d6fd23c175107173b9411fd9a0eb0e8f6dbca8e7fbcd206f8208dba7d4,2027-04-28T23:29:42.828412,0,normal
60af8b95-a330-4463-9a54-723a0d9f11d9,1631,User_362,User_438,4015054,89f6f6e5dfe0593fe295664957c2790a8a55d67bc8eef08c76f5634b7f5d1404,2027-02-18T15:03:44.828412,0,normal
fdf3c07e-ad03-47ab-822c-fb3394c184e3,1332,User_189,User_125,2247352,6fb973954cfdf3cd39c5e6e1cc421f69dc28a9c69586077bf35778088500d194,2027-05-18T00:34:23.828412,0,normal
5d5ab299-db04-4085-9e00-4730499491c3,2573,User_110,User_146,4464165,79d8329bcdf855a260c9e3b27f0e7887a3747dcccecb1a749d14cd1c2677fe8d,2027-07-23T02:45:41.828412,0,normal
d4e6580b-a492-4190-a63e-617dc655b341,1775,User_170,User_246,1361559,35830feaa960dc1e0d9b691ba8ad7847a3d35eddb9416d204c5272756a939ffe,2027-07-01T13:29:52.828412,0,normal
81f2fec1-4f94-4d83-8b16-bfde0a2d3008,1201,User_424,User_481,2492698,55c147b7d5885c6c210b5ed452bb16144722a6b70d6abbcdd2718352d273e1b4,2027-03-10T18:27:14.828412,0,normal
365c9da3-ec82-45ca-9e66-f1f403734865,1536,User_219,User_321,3690825,ed940575f923e028d66892d0592007c7016ec3c7d8680ea1956d111ce3c4e7bc,2027-08-10T05:41:32.828412,0,normal
6cdfc528-0862-4842-9ffb-5e8ddf2edae9,1598,User_133,User_485,1104272,0f9b701da556a5d3fdb96a30d67d06d6bb8233db0dc056dca7a1d051a6bcb5c2,2027-04-13T04:15:38.828412,0,normal
6995adc0-3ddc-4d9d-b3d3-aac6d438aac6,1803,User_46,User_299,4873874,691b0c1ab9ff737bd9092869702b2fc34e7fd1225381b617f2cc72df7ff533c2,2026-12-02T16:06:37.828412,1,duplicate_land
fb4eedee-4ec9-4d79-ac28-dd694d1c1e44,1865,User_197,User_23,4560542,fe530ef47642efb8f44ffd8061f0c69fab89dadf5d99de6b4934de16f42ccc10,2027-04-10T06:54:37.828412,0,normal
c40b07f4-bb97-4b77-8168-bd4d691ad860,2973,User_452,User_387,2385811,fcf1926cc776226111fd8833b2510ee052e74287a0c209cf692b61a59e9e50f8,2026-10-08T14:25:21.828412,1,duplicate_document
1f5ff0d2-fa49-4ab0-b396-14fbdf6c2c19,2502,User_259,User_224,660287,0c79b94a862c2e809b3221723ff712bedeac5d142bfd652d0c9f06a1d8b1bc7b,2026-09-07T12:16:52.828412,0,normal
e02f6cb4-4d10-4ec8-b73d-cafe2384fad2,2097,User_5,User_442,1885081,838b75466e4b0ffe05374c673b773ea7dcb887a6b9c590cfab1c1177a51b8547,2027-08-06T18:37:07.828412,0,normal
2b9db4db-5f89-403d-ba43-b34ad7b67cb0,1087,User_242,User_211,3676484,5c84628acb3cbc491c1f3904df2cde273af4b79f9b77dc132b367f961788b461,2027-07-12T07:44:41.828412,0,normal
1ecd219e-ded9-48a4-97ef-83903a18bc51,1128,User_497,User_110,281666,171a03b0c7057bed80c444256de925805bcc467817587437f44a6a487d8aafc2,2026-12-03T05:40:41.828412,0,normal
cfc8c943-fd7d-442d-a8c1-2b018c8b6e7e,2278,User_480,User_422,652274,5127c92204276d085cf0a5a2a4e37061c5838669ce3511fb8f8e4f0aa6d2b466,2027-01-28T12:32:48.828412,1,duplicate_document
da216640-ab91-45d8-a7f5-ee2243a9521d,2715,User_326,User_235,1902996,2c05b0b9967b8bf142cabcdad0cc604b3d5174eed5f02acb02d6f9b5dac65841,2026-11-21T15:12:34.828412,0,normal
e2a80939-d88a-4427-bb20-6b59cef3ed26,1151,User_19,User_318,434111,380e445b35dab5c8b0cc471b4e597e6679102c2304148d602f4380fa35212d03,2026-09-03T08:23:17.828412,0,normal
d15249f6-a5b6-4621-bded-28c6849a7d99,1119,User_48,User_137,1064003,d33791a0bb894ddf33e4e48632e88d5f54f01c325ce80179e25c3d318ca7713f,2027-04-04T05:49:53.828412,0,normal
709db136-2736-4331-8ac3-dde4ed7ea423,2350,User_173,User_166,3986476,67622b1bf0488bd7a4e3db912bb30acd7f1607900e405c2a72e14707206eae6f,2026-10-30T20:23:25.828412,0,normal
379820a3-fe99-4a88-ad53-37ec7cf85187,1897,User_265,User_349,1101509,df88fd634ac174f52a4b193c9a9519cfaf589131f117d863ce75fce6c7116944,2027-04-12T15:52:40.828412,0,normal
bca499e1-7064-4ead-92a5-f443feb946ab,2169,User_61,User_306,4776646,80b2266f1d76a9ed58033aa84fce2db17dbbbe146dcec0528a2205fd035ea124,2026-09-18T16:47:51.828412,0,normal
1ebf5551-8b6f-48d3-a707-659c31f0bc66,1730,User_233,User_340,3162402,d353494f4b6d092d90d0e1899337e437e9d6064bc5a9d043fce221e303a96abc,2027-01-08T14:40:20.828412,0,normal
3dca11e1-2bb8-46d5-83dc-05b4f13d16e0,1549,User_135,User_185,311294,93ca45df2396faae9f6a7ab3d568a5f659a1c6b3a5d5d60dd1ef3317124bed94,2027-01-20T06:02:47.828412,0,normal
b084a313-5332-4330-a240-3b8397d60992,1384,User_455,User_224,5157535,0b952cef2f24664c2273148e0c22415933ba55628378b832b8b1710489aaf755,2026-10-16T08:38:07.828412,0,normal
c1b52322-775b-4ffb-a2b7-2b2c54c6b0a2,2436,User_353,User_302,2600910,14fd07f178b8b0165a4ebf88869c4ae42ce3f877eca6b149a56d918c665a6130,2027-01-20T17:38:35.828412,0,normal
b15b6314-1ea8-4776-ae29-3c7e3e4059ea,2321,User_295,User_287,2244682,de0420666f7a24e4b2021c7b6f81f50951bfaf7a7fb5961ae2992314f1b788f7,2027-02-01T17:34:15.828412,0,normal
59b86460-cdc2-4582-9d5f-8eb869f492e7,1494,User_100,User_114,1014567,1230ddbcb13c0e63549073ab40ad55b6e0baf0ea711d124aa073a8e1ca66d407,2027-08-01T11:17:21.828412,0,normal
36e5df94-2811-4744-9718-7f26c2934a74,2251,User_359,User_374,1765492,e11f846953cabb8ee3189d5795f2089de9972ff773d800f22cce32c9be711b8f,2027-06-11T05:30:19.828412,0,normal
92f8bfa2-0b2f-4fe6-b8d8-ba3f3ddfba10,1971,User_352,User_358,990046,a446d85ec446617ebc148160377cc7e907cf37bbeb194fae17524d7e7725a164,2027-04-01T05:45:36.828412,0,normal
78a04401-18f7-4c04-8fe9-e67c41bf5577,1864,User_155,User_240,4075437,1650654aa968d235b1c5722ce631d2e815007419bcceb319f457ce92b6303842,2026-11-10T22:31:31.828412,0,normal
64276147-f38a-4faf-a68e-cd9571899b2f,1448,User_440,User_369,1488622,4e86d149450a06fcb33015f380df12ed7c1996168d42f41067865147d5403387,2026-12-27T11:11:35.828412,0,normal
4856ad72-b514-48bd-a6cc-38ca17739695,2831,User_417,User_461,1089621,1a2e8b55baebd3e40930b91c50f546f52bdcacd3f16cf2e152a9288bff35584e,2027-05-31T00:05:54.828412,0,normal
1f680579-43e3-463d-82b6-4264f6894390,1609,User_294,User_487,4370534,9a1693a110b0a9e670b7dfbd178372bb5ad879fa9bbdccd1b2449a924a16e453,2026-11-13T22:48:59.828412,0,normal
20639a2b-057f-4215-8124-8bfee18b0809,1978,User_410,User_393,3535570,0a9c5441d9b0e7a23f2332a1cab8a39c6f5326a5ad4f6c12ac5ce2b1ae319c86,2027-06-12T19:32:45.828412,0,normal
3af70b7c-51a3-46ee-965e-b7542eebd8fc,2448,User_139,User_303,3687047,d067c0fef653b7288a4532a99ff238063f2101a8722d6a72e26f3c4caee8ff48,2027-07-08T18:35:16.828412,0,normal
0e48ff36-ea94-447e-96f0-9bda3a3d36a4,2621,User_91,User_376,4494985,9a46f4620754e6cb7c9a77946d0dd25de32d4d09fa85180f10c372d62d32961f,2027-04-20T21:24:52.828412,0,normal
bd57bafe-c1dc-42aa-a609-88dea991b919,2442,User_406,User_412,2428072,e730486d447cd15c2ba99108b7b862cbe729ad16a082ab1d7bce8a4428b9dcab,2026-11-18T03:57:30.828412,0,normal
2a2419c3-b97d-42b1-a7a3-96a0ec5220e0,2544,User_282,User_130,713353,f8e7b17b71277d756bc1d90c085ed8e6d188ee6a0d2bba17f6d5213959611f16,2027-05-22T19:00:15.828412,0,normal
2340c7fc-11a7-4ed4-a390-b58b9330c917,1031,User_195,User_191,4743430,282a32a3470777252dd0c1dba759efa6aa0a3dba8cab14f8c6aa93a74a41d611,2027-04-06T17:18:36.828412,0,normal
f900140f-e0fd-411a-b594-bad1f2a2fbec,2578,User_414,User_494,2853699,7d6bfd1d9e813103949c5dfc78515360579b6ab7997a4f51f7423ced56ea26e9,2027-01-04T21:33:06.828412,0,normal
bfd59333-583c-4dc9-afaf-945059e85b07,2553,User_169,User_297,3451016,794692cb0fe38788ddbea8225229eb35dc6b6e4dca876418e6ebe6be604b7668,2027-05-22T15:49:09.828412,0,normal
e508a571-0e58-46cc-b4ab-f0210d517c65,1962,User_129,User_176,1141057,176e227880b1ac9ae5c6fbe78bacbe156beca3deb40ce697156a9729d0abb9fd,2027-05-02T20:23:17.828412,0,normal
8cf9d1ad-d4f8-44cb-90d3-11720dcbf520,2849,User_67,User_50,1366059,f72b44e39fb2a0ba05539756a2506b6fa647e3fee84d324a01a93071746f523a,2027-02-09T21:17:36.828412,1,duplicate_document
4e721a05-0fdc-4721-aff2-4569e1ac4653,1645,User_412,User_279,3759208,6821d9192d77726eca599bbb8d5cf032082984df8ad05dc5922cd2d66472afc0,2027-06-26T11:54:35.828412,0,normal
f54099ad-a860-40a5-b7b0-6ca9a8310665,2042,User_11,User_50,3439510,85b957fe8c5b6f127b53bdea7b48c46b531f53230e955a1301439179fa5e1795,2026-09-17T08:33:52.828412,0,normal
1f6b640f-c60b-41fa-b49d-d432c0ed7d8f,2753,User_361,User_498,456165,5418bca8d32ee637b14775ac054e9cc29a95dd90388241e815bf884bda1e6b44,2026-11-29T21:42:53.828412,0,normal
6c1364b9-c695-49df-bb27-b8d52c30a9be,2174,User_477,User_369,291084,d71ab9ddfc826fccdeb238951fbfddbb027ed983a28c85d688c9a1b2ee73e347,2026-12-07T21:08:29.828412,0,normal
f7aeccb6-de92-4158-ac63-d4143928326b,2759,User_122,User_389,724654,a143524245183ba10860e7521403b3083b316d7a2f7500267822a0af7094a2e1,2027-04-01T06:44:32.828412,0,normal
9a89296c-6a7c-4410-b89a-fca68c1bfe05,2796,User_83,User_151,849239,684fd6638729897dba36a7154f20ca31879e05fa54a5b005d935df2e916b0c15,2027-01-23T09:01:45.828412,0,normal
6ccab09d-bc72-4f1e-ac13-5582f527a815,2718,User_164,User_56,1430173,f25a493ca42e2b180bc4d460e5a5f4e1b9ac6ce179ee16c51c7978f5e655cd3d,2027-01-04T08:32:07.828412,0,normal
932e4c67-3ab3-477c-81a6-7eadbd4a098d,2104,User_59,User_309,3054524,cba611337a868234c8d7c2030d90d63a9ead3b70fa9794a7b824cb1dd7e721ff,2027-06-10T14:20:31.828412,0,normal
e0fed03f-98f7-4017-84c1-4148ed3737e7,1044,User_398,User_77,4350912,eedbb5fd423aeaaed788ece4db04d5b5b6009b186732c36735866b6b3ff5f874,2027-07-07T18:52:32.828412,0,normal
16e5fba2-da67-4fce-8e5d-b62daec1738d,1843,User_209,User_41,2787395,b3a8427b410913aefc7b7a32f9e83ff0d393f295c2cbd3d1539c854c6150ab08,2027-06-17T15:29:16.828412,0,normal
cef9b1c4-283f-4f0e-9b6a-54d0f37f0ba8,1984,User_369,User_122,3583539,78af3d8f6716cc227efb2cceedf5bed6cca1d70f2952bfa8a4938632a029f8d8,2026-12-13T01:16:19.828412,0,normal
2ba1b898-5df5-44e5-86cc-99c2b0228bbb,1816,User_27,User_8,3815629,d712a79fa41740cb6f44858d30ad5c93de3ea453c7271eb81ef4a7c3226ae1de,2027-06-14T16:42:52.828412,0,normal
2fffb916-9b05-4b63-82fb-e284ff090431,1555,User_456,User_221,1972735,5cf859f92e7b7207029005e19470d24b59b528a8c3e75e9c4d6d9eb6d5a93c43,2027-08-08T16:22:00.828412,0,normal
9f4e1f93-c56a-4a4d-a120-5763a9bf2315,2981,User_468,User_27,1117911,6d7a47394a6004a11777048edb7b14915aa72b73ca6ae9054ce3d02ee6971c03,2027-04-09T09:49:04.828412,0,normal
5e6e3661-dcf8-4074-8d41-5458511ad225,2820,User_147,User_406,2486020,cc903de1df32d604a82259c30f25511961dba190571de5c9f70153afcec01e7c,2026-12-29T13:21:19.828412,1,duplicate_document
2bc79cde-afdd-4906-ba33-847569f08d6f,1462,User_67,User_162,4563495,e8bf0acc252b59e8845a19c7cfd0a66f7dbe3868bbc1e69c35189a8fd08829c6,2027-03-13T12:24:11.828412,0,normal
692c6ef6-02af-4259-a6d3-c340d8187428,1651,User_169,User_44,4285609,13d7863800f0d505ba4aab8a7da9798b3e55f86e912bde11d2aaec42ebd031f9,2026-12-30T21:48:38.828412,0,normal
26aaecb8-bdd2-4924-9e86-2c98e7e742ae,2350,User_166,User_387,4240943,67622b1bf0488bd7a4e3db912bb30acd7f1607900e405c2a72e14707206eae6f,2026-12-01T11:55:16.828412,0,normal
95810822-4f85-4f8f-8190-87740168001e,1019,User_322,User_68,1498140,7329e0d09b567164f66dcae32f77d1932359b199ce1966d7a1145d1a797f0c9b,2027-03-12T21:38:37.828412,0,normal
676243ee-043d-42c9-bb1c-9c23cb0ce6a5,1630,User_355,User_50,2104833,bd7f32146106c415bf77aa1e4771ccc17bd2709eab37338fb260815780fb3037,2026-10-17T04:43:26.828412,1,duplicate_land
3ec55e4a-7e5e-4d26-83e4-9f42426354ce,1222,User_47,User_165,879222,eddf8619bd2a1178544af622d16d92f3d18c05cfbdfe0e9392ceebbc28ff95b9,2027-07-24T16:05:37.828412,0,normal
e2aed351-bdd0-49aa-a331-dc34e34b5f50,2090,User_201,User_454,2475769,b40e70884865849d3ab80dd1f98a1188feec0c6ed946952accc4f9cece92763b,2026-09-25T01:09:05.828412,0,normal
c964c779-021e-48ac-b6b4-8c3b24147ba5,1278,User_319,User_346,3341085,a854162bc6d26dd0833289401b2b8c94984ae9bd7162341f79ec5dcab1268821,2027-08-09T12:40:24.828412,1,duplicate_document
3403c213-e8eb-4272-89f8-0cdbbc7a2109,1473,User_336,User_229,5521936,655af3f0251a1c6cb9d7441921c2d1c232174e0386099f4a9e203a5ddad1b8c8,2026-12-27T14:14:37.828412,0,normal
b364fa14-24bc-48e4-825d-50ca4722f501,2602,User_216,User_237,27750,1541358efbc68fe1c701bb61a797d437ce9c84e0a86965381cbba116644b71a2,2027-07-10T19:06:17.828412,1,abnormal_price
bb021456-a1aa-4e66-98db-ef2814606ee3,2637,User_3,User_302,666871,90045d3cc9f7a70cd9658deaf9811df1963b908a72f8e1885b9476738c8b7121,2026-09-08T21:29:05.828412,0,normal
abe28b0f-f3ac-409d-a4cf-c9de07a92b64,1696,User_125,User_335,1887419,7cfb6fb1623884eb7f960a88dd6c3066343a16a651dbde4d7869c05c3eb31150,2027-06-17T00:30:09.828412,0,normal
1cda8a27-250e-487f-a9c7-b5e4781ca791,2287,User_96,User_129,803353,071595b1563520e077c25849be087b82d807580fc0e3b4d88d3db5a244b00f31,2026-09-26T23:27:00.828412,0,normal
6ff2342f-575d-45e6-ae06-c8b63af7cfe4,2778,User_153,User_333,3719038,53db0be38347856953c0d5973f0f2b56032bec63ed4c9ecd725e7148e599fbca,2027-01-09T14:56:58.828412,0,normal
c8dc800e-8811-46d7-84a1-54f878d79179,2843,User_228,User_149,1740862,b3aab48cf38ad464fcc52160c86dcd9ca8d900b1dd97bc0c58a20e224ed6b6d2,2026-12-05T13:01:27.828412,0,normal
d1b862db-46ee-414b-a64f-fef15bc3c83d,2975,User_273,User_409,4386523,5d83ee182678ee691beb443ba4f0e1ed75a80dac762fd6f55e851dbf255141f9,2026-10-04T23:56:31.828412,0,normal
a9ad8cd2-23ed-4558-af4b-32dc4623a7e3,1236,User_442,User_348,4599171,6c4826e2574f4a55f01b66afabe59f89ba5718de863878495b9fd67bcfceaf6e,2026-08-20T05:00:41.828412,1,rapid_transfer
b2a205e6-bdae-443a-8b61-4b166b07f27a,2975,User_409,User_246,840910,5d83ee182678ee691beb443ba4f0e1ed75a80dac762fd6f55e851dbf255141f9,2027-06-05T12:11:29.828412,1,abnormal_price
9ca09cf7-7b89-4aeb-a92e-1a93e96d8ae4,1875,User_229,User_228,3917306,7d07da4b3af173a820fa396a0c2f84d2fa388b24f9186edf996c186ddbfe8e48,2027-08-03T08:21:10.828412,0,normal
aa0ba3dc-acd3-46a7-ad00-8b0c63e8f858,1765,User_232,User_108,283185,6bebf350d077a9d9497987b3d76317e587f26f0c8495f3065cd23cb3f762933e,2027-02-04T00:17:48.828412,1,abnormal_price
1bfc5c2f-00d7-4e33-992e-2a7b09a110ea,2756,User_220,User_47,4976834,60d9f84cad6bd3876ad1cef95a4277437d7b0dea7a456b807e92bdc77d8c32a4,2027-04-04T10:27:44.828412,0,normal
bf2fb105-13cc-419c-80c0-a904f892dbde,1306,User_372,User_433,1313865,b2a2bd9bdbb6deb1684dab6bbff97b48cb7c64bb40052408fa2546314a4b2410,2027-06-16T12:47:37.828412,0,normal
2c677ca9-820f-42a6-b989-c1d302907c9a,2972,User_306,User_388,3612206,b3c50e87f10b65f73c34e98a45a54163e0bbc7eebe3a1f5a19548efe730eef01,2027-08-11T14:05:48.828412,0,normal
272c90e1-c4f7-48d8-a5e1-dc3312af20ea,2577,User_418,User_91,5048857,b038191896c782408c694ff6c124b240b17e882a157c168c5d22b18e500c3e46,2027-04-12T20:52:25.828412,0,normal
284f5475-b837-4b58-9b4f-18ef03eadfe8,2820,User_147,User_87,2529130,f0eca9e128eebe234babc2c177900b707c8ee0bc14e8e2ada79c80bc0522790b,2027-03-26T01:49:25.828412,0,normal
a0dadb2b-0bfe-4f3f-bfb3-636a18be977f,2716,User_177,User_22,3483499,564355ab32c810177982b5dc4213b2bc5c8e89de1d120fe41b0c6873ed6f2cd5,2026-11-02T11:18:55.828412,0,normal
0d75a29c-48d8-40a4-8f14-ea610ac7183f,1222,User_165,User_284,771249,eddf8619bd2a1178544af622d16d92f3d18c05cfbdfe0e9392ceebbc28ff95b9,2027-03-20T17:17:25.828412,0,normal
6a51771c-b1ee-41a2-b154-057a6c51032d,2758,User_191,User_161,2175730,4e2527623c0dab5fbd495cf7b01d33aeacf924547ce3a3649aac61baaaac7266,2027-02-19T19:23:25.828412,0,normal
7f20a0c7-a0f8-45c3-9760-883061c8f620,1040,User_496,User_161,4209956,95e8a74fcad8106784ca9582fd83ef5aa8ca03828f00c1116f686afe96cde068,2027-08-13T13:08:18.828412,0,normal
b31440b5-9eeb-49c9-a07a-c9bc80c9451e,2137,User_353,User_350,2158171,9694658f3767fc88f742ed8d50736a3372460c70eeb23a7ebc57bcf08f929eb0,2026-09-16T22:03:14.828412,0,normal
db914f31-170d-4c8b-9ca0-b39e0f912abb,2880,User_364,User_219,2333475,da5ccc0f77514607761a21447216689b254bbc9db722d79dd4ab56f68a770361,2027-04-15T18:08:15.828412,0,normal
d4382025-1b3c-4854-bc82-159959e41241,2691,User_187,User_320,21922347,301582428ad0d9d5720298f592af9fbd5bf67d04c53d4c92e780535f0aa019b6,2026-12-22T14:37:25.828412,1,abnormal_price
80223e87-b218-4ad9-a78a-8936af2c331e,1383,User_170,User_140,3927310,74186d073f36fb51e1a98c6f0ee6a38966a5cfab3e01a07788cf70cf789bb6ae,2026-09-27T06:07:36.828412,0,normal
41334953-14c7-4a8c-b693-c8fd446f27d7,2619,User_95,User_41,406157,0e17c078a56e3b724091036833077b42a771d150a774646162bb9ea6dab8efde,2026-10-08T21:20:50.828412,0,normal
edc9a665-3381-4679-95f7-d1e6747dd930,2356,User_271,User_147,3821204,850d07c6fdce1b78de033a677583a83cab22b92e81ff3afb47a8c727422342f1,2027-04-05T05:26:38.828412,0,normal
e9a60d17-71b8-4ed2-aa1c-ae4d8a590004,2893,User_415,User_215,766124,baa51fdf5db867483c232decc4e8caee9151c093c6facac547ef214d2d3d494f,2027-01-11T02:06:33.828412,0,normal
d0cdf9af-afa7-45e0-9bef-7dd5fdefc758,2787,User_19,User_352,4243887,f7b46defe28949a0417be60c5d6991e3001b948c05b26ca4515a2a857789cdd0,2027-04-28T15:00:44.828412,0,normal
109e98c7-467d-414f-ae50-cb43d57eb07d,1109,User_172,User_233,1431378,4f8c2967b5264cf0dd7127ecfe5e284cbc7fb3ab534aefb50e9add9d36a40a7c,2027-01-07T22:46:05.828412,0,normal
e9e4b2ca-69a0-4fb1-82ff-fc6ea8550162,2352,User_276,User_398,4670136,b40d297920634e73d74a07928034a7df225f33fad7c7aed7019f07d96cd6e634,2027-05-03T01:05:57.828412,0,normal
23b9b673-3e4e-489f-8c0c-cce79d758613,2934,User_129,User_314,2494784,98952eef94e488b6fe7433e3f5bcf8fc00289818501b93c612b18e923a411194,2026-09-06T10:16:36.828412,0,normal
3cb31265-c775-4c77-9e80-70a863aa829d,2912,User_430,User_437,2633028,c7e4ad1fa5119441afb2f30e0f20d3f329058df1726e441dd39c0bb0337daeb7,2027-07-26T23:28:22.828412,0,normal
6a4489de-b03d-4869-aa29-0060e4b76d3c,2184,User_80,User_395,3255278,d9384e65c03e6909e2a75d3c7ab32bce80c25273ce622dfca319d88a9aeeb348,2026-09-28T15:05:09.828412,0,normal
6a9e7641-7c02-4ae5-b887-a12b1c0e283a,2189,User_164,User_205,39476898,f323b1aa93590dd618b7046e4e32ef45bf61408e7bce3ba8e22147b1de3e8dd2,2026-11-20T21:06:39.828412,1,abnormal_price
526c6e1d-11ba-45d5-a0b1-e3759d245349,1176,User_294,User_357,1749205,8af13de5e163321d32671da371eb811d2ac42697fdfec6a483c7fa8f53b4d69b,2027-05-24T20:51:26.828412,0,normal
370e202e-5605-4f80-8cd9-b66547366f83,1304,User_1,User_412,4644610,3fecfe55bf7c593206e52a5c05c891d7cfaa097594a5a5b0da7013645dafc9f8,2027-07-19T02:53:43.828412,0,normal
e3903a84-443c-435b-b4b7-6d0b82428db1,2783,User_396,User_444,390409,f30cfdba7a54b4b4a1d994d37d2b34247c16994e16ed832f93c9d6c06b69fce0,2027-08-09T16:35:35.828412,0,normal
e519db53-894a-46f4-8cd0-314a8abeb90c,1159,User_471,User_64,922386,92502fcf103bdf331317ec857b6fdb8a7c443bd56bfdb539f54789a815575599,2027-07-23T09:02:40.828412,0,normal
c484fa4d-8cd8-4ad2-ba3f-63a14ba43157,2678,User_138,User_301,3531051,988ff224126a6743b6b838adfa0457a4401342de789d59359403335edff4aef3,2027-03-26T13:44:58.828412,0,normal
42a1bfaf-3920-4e3c-8833-44410d3fe139,1784,User_27,User_179,3491203,66bc5d999113230f0a23aef14f7a8a55241c02c487d8d483c160e2326993c0f1,2027-06-18T23:02:36.828412,0,normal
982348cf-33df-4ec9-91e7-9d0f9263b572,2054,User_479,User_56,3530950,dc231c211a1524e6f515ac55203b1e767d8c2483c4da10003eb94a8321735b84,2027-01-04T11:47:47.828412,0,normal
3a3a8cb8-327c-4df9-a1d8-b08d754aa7cf,1629,User_352,User_486,1963119,b1ac85218a086d18fa165788b6223843cfbb66c4b46965ed241825027a1a7197,2026-11-07T11:51:33.828412,0,normal
03337ab9-88b4-4b8b-89d8-51d65e1b13e3,1381,User_47,User_477,2243115,acc817ddfcb242fcccb651a8d60820d4c323cbca8fc546eb60f3e0ed8ac06296,2027-06-20T11:44:00.828412,1,duplicate_land
4e9b24a1-4d6e-417c-b1f0-c0cdd5b6fee8,2013,User_404,User_269,1449746,bb8557d6a086c40920d8e5900791ddd8e7de158a8efda75a6622361c776ee7e2,2026-12-05T07:23:27.828412,0,normal
34ccc51d-10ea-43bd-9af1-e7d9f74ed75b,1266,User_218,User_320,4217014,68c19165d3b227a0608443956407e6cf80b839d8dbed8de6e9075db159ebc012,2027-06-21T03:10:19.828412,0,normal
af6487d0-0907-4285-80da-84d2e88ec9c8,1161,User_235,User_496,1926004,a02ebeb711b66ca1c363b8547f848b43495bc347ee547b7f3f23be6896255207,2026-10-03T04:29:53.828412,0,normal
4ddf9bcc-aaaf-47fc-8ced-e3efeb458e3e,1163,User_209,User_401,582814,6a894277c45df8a651e1f9f8f85bf655fae6999c50d438b77e98d4e8eab67beb,2026-08-21T19:45:10.828412,0,normal
49033e53-ef0a-49cf-9910-ac0924303227,1479,User_220,User_405,1087807,564355ab32c810177982b5dc4213b2bc5c8e89de1d120fe41b0c6873ed6f2cd5,2026-09-25T16:27:22.828412,1,duplicate_document
1df04071-ec62-4501-813e-34442a684676,1880,User_197,User_470,3601237,744c86813f2e2dcc1e046a7f1d1178b82f7af157fcec03eb6ce86768863aac6b,2027-04-03T07:08:57.828412,0,normal
582db0c9-ca59-4ea0-af1e-aeb8e3d80105,2808,User_464,User_229,4030236,b51aa706fae6108948b28f46ff169355fe17552a004ddd02553e3b4cfe785a7f,2026-10-24T03:44:10.828412,0,normal
62f0acbd-26c9-4910-9f4b-3fa944a59652,2754,User_76,User_27,20889677,113c43e43c88a1f22366cec11113b84eb428ff6813d41d72dacf9249401e8df3,2027-01-11T12:44:56.828412,1,abnormal_price
19d10e75-c3c1-41f7-9d1c-fd97c3f59cae,1530,User_159,User_444,5618303,c384db6ff45bc5f7d3a5b27459adc4cf0034682f6625fabd82b0763d9fdb19ee,2027-05-13T03:05:28.828412,0,normal
3c920bc2-4e71-49fe-a819-6a31536933b1,2785,User_439,User_157,1141992,699e5e71983f2eb53bdb8e9e91c7f0bdcb6a028816ae09430e0eb70abeb0acca,2027-04-29T14:06:54.828412,0,normal
a1963211-37b1-4b56-899e-df33c79b5c6d,1255,User_56,User_197,1127029,625fdb65ce5abb83a53f59e9bc6605363abfb26a6bc43b8a05b1d7347f1fbadc,2026-08-31T14:09:02.828412,1,rapid_transfer
b1b2fdd0-d99f-476d-b38f-604481b59804,1181,User_424,User_410,3807924,45a675def3054984e0db2b2cab82f9691e8b77cc8bafdfa5dc9daf00bdd99167,2027-04-21T00:04:00.828412,0,normal
de31ffbe-f6e1-434f-8b9e-29b81021b858,1454,User_127,User_122,3475247,345b359b14eb3ed5dc21684c13e045924195e1526db1a95453e1f5e11b8bf304,2027-01-13T12:29:59.828412,0,normal
15f1602b-07d7-477e-b126-f29e6136b123,2928,User_212,User_460,1242127,758db5423f8712e684e46077847d6128bd2d005ab10f3d0c5f9a91de42d422dc,2026-10-30T19:33:31.828412,0,normal
b27800ba-5423-4e02-bcf3-25c689980eae,2699,User_310,User_367,4592927,c029357d75f7becd86d5d1d922367fb8a2015b1cd195a49289db96c916de8104,2026-09-22T18:07:40.828412,0,normal
11f1df85-a83c-4498-b6d4-7cfa84a28585,2268,User_215,User_362,3414225,3202eae835011a4defd8353587fde022eadd2277851cf0036bf32a8db05edc26,2027-08-11T11:26:02.828412,1,duplicate_land
6b33bbe2-1a32-4d3f-a151-86133c3fbfb3,1047,User_76,User_143,20133228,8dabb2b3995212cf177ff9656a4fa8891d760d06075235e29d74ccdc9e98cc48,2026-11-05T18:46:37.828412,1,abnormal_price
98fd30e1-3f71-417b-ae90-aedbd25ce529,2579,User_78,User_281,1463793,121e496e97b5a30d08e34e4e4cbce68ca95f28bf97972915047d08173a7cb4fa,2026-08-22T01:35:02.828412,0,normal
06940597-e229-4871-89b4-808081247eb5,1668,User_402,User_238,2582432,74dca54592bc3422c08b18f1ae00c4ca1107a38215c1454219ce2e3280a96fef,2027-04-02T22:27:18.828412,0,normal
6358c3fd-c629-4dfb-a3ec-672d15f72779,2560,User_116,User_176,4726244,55421496812dcde0167da2f16b9a24c9f90a601a30a4168d4e39071dfe80ccbd,2027-05-19T13:25:41.828412,0,normal
34cf9a90-1e1c-4a6b-8d48-18d329250b28,1261,User_151,User_25,3284316,0c3b02f95e63807f9e2ef6c0fa779542bb818305f71eb0e779b0c5ffc3fc9f8d,2027-05-31T05:29:19.828412,0,normal
976b1721-be31-4540-be85-2022b010e676,2796,User_151,User_161,1886907,7ba556b6dfefea3595480e148358e06d832bc4f83d2c9be6acc39972dec47593,2027-01-04T17:01:51.828412,1,duplicate_document
4988b643-cf44-47d7-bb55-139187e2660b,1246,User_227,User_277,3190091,0bff9838834302a2b57041d7891812335f7d356c1f8dd9ceb4dae0d6fa580736,2026-09-21T04:19:18.828412,0,normal
784101a8-ba11-44eb-9cae-6d465501ace1,2364,User_487,User_385,821547,fd80ea7f198d2a317149ea54bbc2550d2e4ada93f621b80dcdd5ccae23ba704c,2027-05-03T14:58:34.828412,1,duplicate_document
bc27e9b8-db52-4787-8a92-3a1a981eb3b7,2282,User_57,User_365,1496594,7899fd649e4228feef4e8524e6a451d1d05e554597026b99104fc05e094ff5c5,2026-09-07T22:45:18.828412,0,normal
6916288c-942b-46ee-9acc-72a012202814,2122,User_485,User_179,30000,fb74de78d064a1abffa2d4a5e7d00a3c9e9c0bb22cb2d54582cecf645b8a47ed,2027-01-26T05:00:38.828412,1,abnormal_price
2a317604-40dc-4198-a0dd-440e3deb80a8,1213,User_363,User_28,1965011,4ebc559fb6c71c33bb928c373a797e1f6c1bed434c2989a5157dd302e690ecfd,2027-04-17T12:26:34.828412,0,normal
b5deb8b5-89b8-4165-9849-bf546bf48ce9,2905,User_338,User_457,2510920,cbcc0dd80bf32f167f58ceb91262c01383179663de15706e91d7298cf99cb2ce,2027-07-23T08:28:08.828412,0,normal
72f36898-4f3b-430e-b23d-40dda7b62e03,1615,User_450,User_240,428362,47337ec2d09500a98c8a3ea604569711184c9c756aeb9f40ee0f279cea3aaf94,2026-09-24T16:40:39.828412,1,abnormal_price
72b491f2-100e-4fa6-9210-04ce06bfe063,2661,User_395,User_22,3173077,11765f81c594efce4daca9fdd1a84ceb2b1f82333818bb330f09520598756949,2027-01-09T15:11:36.828412,0,normal
4c82f4e5-9645-4d3b-a17f-84d3f7f29a11,1191,User_160,User_218,1471532,3b6fdb8b75ab7ce5f0f431c380a230f7e63bb800ce1616f2e8f27b14c8593c32,2027-06-21T15:58:46.828412,0,normal
f5ce8e3f-efba-415e-a1c8-5b3baac6bcff,2394,User_188,User_126,3714985,030cb1bd98d4fa1acb1f8e40982e363f76beb8574c7611ab621e259bafadc996,2027-05-13T21:51:52.828412,0,normal
054eab87-ef3a-422c-b9ba-aec6156a5ac4,2261,User_34,User_298,687417,266ad4255de32f3bb027d4adf1ec062462a8319749008bbc9acdb630fa34abe1,2026-11-06T21:54:08.828412,0,normal
94961cc7-abb6-4340-b75b-1e84a02b24d5,1066,User_403,User_70,2505743,fe9c123cc45151533d9a4db98417a4f7884e6ff288645a2b81bfd7b6b73ceb43,2026-09-02T11:42:45.828412,0,normal
5e564ca6-3586-4eea-b63b-b8e0c46eaf3c,1444,User_134,User_394,3491912,e609eb0bbf8bc04d320273de4242717ffdfd43585bfd03c773e0c461b7beeaa6,2026-11-15T01:21:14.828412,0,normal
ff919b80-f435-4d4d-81bc-9b3ac9f66077,2292,User_44,User_334,236711,f86481b49741f79e002a851b6bf99d1e4f518d75d6fec6df3351a69983bc9506,2027-07-13T09:16:27.828412,1,abnormal_price
72c43999-f882-4196-a08e-133a3fe08c33,2726,User_294,User_469,3034029,df3c624908bd906bf3b0ff891e99a896cf084f598663234949cdeb949b7ee8d0,2027-02-27T16:09:11.828412,0,normal
367f2757-f9b7-4deb-8b8b-efba501d8793,1534,User_459,User_171,2496509,5cc3cd8535f1450e2aa4b80008258e162fc8627714ec007bdd2c2e4e02459a81,2027-07-02T21:39:29.828412,0,normal
48d8cdde-758c-4f98-9671-f330583dcc3b,1670,User_212,User_224,1926328,a30b1330454cc50777eafaf5eb3518b7ac41385cbe245d1d88f0b37e3c14d52b,2027-01-19T18:34:55.828412,0,normal
16af808c-50cd-473d-a401-e0f6b6c6a29f,1380,User_295,User_300,134236,4b51f98e5ceabb051695d01512da543beea703017dc38e0e517dc4193d17e8a0,2027-05-11T09:42:14.828412,1,abnormal_price
081d7a64-f47c-40bc-863e-82358a291275,2080,User_259,User_2,3193896,fd80ea7f198d2a317149ea54bbc2550d2e4ada93f621b80dcdd5ccae23ba704c,2027-08-02T09:31:56.828412,0,normal
5495fa3f-f821-4360-8df3-15646a5334b4,1970,User_35,User_231,903485,68700c956d92e55376ec702f6fb76ffd7c427365804b2d776af1e6705f8d5d8e,2026-09-14T14:03:50.828412,0,normal
935da054-365c-4710-bd23-e572cf9767ec,2785,User_157,User_18,1004592,699e5e71983f2eb53bdb8e9e91c7f0bdcb6a028816ae09430e0eb70abeb0acca,2027-05-10T17:12:18.828412,0,normal
6438085f-cbc2-45e1-ab22-bc4652e626da,2840,User_442,User_415,390927,2336527cc4ee31a68bcdf1dd912164e26c45800ef5db1d0302e0309b5337d5cc,2027-06-26T05:17:18.828412,0,normal
a2795e6d-1242-40b4-89c9-560238a02dcb,2755,User_168,User_401,2825235,fe80a53df07b21e29d9920af428164897264c3773a4caa6144d1e5705d3968e2,2026-09-05T10:02:12.828412,0,normal
c3cebb4c-06f8-4708-ba91-b3f4259a956a,2599,User_252,User_168,3916268,1340049ba45113a73784ef280ec6ec5a8933545a2e9cd9dc21d89be51c070ad4,2026-10-30T11:52:18.828412,0,normal
9b0054a2-a6ca-47aa-8c4e-673e95c7e611,2380,User_365,User_491,1727334,5498c6405bcbf2b983240f35c8c4a29eb5440c6f5c46d5714382de5200e50cd8,2026-11-19T07:00:16.828412,0,normal
58cbd74a-d78e-4621-8829-1f55211370f2,1466,User_118,User_156,2538922,275d808fabb06e08aa740e7e5f4e471db1a32bc20b446bae8da7f349812d0bee,2027-01-03T02:53:31.828412,1,rapid_transfer
2a8f94cb-818b-4849-ba2e-17cfc5c1a1c3,1731,User_240,User_31,4212844,c0d73bbc3b491561c48c0093e95eeb4235f0cd794e2ae1885f238970e41b4128,2027-05-23T09:54:28.828412,0,normal
3fac6490-8ee3-4b2c-8581-f9d49bfffd21,1297,User_143,User_231,1446771,47a56388757b149f35acf4509fef5e4c092d7f76722bf899ed5f1e299bdf2827,2027-05-08T09:33:54.828412,1,rapid_transfer
e0edee9f-d416-4797-82f3-115adc2caedb,1418,User_280,User_209,5331719,0ab9fb2486832ac5cf9d61ac8da783f171ac67c87e3861455556a46adf53aca9,2027-04-22T02:02:06.828412,0,normal
7ac9a2fb-1f60-4fde-9806-cd4a7263f180,2331,User_428,User_499,426920,b7fad1e87d2a8644406e3c3558adb3e425498f2f7d5b8448f4cf73277619011c,2026-11-06T08:51:20.828412,0,normal
e5edd942-1a56-400c-835b-cfd3c2d7bc28,1778,User_385,User_222,730220,0b8a1d97d1aa18095432efe19e92602ef563bb8ee2329f3f68507552129406a1,2026-12-09T20:26:40.828412,0,normal
b5ddb3af-494b-4a3f-bf4e-0ea885c71d3b,2094,User_151,User_169,4355674,be9026b047cab2e546509a2d69fe04c8fbcdfd36d75ea4a8b7e5befe2efd3af6,2027-02-14T07:46:56.828412,0,normal
111a2a45-667b-430c-beaa-a11f17301031,1257,User_447,User_138,3715968,162a34eee10a38c5397007e1081fb9dc148255a0d2b9029a406b31201c34bac1,2027-08-07T08:15:07.828412,0,normal
d8761f87-1b6f-4098-94dd-dad0bdc43b44,1487,User_210,User_380,540818,b722eb75ee82093949251b51e9f928a546ef114d629395a5a7abd1bdb0593f8d,2027-05-02T04:39:24.828412,0,normal
de687835-9d3c-4deb-9b2f-9c49999ba362,1151,User_318,User_500,564044,6f81b45d21a159833773d9e47019af64712a23df67f8dc38f678eabf42a4bccf,2026-09-28T06:00:53.828412,1,duplicate_document
5694a6b0-0a44-44cc-a25b-6e56e09e008f,1558,User_327,User_106,5393479,7221e36aef47b617048beb0a0ab1c1a41a87338538a6758a7131c731fecb270e,2027-04-18T14:58:05.828412,0,normal
3c60e118-0a32-4d1e-b361-2a9b24b1ebb2,1056,User_201,User_104,366302,4b436026ece06aed3a117d466bef179e707893438c0cb093140ad8e7d686626a,2027-01-21T04:13:29.828412,0,normal
a9744dc3-46b0-45ea-a548-3c07f1f76072,2554,User_57,User_259,3418821,a65e7920eade55cd0af4a0537553a7660e9b1b8d44426c2832530220a177c48d,2027-02-19T13:09:43.828412,0,normal
d9a7e6ab-b477-4031-9b51-f723cd71b8f4,2025,User_48,User_278,1986317,d8c89ba56cb474c4fda8e1750306b97cd08e3c01dddefa91cbb7788a521a27fd,2027-02-03T11:54:48.828412,0,normal
55ab3d44-814e-4ec2-b525-ab41e0dc7bc7,2473,User_108,User_499,4261033,7ac786b7b77d8d2508f74ba9af65f829547e77d09b3655288681609594ebbecc,2027-04-11T21:36:18.828412,0,normal
13fab640-8920-4b62-9d7b-50470aac3a69,2188,User_45,User_304,4663128,066b78f975f5d42d08d6272f127d91afe15673a1c57e0328a38eed2efb24e166,2027-04-25T05:02:57.828412,0,normal
7515823e-91de-4371-80c0-54ad94f1c9ac,2685,User_410,User_3,3824232,f44b474a7e4f75c04d99f0e1aa5f405c524dcd14e478ce16680d03ceee6e28e2,2027-08-10T02:40:01.828412,0,normal
e492a6ba-1570-4528-a36e-ade06ece8614,2923,User_478,User_188,872063,852abdc07d16260f39648f1def51f99e18154d7f37f061be71cfe832655b8d8a,2027-01-02T18:06:43.828412,0,normal
f2b8f420-06c9-44cb-9c31-15e6a9dafb84,1461,User_326,User_96,68081,a2879a2324537f6373d5999e7a896c97efcc68f7a44a6609c4ac4ad5636d32cc,2026-10-22T20:54:58.828412,1,abnormal_price
69b71f57-086f-4022-a464-e16454386dd0,2923,User_188,User_23,728070,852abdc07d16260f39648f1def51f99e18154d7f37f061be71cfe832655b8d8a,2026-11-27T07:38:03.828412,0,normal
cc236944-a172-45cb-a0f3-aecd4f43b869,1813,User_413,User_221,3852967,9e93b01e4f67702dd9ee59e0db06ff56ace42cdeb98fbeb93ad8bd6261f08eef,2026-12-20T04:53:51.828412,0,normal
0f47cfa1-3b0e-4b49-bda3-8c7ea68222c4,1620,User_497,User_2,3804679,63b527f1ba57fd616eb99fc5f70073243ca1cebd91b8f9f8ee11aea64433813e,2026-12-10T10:05:11.828412,0,normal
e42a2b51-b4c6-4a37-8079-ab678cd63428,2502,User_344,User_308,1150589,24cc5bc6d592d1bd312c82e84949e1179e3ff485faea094a8a130ca2fba41c12,2027-06-15T20:35:42.828412,1,duplicate_land
edd74026-18af-44e9-bfeb-be6a6e99befa,1701,User_429,User_155,3516623,bf987e2cb43ae043bc8c16585d1916ea887891593b70994eeee9d0c158d05507,2027-07-01T12:12:56.828412,0,normal
e6ad66ff-243c-418c-8004-5c3ad9d056b3,2337,User_380,User_453,5243051,ec38d3086ba38a77f3803213c0403039f87d2f7ef24dd1550b4675c9a235c4d8,2026-12-17T06:47:22.828412,0,normal
31c100c2-5ef3-4f26-8227-e7a9480aab58,2554,User_259,User_155,3961109,a65e7920eade55cd0af4a0537553a7660e9b1b8d44426c2832530220a177c48d,2026-11-15T12:27:06.828412,0,normal
3e7f723e-a0b2-436b-b553-12bd291a28cc,2071,User_458,User_366,508165,31bb93422ce740e91aedb65d9ae1d52e8b606c8939aad7d2fb42949d3ef1e272,2027-02-14T11:36:04.828412,1,abnormal_price
d2145e8a-2aff-4f16-b91b-e9c1674f089c,1778,User_222,User_193,6336097,0b8a1d97d1aa18095432efe19e92602ef563bb8ee2329f3f68507552129406a1,2027-07-27T18:41:09.828412,1,abnormal_price
c7154294-8a30-47ce-9970-2e60e80c8798,1085,User_285,User_193,2347577,da0eb4301afbc983ca2125a583500da6567473817813a903347c09378264378d,2027-03-15T19:05:06.828412,0,normal
c26dff54-4bbd-4303-b6a9-b8ddbffa4a33,2382,User_464,User_356,5165710,9c46a588ff68f6d77029ba18dff2b55b043abfbcf8eca2235ff17d9b52b11d03,2026-11-02T15:41:22.828412,0,normal
f573336f-4a49-4ce1-8166-7d92cc12293e,1861,User_195,User_53,3842692,fcaf24f123992ac203583abfa7b97b9845f017d444f8d2ac0a1a088f496f7f06,2027-07-04T21:33:07.828412,1,duplicate_land
57a1475c-c0ca-4b27-8064-de9cb216e843,2019,User_67,User_432,3358691,519a16d960839b750bf0a6f85608aed21b82259fe29100f70e69cb7cad9f1394,2027-03-24T19:35:52.828412,0,normal
077ead2b-4c29-4278-ba23-0ed1def9fcdd,2184,User_395,User_221,3671760,d9384e65c03e6909e2a75d3c7ab32bce80c25273ce622dfca319d88a9aeeb348,2027-01-19T06:24:29.828412,0,normal
dc3112c1-36dc-401f-831c-26e3a6c198f0,1239,User_223,User_336,3491193,b97b9c480c9376a4d78cd7cc8f83338b0a58f402b8f1d9a627b47a2ad2c1310e,2026-12-25T13:06:12.828412,0,normal
3e2d4a75-0368-4262-a0b9-2302257da699,1120,User_287,User_89,2167665,aec9ffbbc0de9c676acba396bc4267a0e20ef810b12aa5b9afe0b93b0f6b93e3,2026-09-19T18:51:48.828412,0,normal
c393638e-244b-40ec-b40c-ed7474729b86,1932,User_446,User_231,2738377,06b5286cd24f8b505aa72e6c6672bd262010e8f028c58298fd92fd5767ea7f85,2027-02-23T19:09:30.828412,0,normal
5f076a65-0101-43cb-ba93-21eca7b91f7d,2424,User_305,User_361,3996309,0a1835057dfe1fd422e3a8d5ec34782cc766c388f3dd67f2db5d45b526a4dedb,2027-02-25T03:47:13.828412,1,abnormal_price
7a73797e-94d6-4089-a344-59a74abfbb64,2646,User_500,User_258,2202962,2e009151ce09c8b4ca8a63ce5e878f5c83ce007edc6c0d599a6c7108f7db2308,2026-08-25T12:33:40.828412,1,duplicate_document
bba34ec2-7076-4020-9111-1c62e376d04c,1285,User_355,User_426,1792944,f408c33cf51ce69f5f90b6c80dcc23d1af90c6bc4c79a74ef328298da0a9a18c,2026-12-05T15:26:30.828412,0,normal
1845c50f-7330-4836-b8ff-47ad9abf75db,1873,User_152,User_336,2284930,163e373c163fdaea18a8c18ec42c066ae8bc65016fca6c2d24f8515a50c6c091,2027-01-10T03:45:45.828412,0,normal
c94fa8e4-7664-4af1-bc55-5f101798b489,1863,User_37,User_203,698567,81336ac6eb4001fa54e8b82e0d93090b3f8baea0e1084d861626006f78d437d8,2027-08-08T21:47:09.828412,0,normal
00a058a1-6d2e-4677-b2e1-888440fbf2cc,2757,User_9,User_333,1378307,a68d384c21c7cd91d11bf5659c04eebbdcf9cec5bb2717960d8ab35f3b90ab05,2027-07-21T00:22:33.828412,0,normal
efd7bd96-8035-4e51-94e9-bece15fd5f7f,1676,User_262,User_281,427059,5e31f3862fa1b0ac654955b55722db4920f4031229ca59f83820ee42a774f9d8,2027-06-08T19:23:08.828412,0,normal
2f3f17fe-5a44-4282-82db-92d75efe0e07,1221,User_9,User_177,4175524,1af7c0aaf7f7c0fc612797a347a471916bf0d9b257fe35d8943289b84ec4af5c,2027-01-24T08:14:01.828412,1,duplicate_document
cb8f36c1-8180-47ee-9973-7fd4b7b22339,1241,User_72,User_37,1037871,fc04a4f21bd97315807485f39b95855894b72beb4053c45524d23b4878b016cc,2027-06-30T04:31:20.828412,0,normal
c1847545-cd54-4fcd-bb34-f000d84813d7,1892,User_112,User_82,1015310,1343fb4d4315d856ce25d4d4f7831db4e1c72e4007ac6cdff88967afab9dd1aa,2026-08-27T05:06:57.828412,0,normal
dfcb7d98-0eee-4f2e-aa7d-35e019ce6a88,1202,User_102,User_90,2231247,fe431a98b6ed5e8a95f063f8fbb3fe33c4eaa90e6a3eb7276c0c93b12d52bf5e,2027-06-23T05:48:15.828412,0,normal
b43bdb64-c29f-4c41-a64f-0a6bf4676340,2711,User_128,User_472,1650509,aa13a14b51a4d13e01c4aaf87f0fa47f6db483588606bc14b54b27336fd19ffe,2027-03-06T23:08:58.828412,0,normal
766dd092-4dda-4967-a6f3-691ab306fe30,1351,User_325,User_169,5332345,495fc20f6dcd4a0998e1c0333f47480e0258d6070db4ec9c472be1da16d8e1cd,2026-11-10T02:46:14.828412,0,normal
fb61c056-27ae-4155-88b1-4ec009c07da9,2990,User_283,User_107,3866804,e6fe063217664ea620713a6bcbe522c1250efebe5246c3986105b353f9015481,2027-04-22T13:48:46.828412,0,normal
7c454e2c-bd35-4d6a-ad2c-cc2aaf569a2d,1474,User_118,User_269,3476558,e1a4a2f8cf50f4b2a8817bf7deb6802bb98a817bd3191e3f43553898a9844d04,2026-12-11T14:16:34.828412,0,normal
b54ebb0b-c079-4ffb-89fb-493de7f97ed4,2709,User_400,User_328,2775094,ee017e3982482f2ff22b4748cda8a56fbf246f8b747337abe686dafc6fda30f3,2026-08-16T08:57:01.828412,0,normal
987185c6-48c7-4c3f-bc5d-9cf9d9f35994,1003,User_274,User_485,3813474,2f40c5c13ab1cb95468d2638fe86d7fc09227a89dbcba0f74ba8f90b03c788c2,2027-08-12T22:43:09.828412,0,normal
bcc307e5-32c6-4768-a449-febebd6b3262,2658,User_268,User_491,1780186,5cd44f987f483236fc21a02d832fa0ef80a349b9b9749dd6f39100aedb6f15be,2026-12-22T21:59:21.828412,0,normal
f0483fc5-cf6c-41f8-8193-3b08428f4ff5,1172,User_292,User_113,981849,7610ed09a75599f4120f10574cdfea7a30a22ac2c0a1ef2fcb3b7bee7bb3c5e3,2026-10-18T12:10:13.828412,0,normal
61c514e0-5186-405d-91c9-1d1572df9701,2887,User_445,User_398,971209,855b6d476bdd0201f000c375d48ca4df2aa7338c2813ccddff3f44018f7b2889,2026-08-23T15:34:17.828412,0,normal
a858c290-ab74-4401-b085-2f39a43c7ad4,2993,User_257,User_25,655713,bf9967639af751f6a0c079127b8a58f3aa93fa73b492dc962d2252db522fbd14,2027-02-18T08:17:01.828412,0,normal
03ba07bd-2e40-4749-8700-86a9ce491c2a,2127,User_396,User_66,1547634,2a247a35197553e6f644323bbe0559c1676f889d4e5712b72b5f74c96722fe35,2027-01-16T00:05:54.828412,1,rapid_transfer
6021c4f3-5bf6-44ee-b153-99112e7008aa,2709,User_328,User_77,21559013,ee017e3982482f2ff22b4748cda8a56fbf246f8b747337abe686dafc6fda30f3,2027-04-10T23:44:21.828412,1,abnormal_price
a602361c-828c-4850-912b-8e4b05c2d5b7,1858,User_329,User_432,4131869,58894b6e11da820fdee8c305a64c4d49fcb25b1a744abf9417da321452656724,2026-10-01T16:37:43.828412,1,duplicate_land
c1fea8a1-f69a-4d14-9279-648dc69203ab,1225,User_12,User_178,17304120,cf0a62a1ec2b961efea87eff7e157fb2923f5a5a9114cc91daffd47d41bb9bda,2026-11-08T01:21:26.828412,1,abnormal_price
265b4213-0ccf-4c6b-910b-65ae41584609,2079,User_329,User_199,2556811,57869b45a6859938cb62ff5c513d4aedf580e6f9cb6f25c60e7845e3c03ff369,2026-11-20T06:13:15.828412,0,normal
701cd40c-d007-4541-89ff-11e7fa91d096,2508,User_494,User_338,1840637,610fb7b117c8c709c07821acd96ef66b9387ea629f723f5e041cab954b41576c,2027-04-05T15:58:40.828412,0,normal
6ab227d9-872f-4fa6-a02d-666c2be309a1,1932,User_231,User_185,2208682,06b5286cd24f8b505aa72e6c6672bd262010e8f028c58298fd92fd5767ea7f85,2027-03-28T13:51:53.828412,0,normal
87289fc9-ac5b-42ff-902d-6cb8c81203dc,1878,User_146,User_348,602710,59407dc0c2b5747fea464394a82ceb618506d068e9e429880881c9d445956167,2026-09-18T12:33:45.828412,0,normal
757364f1-0542-49d3-9378-133a55fc9928,2956,User_177,User_228,4107028,02e55595254ee43837fbb97b68c67cbe68bdf33cea07c61b49b9caf7fcb6406a,2027-07-31T15:29:23.828412,0,normal
04772f2b-2915-49f1-897c-517498e8faea,1068,User_198,User_74,14071707,16517dd1577d144f6c5dc8d899059daf268b0ec993b8e87fd9bc2b3509108176,2026-10-07T05:12:25.828412,1,abnormal_price
5aac122d-6003-417a-b1c1-cd0f47df8af4,1643,User_200,User_322,1692941,3944bfa760fcebea5053f45f3a38d5942da1b11f5073bc44836fefdae55cef04,2027-03-29T05:27:21.828412,0,normal
032b2a42-88bb-438e-9f57-32403427dd0f,1598,User_485,User_154,924005,0f9b701da556a5d3fdb96a30d67d06d6bb8233db0dc056dca7a1d051a6bcb5c2,2027-05-04T18:57:37.828412,0,normal
64328c6c-2951-4a3f-abd6-560dda46c94e,2681,User_191,User_475,4145724,651360a6cadd13264946dbd75d220308629e3ca1919df1ee88c810e4836176c0,2026-10-22T03:24:46.828412,0,normal
2a4e9a91-c0d5-4676-8d36-91ca6301080e,1122,User_439,User_441,856174,1135bdd42be1a1737134e704b25c1272556a06b315c11dfcac93290c3e829131,2027-02-25T06:13:31.828412,0,normal
d31b7507-20e9-4d5b-9bff-982c8763d6bf,2110,User_301,User_132,2921636,a59c2fd742ecb6598439369187acc99a139df0e8dd759add616d8a6c1169f0d2,2027-04-27T22:59:16.828412,1,duplicate_document
7b2bfcc6-27c3-4d17-a504-033a88492c37,1063,User_89,User_410,5259870,bd85e5bab7e6360d775a85a8bf32898f24415df5e35075a1720f3f5ec62a762e,2026-12-16T20:41:31.828412,0,normal
cb30de72-60d8-4eac-984f-3f7da4286875,2675,User_245,User_204,2239974,52f412b4ac2daf5f7054dc403842ff2215b688224e2a3ef8a692949bc0e5c352,2026-09-28T01:07:00.828412,1,duplicate_document
37ce64a3-e624-41ba-bfb5-bbb9a0562e7b,2281,User_152,User_383,2268788,894d79b998d5d288c8d8f6f37edeee1e3bdb1da73c372111fc1adf456d37af62,2027-06-24T01:40:36.828412,0,normal
31235114-1a93-416d-86f8-16a25ca00bfb,1201,User_481,User_22,2974161,55c147b7d5885c6c210b5ed452bb16144722a6b70d6abbcdd2718352d273e1b4,2026-11-14T22:37:33.828412,0,normal
8d51f365-b793-462a-85c3-1622ded3eedf,2854,User_136,User_89,2965210,a719cfcf2ed0aefde399656a90cf90c9d2449e54ec98f5f9bcb0f5403b92ce91,2027-02-23T04:02:29.828412,0,normal
1362526a-8af2-4273-9e29-a0e2c2be749a,1645,User_279,User_95,4277212,6821d9192d77726eca599bbb8d5cf032082984df8ad05dc5922cd2d66472afc0,2027-06-11T07:41:10.828412,0,normal
bf14fc0f-319b-4f56-b631-bae1275a3ec5,1386,User_268,User_210,3556540,a219d4750a939e9099813edb55d1a87cd43f83ea7809b1586a2e781165572e4d,2027-03-17T15:42:55.828412,0,normal
714d7088-b1b8-4e2b-9728-098723f4cb87,1225,User_12,User_304,2325890,cf0a62a1ec2b961efea87eff7e157fb2923f5a5a9114cc91daffd47d41bb9bda,2026-11-29T06:26:43.828412,0,normal
9708d878-2d1e-47cb-9008-a30aea7c648a,2830,User_355,User_197,1686070,7e4524148909b6f9eaa47c009bc5c2ab7a8392e12397f5da9f9425c5bd4c9f9e,2027-02-15T23:17:13.828412,0,normal
5d069d37-1873-4d6c-ae7c-8dea667c918a,1010,User_207,User_53,453418,03acb0a157350fb7f824dd668d644e6802be27e6aca9b9eeb71460057943ee54,2026-12-02T12:26:48.828412,0,normal
ea531550-47f4-472c-8be3-bc7878f541ee,1518,User_426,User_80,2754088,04b567bb52382d2254a9b6e9be152da6ba5b1066e541158205e93d83169d4187,2026-08-29T14:34:09.828412,0,normal
b1ad6cd1-830f-4773-8f46-93b8d78dbd75,2131,User_67,User_385,1729346,ded3bdf7d847a06a65fa0e2be3aef2e8ed45c0a0c03f6ce93f9237b13a7523a9,2027-03-18T05:27:51.828412,0,normal
ae3f2e7a-7561-4be2-8c68-54808f8901fb,2197,User_446,User_131,730456,56c2ecc6d4e2cb9c4f4e3efc2a017437676440832c61b518083c07ed9b8a2f5e,2027-08-06T08:35:29.828412,0,normal
1a766895-95b5-4bb8-a765-49f39500b2db,1446,User_473,User_348,3511580,7a484126a8169aae73c8ad69873b3c18e834392d886e9b4de1810b391106ac9e,2027-05-20T14:06:18.828412,0,normal
24952cf9-effc-4684-80c8-907727a777e0,2964,User_485,User_20,2257228,100c4c8a2467f2417ac13c032a0ac44e127ff57d8898d7150868a439ede607e8,2026-10-22T01:50:35.828412,0,normal
b88939dd-f58d-4f67-9a76-0c761d57abcb,1120,User_89,User_481,80718,aec9ffbbc0de9c676acba396bc4267a0e20ef810b12aa5b9afe0b93b0f6b93e3,2027-04-16T02:44:22.828412,1,abnormal_price
d09e75f3-e8d7-4814-b109-73d129b43fb5,2094,User_169,User_362,504250,be9026b047cab2e546509a2d69fe04c8fbcdfd36d75ea4a8b7e5befe2efd3af6,2027-07-05T05:26:57.828412,1,abnormal_price
64b62531-95fe-4bcc-a45c-86998d9d6bf9,2897,User_16,User_451,3486063,0bc20a9743e02075f271ad4e72c0a61ad2681f3bff8d9f91d86bffb5b2942ab3,2026-10-14T10:14:38.828412,0,normal
1a98e589-2430-410e-96b4-56c36521a800,1580,User_122,User_47,5279913,01288414d9c6974ceb6a01846082e165c86f176699f175cc2ed04c6084e9cc60,2027-06-03T02:47:47.828412,0,normal
bb34f51c-70a0-4ad2-ae67-cf62b4c2a2de,2033,User_1,User_215,4339733,71fc3b945828924dca0f123152bfe99a51c23b36c6af7fa1887ed5acb9323430,2027-05-18T12:03:54.828412,1,duplicate_land
4398dd71-b14b-435c-907b-8412f17d0685,1572,User_432,User_284,1832391,7f55ef8324d9e93e05355c55e95f2f658f9da269da4387d1986c130e8a710c7b,2027-07-24T23:49:56.828412,0,normal
42afa957-d84a-4ed3-b371-b5f8ac667ad0,2533,User_83,User_40,2067865,bd24222f814b21c223b32d4ad662e51d0de75e50b7459817c691a047918b7a3d,2026-09-08T10:14:57.828412,0,normal
2ef5ca5d-5d53-4f08-b638-454011690027,2594,User_112,User_356,1184200,5cbc1d9ec1d790f131adfe2d6262aa1d61ed7ba9ba2464769626aff2395bf6d6,2026-12-19T18:55:50.828412,0,normal
0b5b627b-73b5-40d3-827d-ee3c0e956953,1525,User_485,User_458,726039,f8b1a09629952cea30171252291d6e2922f52b7924aa190f7ad0e0811cda2a04,2027-04-17T20:03:29.828412,0,normal
94afd788-b8a3-4f2c-981c-f68ff63cb4bf,1104,User_481,User_206,1781277,cd846c14fc301b08384c2616e1e825c4d2110c7dacd8fe2e6bf8f89757211718,2027-03-26T14:45:32.828412,0,normal
25ed78bb-713e-422c-ac29-1555fd13f481,2499,User_153,User_385,357242,4c9096607ab08ada51036c12f0d7b3bf4619591ec2df1dfcd0b5d5ca48a32d4a,2027-02-27T03:32:16.828412,0,normal
f1c6fcce-cdd8-47a3-ab51-5b180ddc9047,2015,User_379,User_291,4918257,873afaa2024e6bae01eba85bc33d16605b0a63dcfaadcef694d6b4544d99fb62,2027-01-20T14:02:15.828412,1,duplicate_land
04b23888-551c-4bb6-9fe6-07969b5a92fe,2372,User_320,User_289,513415,311572096614ab00bf08b5bc2b101d59189fcf8c0bd5cf301c1f0367fc3b78f4,2026-10-11T01:14:26.828412,1,abnormal_price
6ba7ac88-495a-436a-a817-76799485a7a9,2721,User_91,User_321,3836606,b7ec8742ce4781969019ddc7b9f8bbfa5a3cd8ca7370d9bbd4581f7901eabe89,2027-04-21T09:44:14.828412,0,normal
6ea43bac-7186-48da-9758-9ccca79d64d3,1678,User_80,User_62,3261369,16a4621b1f08e3725d548d99f5979a3385d9acb03606e4b5fd24fca16a05511a,2027-05-03T07:30:14.828412,0,normal
0c7c52b0-fdcb-490c-9403-08805baa981d,2870,User_67,User_314,409878,3b21d06b3ac76f5951c6164990c20bbef76f3e2483755864b23d3d403878237a,2027-07-21T20:21:39.828412,1,duplicate_land
1816ae2e-f63f-4ef4-96c4-f6b80bda1e57,1776,User_484,User_215,359257,7c7b68d380958e9f5fc5a30a7e469713a94fa6131b4bd6928de405d24c90c0c2,2027-04-25T19:13:58.828412,0,normal
bb5f874a-23d6-4b55-83a1-a5e6aa10a7b4,1697,User_188,User_271,3355965,9ddd53f61823ea16bdac7790d18b0666fe26e8ee0f2739f7de769977ffa2100a,2027-07-18T15:31:09.828412,0,normal
4bacb75a-aa5b-49d4-b544-90746c50c8b1,2010,User_251,User_473,2459945,3959bbde513ac54de2376d0e1a56b63acbc721bfe7b7136d3653202bce5f70d1,2027-07-25T02:47:55.828412,0,normal
9f6ff558-dee2-4f89-8119-6b42dd0b683a,2103,User_250,User_141,3829920,12cd318a0f1323e3af7492ea2e05f5d02ccf92f36959ac66a2aec204aaec206e,2026-09-26T18:03:54.828412,0,normal
b1f7d391-b57f-4283-a8b2-5f0c64c72e96,1212,User_120,User_94,383293,aaf363c00c986f8333d42bded64e180e2d68775fe19696fd99d78779c10fac28,2026-12-23T01:55:50.828412,0,normal
71bb5665-21ad-48ba-9902-0647ec9d3d70,2143,User_240,User_324,11178817,d0dfc7febbe789d7cc07eddf969a63cd80f62aa545bfc133bf46027bcbda27d5,2027-05-06T10:31:19.828412,1,abnormal_price
0eaa26e6-d647-418f-9e6e-f0a048843373,2972,User_388,User_133,3816331,b3c50e87f10b65f73c34e98a45a54163e0bbc7eebe3a1f5a19548efe730eef01,2027-01-30T22:01:43.828412,0,normal
66f6884c-b408-476e-b1d1-045742bf87ad,2240,User_479,User_255,5545131,66349fbf8beaf88b1cf38f70e000bdb151e9f3a5ec2a2140466c69a0c2e9b918,2027-03-28T10:15:41.828412,0,normal
5f651ee5-7f10-4701-8c6d-1dcc191d4b20,2633,User_317,User_338,2616217,bd372a8c6b5e61a012c6141da674f6f945ba797038b83e30a502372f5680a2ec,2027-02-11T03:35:05.828412,1,rapid_transfer
c3d8472b-eafa-4680-8875-450f86cd2b5d,1535,User_408,User_439,2529265,bb0bf23d3a4cec71253cf7b1546f30eb354856208e3a2eb8329fe81938b6f191,2026-10-13T01:17:37.828412,0,normal
53cd6434-ce6b-496e-85b9-a871e763f7ed,1845,User_306,User_405,1089361,ed7b3ca68b18bc20d0e0fd32cec130674bf223ccdec6b8106ebce14bfdef390e,2026-11-30T11:25:42.828412,0,normal
363e675e-2668-44de-990c-5d2940448bfd,1077,User_419,User_204,3671627,8da1ee2b5f4f44e2a572073fb4351aece5a1a3d46495f94b49cb8f8e46c94889,2026-10-24T02:20:26.828412,0,normal
12ea389d-4070-45ff-81b4-b1e84614a6b1,1209,User_381,User_18,2086528,2b135dbc95281349aa384c83e1e6b9f92d0058823a981310c500bbdf7a7a9d55,2027-01-10T16:03:33.828412,1,duplicate_document
7d33bc07-204e-40d7-b4eb-b9d249f23945,2530,User_488,User_245,731253,b5b7a63f06bcc045755fc7ebd932a7bdfdc4264e401c93349611af2f1dec073b,2027-02-03T11:38:31.828412,0,normal
24ec1258-a5cb-4273-9878-a635d66919c5,2203,User_455,User_436,4637870,c11b54936105cb81a4788d87608dc0fe5e9bb0e5c38970ac64cf7ab18e67f984,2027-08-03T20:18:38.828412,1,duplicate_land
d5d498f9-5c49-4c1f-ba1a-7261e575f6e6,2260,User_218,User_58,5138328,7a1adfe6e11014a0f9f0e9e30148b2b208a9e4a52ef6af30b33c16169ec14670,2026-08-17T01:47:31.828412,0,normal
dcee0987-3e7b-4357-b347-45144ed365a5,2428,User_447,User_135,1409045,e2b0bfaeebcbcc3139e5e6caec8540511788fcb22e6a471f4b815b79ac7f619e,2027-03-15T16:38:55.828412,0,normal
feb766c1-4cce-4555-9d4a-185a0a8dda99,2342,User_422,User_437,1983179,364598484c92cd02608bca27ef8b13140f11b3f871147db67de59d2bbef6a6fa,2027-06-01T16:10:43.828412,0,normal
e1cb8b6f-82dd-4a88-9f7f-1aabddad426e,1317,User_286,User_480,3694576,bfa6bc44868050b83189f4de0f225ad3021522e083b75bdddddb54c51232a5b5,2027-05-10T12:55:29.828412,0,normal
f7cf2117-7987-465a-806a-2851fe616811,1998,User_447,User_139,1041587,f8a6fc2d5198aa432a68eebe4dfe5203b577d5533be80e903eb1c4718cf4f330,2027-05-19T05:55:57.828412,0,normal
703dd690-0572-41b7-b797-fe6d9e4dccf9,1935,User_491,User_470,5515776,7736d1c896dbf46124b21570ffcd2b4ca78a6ab86eb811ae28da346f831a8451,2027-01-19T12:35:59.828412,0,normal
dbd6be13-4309-41d6-bed6-03da2543d8be,2150,User_39,User_366,2422521,781c8e9b74243ec96604ee4082f928fcab1b27c4218a9a448f8cb738d9c3bd33,2027-05-31T15:40:05.828412,0,normal
7a5db897-4779-43b2-bb82-8d0514ca2ad9,1136,User_130,User_486,1311770,3fc8b7c271d2e51bfd2ea499af85377de61ffa7e94f2112885e6b6123031918c,2026-08-21T10:49:35.828412,1,duplicate_document
88ded833-23ce-433b-8e7a-bbdcd130c8cf,1299,User_346,User_266,1277536,c0d1a6e5c8a315948da161bfa6a92e00c9cdabf398f41dbc22b6757580269003,2026-09-22T21:41:13.828412,0,normal
0e474244-d885-459c-8087-535fbc4b3fe7,2593,User_306,User_450,1362620,da87c337953af27b21e6f05be49e7edf0d0216b00a3e7d9ff517ed9df0d3c450,2026-12-04T17:39:52.828412,0,normal
97b89739-9764-490f-b458-831d013fc8cc,2340,User_260,User_217,692301,6259ad1f0c61db06e4aeeae0707f6d09d8e1bfec83d008c633538e2bc3204eb4,2027-04-24T16:11:19.828412,0,normal
f098c15b-9618-4355-9d06-531dbe663a2b,1206,User_181,User_290,5307992,c3f7b47603cf7a85d307fbce5df39b7155036a1582a29a6aa16f7fa39a9aa8cf,2027-02-06T17:32:07.828412,0,normal
8e05ce34-8a8a-4d3c-a3f2-0dd1da39d02a,1512,User_476,User_259,3806345,839818d90b9f697def8c3ab8c95e83fbf42a209328f6174d605a52a404600141,2026-09-04T19:36:16.828412,0,normal
2f1f324c-cd46-4768-83ee-430d2676b8b5,1417,User_372,User_494,1043581,893c3ce830f6bda916734c1d7ff73bf72a44ed09b7bd317cb70d4b4d9d98cb08,2027-04-02T00:33:46.828412,0,normal
702387b4-6e0f-4a6b-a76e-8fa13bd5e9fe,2840,User_415,User_367,319839,2336527cc4ee31a68bcdf1dd912164e26c45800ef5db1d0302e0309b5337d5cc,2026-08-26T10:57:26.828412,0,normal
45a2b56d-9b16-4628-953a-7f4951ec1ec1,1184,User_202,User_49,2367750,e575931525540d13e355539f85b5f23f5c4356117011b27eb0340fc56ee635c1,2026-11-24T07:19:52.828412,0,normal
89968460-7d3e-4b4f-8ef0-49a166244a5d,2533,User_40,User_339,1837549,bd24222f814b21c223b32d4ad662e51d0de75e50b7459817c691a047918b7a3d,2026-09-24T09:41:26.828412,0,normal
3194c2b5-b362-4d0a-90a3-b30f32357b17,1231,User_54,User_48,2262721,b29efba0d47737c4d08e1b09b669a69938d5f23747435da3943663106596ec6e,2026-09-14T12:02:49.828412,0,normal
69a3f4a1-5651-461c-a488-3d0304b2606c,2305,User_362,User_500,2420435,fc349037a11c4c1514232e05d0893d3df0f919de0ff3ab19963b9770f0d22792,2027-06-02T22:16:12.828412,0,normal
6148028e-8505-4a0f-be20-89dd08422a12,1299,User_266,User_271,1351523,c0d1a6e5c8a315948da161bfa6a92e00c9cdabf398f41dbc22b6757580269003,2027-05-20T15:17:26.828412,0,normal
021cb6e2-5362-43fd-adbb-fbec86c8ec90,2499,User_314,User_105,2601224,80e21f3e50ab8b26a8247252282a25362115a0702960b3686d0a3b421e68358e,2027-08-04T02:19:25.828412,1,duplicate_land
5c431313-04ad-4765-a8b3-2d20285ac47d,2405,User_188,User_487,1535527,76c7cf63e00257424534eca664fe336738f10ddd5819bb88323356cf88238202,2027-01-27T00:33:34.828412,0,normal
1f5aa3f6-74be-4f18-b207-9821cd491682,2976,User_117,User_351,4323492,9b419f41e081ac1649ea04a2f91ed6306d0d78a6bb578fc36359bbee7d7fe899,2027-03-18T15:13:20.828412,0,normal
6f4106cf-cdbd-48a2-ba72-06ce0268613b,2055,User_264,User_237,3489433,f28cfd3bfda884984c31edb261e73b1d48d3a0981cdae75c7c8f557b36feecb4,2027-07-31T13:38:42.828412,0,normal
670b94d9-aaf1-460c-b63f-66aaec50af51,2619,User_41,User_310,405957,0e17c078a56e3b724091036833077b42a771d150a774646162bb9ea6dab8efde,2027-04-09T14:37:57.828412,0,normal
98fffbf6-3bf2-4017-bf09-1a45539eb64f,1354,User_465,User_487,1172545,2f0c7761e23283426e712fb5c05a7dc7605ead943a49b9d43271968cb07a91fc,2026-11-06T17:36:35.828412,0,normal
db870e04-2be3-426f-af71-4282634fa82f,2400,User_37,User_426,4236888,9321f2452c5de387509909638695032c48353f137f1cc170470cac2f89447879,2027-08-02T18:37:44.828412,1,duplicate_document
f67179c1-5e47-475b-930c-8801dbf33232,2863,User_172,User_269,2933770,4c6ad7c07937d0f61c06a61d9f3274e4aa4e8498fe1748d11cadf6df7db997f4,2027-02-27T05:07:22.828412,0,normal
8dbc9448-094b-4b60-9b07-bbd7afe18653,1309,User_310,User_394,5111864,796e8818451a7e12822a623488f3b40197a32a3f5fb92f8a309fbacfe3610fe7,2026-11-09T21:05:39.828412,0,normal
9cbfc263-cd4e-44e5-9bcc-c8b5bb76f6f4,1945,User_27,User_483,4075873,cca2102b8e9f3571ed3e38abd26c544e6704e30164efa55e0272f7a7be194741,2027-05-17T01:52:22.828412,0,normal
49cba462-e191-4c43-971e-e4a6bd283ade,1149,User_414,User_377,616459,92bd8cbbaa18f58e6cc314bb73894a218cc4f0a315c2bb2b404d4da5c9d16db0,2026-11-08T20:11:57.828412,0,normal
17365927-f5ad-4892-8741-e1d23a4b520e,2008,User_103,User_403,2383748,c9d3943b63c1b7130c470918825d8cb2c774213cef4584abd161e93a67c1714f,2027-01-24T10:46:40.828412,0,normal
400eb056-d0ff-43da-94a0-a2af875d5154,1482,User_464,User_305,4915801,fa1ca78145c10dd72cd7467060b38f79d786567caf7a70af3c33b42e5789ec48,2027-03-21T17:38:35.828412,1,duplicate_document
16eaa4af-053a-4807-854b-7fa0ff18b0c0,2991,User_54,User_245,831101,b0c1e02f525a3992e9a7bc3170b498fcf3b7f29ae3bd3abd042e5a27ba182067,2027-07-04T19:35:30.828412,0,normal
56ad8573-df6b-4498-951c-f16d9325324b,2023,User_337,User_333,3916293,a7370af5f51e8fd85c099251d7bd46e13b12f80a5bb32e934ae5ae0551179872,2027-05-23T20:14:47.828412,1,duplicate_document
bf7dc0b4-db57-4ba0-b795-8024f329ec6f,2772,User_248,User_215,5188737,f5b367a95ab2dc37a79cadc9f6851e23c363f519d01c6fe96591802f5922be47,2027-05-14T20:34:09.828412,0,normal
7c3fa377-cc11-4206-a62c-fc1488ac4fe7,1967,User_120,User_312,4103312,9782ece7db24b24db5546d19738c2ca602a289be5df2adda37b8edbb2ec1d8de,2027-06-03T11:16:02.828412,0,normal
8e914bd8-3afd-4306-b5be-9fbe19689005,1774,User_143,User_428,3105347,0d15c65be1cb2d8e04cbf5b13080577dc4fc63793f891102731a0d80d622e1a5,2027-01-09T11:55:07.828412,1,duplicate_land
db13853f-9e22-40b2-bf07-7194dd905eba,1938,User_472,User_1,1789554,750dc02fe88f4e1d3c431392353615b7f0176705505c5f67e5c5768b5e78c03f,2027-01-09T01:49:43.828412,1,duplicate_document
9d906395-0930-48ae-a525-3e9fb5cccdf7,2133,User_484,User_112,347970,ea78b77f169f16d0d8e851274fbe743a992267d383352250d16494127f08f7a6,2026-12-22T21:28:14.828412,1,abnormal_price
00359a80-7de7-4773-a5c7-1eab7cb8bd14,2367,User_479,User_316,1069131,5494c38efbb9eea8423a5690ad0b235eb36b079ebce8c6f61c65df13c40be43c,2027-02-14T05:44:20.828412,0,normal
4bc70ee2-82d3-4fb7-8843-e676d6a7de45,1465,User_93,User_439,3636726,5842502a3d5bc749cdedd595bf5aefbccf43d3ee7e0c88fdf80a9e3cb6182569,2027-05-10T22:27:57.828412,0,normal
b762b3c9-4ada-42bd-94f6-14c9cf936f0a,2629,User_325,User_330,1004183,748978c4c42380c63cc943dc1daa9369c287bfaff430f5176eb4c60059f038d1,2026-12-11T13:28:39.828412,0,normal
828fd04b-06ab-4c5d-9559-35ef6a0e5dc3,2505,User_306,User_159,1207956,74be4bf1a5a7a943bda4e90765338a30efbcfd7bcba2c3f183b3478e922003ed,2027-02-21T23:27:34.828412,1,duplicate_document
2b40a33b-9e21-4ab6-83a5-44148b2ad895,2890,User_475,User_205,1753596,b793d98d1a59fda6b9e36aef24f3808f7ef5ae43a1d1e783d70813ec6e317004,2027-04-01T00:07:46.828412,0,normal
b1b763fb-e099-4e31-a0d6-0e5b070970ed,1733,User_293,User_489,3489770,256e39b07b1dda780eb3c9fcc597e6c1526b9ade662579be846074e61dd2a14c,2027-01-21T14:58:36.828412,0,normal
80dcbc67-a6c6-44f1-bfd9-d92d0f70e319,2766,User_394,User_481,3441376,f28ae11f16c89f080bad3d483f5d1f4900ab53c709de644f441826bfbe6c41f7,2027-04-01T08:21:48.828412,0,normal
2c72c70f-73d1-4d80-b2c2-42dd2caaad0e,1945,User_483,User_313,3261296,cca2102b8e9f3571ed3e38abd26c544e6704e30164efa55e0272f7a7be194741,2026-10-31T10:39:22.828412,0,normal
5571716a-c6db-432f-a8d0-c78517aa4ec4,1845,User_459,User_103,512101,b9e18aeb8f77b3a9d2f9a2c2cec5d81604eb476b0268abd85bc3c77b40ead93a,2027-07-15T16:56:53.828412,1,duplicate_land
2bed6ec9-0628-4c94-9743-5700da9a196d,2644,User_308,User_93,4360017,5fed288acc6d07fbe9aec621708b9f4e66f9249e24cfdf1633951aac18526763,2027-01-09T13:10:21.828412,0,normal
129b2027-1edf-444a-a245-7c8edfd35443,2010,User_473,User_494,83199,3959bbde513ac54de2376d0e1a56b63acbc721bfe7b7136d3653202bce5f70d1,2026-09-08T14:32:42.828412,1,abnormal_price
b65c5ede-5c9b-411f-bd48-1fe25385fd31,2717,User_216,User_164,4956124,1fb5f55af7a55db7651c72e7c77af30a1f20dacaa62fb1ec316915f22e4db577,2027-07-20T18:58:39.828412,0,normal
952c5626-4271-4c40-bf99-581f9fb1bfda,1848,User_87,User_415,4003116,5b6cb065627538695c8223937d4320a7de129b9ea738728b8b23d48bbb3b237a,2026-11-14T16:57:41.828412,0,normal
62b66466-1c54-4d8b-ba07-d2afcb62ac2d,2846,User_232,User_271,3877515,1f9f770a21d2ba00f5f6d773cf9ee32f8cf70483094b0cd3c677a58d08d88c4b,2027-01-02T01:08:17.828412,0,normal
8b4ae8bd-e8b9-424a-9369-ec2a99841bc5,1990,User_98,User_229,2064530,586db9bf1bf436fcd411c4464be5ce691199ec71b39c0e64ee78fff38f8017ae,2027-04-04T20:04:04.828412,0,normal
aecb4a34-62e5-4411-b4b1-145d76d28965,1544,User_68,User_28,3131153,1f51f3702a4da4381d43d06e2ea2e3da4db17e5d4c322b33c9f6398235112d41,2027-07-29T16:07:54.828412,0,normal
1499bf8c-9f38-4990-ad12-b28c70ba474f,1448,User_369,User_189,1668600,4e86d149450a06fcb33015f380df12ed7c1996168d42f41067865147d5403387,2027-04-30T22:37:01.828412,0,normal
2570d6d8-5295-4df4-850f-d62c8bc12652,2505,User_306,User_33,5800746,98a297be85e2253b04c270de3b1f8a9cdb7d367ff9215a1a280481564898dc07,2026-10-22T20:40:45.828412,0,normal
be7a9e82-10dc-4c39-a472-3296cac5ff34,2618,User_406,User_118,3912929,a3cd31d49103371a15eb7d116e027d7120312e8aa1ac771068e09a2b4ae96722,2027-04-22T12:44:29.828412,0,normal
4f90873b-3675-4e0a-b8a8-c219cb7e1ec9,1858,User_12,User_438,388309,ce5c42804e023bd0465d6787bdac2a59183c941c3e1be6545f69643f40ae2837,2026-09-09T14:29:37.828412,1,abnormal_price
3b41de1d-3c59-4e4f-ae4c-f7ce15a918af,1881,User_235,User_218,3707048,26a45fe4e04d7f116ef327bc43f4b7c53ebbf91db45405d62c358fab0bcff722,2027-02-19T04:34:31.828412,1,duplicate_land
67b841e7-47e1-44b4-9078-7441e0d1a44f,2882,User_129,User_328,3439944,f7ebebb43a254d1be6c5ccb186cb52f61a21f919f80e55d9b31e8ac56bb2b72c,2027-06-01T14:24:34.828412,0,normal
43743be7-5ba6-461e-b890-baae92fcca0e,1916,User_293,User_233,843541,760ffe7259fbc383f67c466248543bea754019cf7b8935b634d07043f8229e21,2026-09-23T17:42:21.828412,0,normal
3693ee36-abaf-419f-9eea-821bd09bf151,2755,User_401,User_426,1208284,6aae414fa999d14851046d97d9883ae88c948b0558e6e4ce47d5ab97a122b334,2026-12-16T05:55:55.828412,1,duplicate_document
b8d7b209-32cb-4bab-bf64-aae663789b17,2897,User_451,User_194,4030725,0bc20a9743e02075f271ad4e72c0a61ad2681f3bff8d9f91d86bffb5b2942ab3,2026-11-27T10:56:40.828412,0,normal
b0638ccb-d6cf-461c-bedc-b676a38bdd4d,1556,User_286,User_349,1673956,218f69c4de4ae255bdddada4009d1b4d90fb682281229210e3b3aa05de64f395,2026-11-01T12:54:21.828412,0,normal
be5580d1-a135-4da9-842e-119692ea3815,1832,User_252,User_303,571399,11a1734f534ab3897268a7bc59d255981164c1bfa152475c62e362cf919da54b,2027-04-14T19:11:48.828412,0,normal
e3d0a2ce-0848-43f8-bcb0-41b7afc066f2,1044,User_77,User_449,4350912,eedbb5fd423aeaaed788ece4db04d5b5b6009b186732c36735866b6b3ff5f874,2027-05-18T04:40:43.828412,1,rapid_transfer
7920e608-4c21-4fea-98fb-9928ea65b1ac,1864,User_240,User_291,3549885,1650654aa968d235b1c5722ce631d2e815007419bcceb319f457ce92b6303842,2026-09-29T11:34:08.828412,0,normal
fbfcc5d3-acdc-4858-86a5-fffa8f4997b5,2838,User_300,User_393,3812049,4a6452856e6a5203b23957e8ed05c1022c9038ea1b284fac78184cbbe21f9e06,2027-05-14T03:48:27.828412,0,normal
998aebec-447c-4cfc-a343-baaa6b9912df,2788,User_115,User_450,4301938,76f24084047b8b66ae2c8ca34b0f5410e243b4e4b6aa91cc097264552ec715a5,2027-04-14T06:37:22.828412,0,normal
fded65cc-515e-4512-b968-c738d0c4e88f,1684,User_411,User_175,3857840,3a28584c40d802bd46cc760f1b9c5fa46b865cafeab372b1b3e5f0ed8adf269f,2027-03-14T12:18:18.828412,0,normal
dc1e7eda-79a7-47e1-9c76-aca227d78778,1059,User_267,User_401,3853856,0436598ae148f5a94124494218ebdff884200665d182d1de20566cd9350126e2,2026-09-17T16:26:22.828412,0,normal
3f677085-fab2-416d-a49d-82d52964afe0,1807,User_255,User_310,3646604,41a7af8aa87652ab8343d0d164676d561f7c8522c2fceded57a62308559fbe53,2026-08-27T17:34:20.828412,0,normal
2c8740f8-c1e1-48f7-984e-6573b54376ee,1931,User_104,User_360,5156196,d34ce55ffeedcc4ac96c8c07999c33454bd7c3f3b4d0bcead6e3187f12c3a662,2027-05-25T04:57:11.828412,0,normal
83978049-37eb-436b-95ea-26d694a44657,1254,User_224,User_64,1546743,273fd9f93ae292181b0975f18538bb2325ea4208b5595062b415ed3844ba025b,2026-11-09T17:08:11.828412,0,normal
76b8fdf3-fb20-4996-a8f3-b7f380115dfd,2232,User_184,User_75,3715628,2302e05934fb57afd6f98e6ae6b11784d4bc2021455d76011ea0025e4d3332dd,2027-05-31T12:58:11.828412,0,normal
ef31cf1e-ced4-46aa-8c6e-a85906c7ecb4,2358,User_316,User_110,3752014,e2b3943a49800ad793979ce7c913679d9103fd55d8ab9e236901fe06fb470dfa,2027-03-29T07:00:50.828412,0,normal
390b14e3-40ab-4066-8b79-cb2d864c3def,2829,User_467,User_340,1312592,519a16d960839b750bf0a6f85608aed21b82259fe29100f70e69cb7cad9f1394,2026-09-23T00:06:16.828412,1,duplicate_document
60ecd92b-b664-4d75-80be-0c9c7b1bba98,1384,User_92,User_333,3319578,dd1a66c0c52d17cc432272d4a2001ca73e9e4dca73f136d0e1ef9f09f8ba952a,2027-08-02T06:28:29.828412,1,duplicate_land
067965be-30a5-41b2-a5cc-ee6ba3dbfeca,1449,User_279,User_109,3548018,7c7eb0d47a559dd13339136fa921b018a2f7a12216a84814527b79bbbece5c95,2027-04-18T10:02:15.828412,0,normal
b7238191-cd40-47eb-9857-511b1c923cf7,2676,User_391,User_395,2153164,a50920d7c7eb53c354768596103476905a6bc2b92b22f421ce8a355b2dbf4855,2027-04-05T20:14:45.828412,1,duplicate_document
b0da81c0-b944-425f-b186-cfbbb939de57,1222,User_284,User_203,3703722,5f546443ccdf6df48d7dd7e2b1e75487efc6dc731279fae3660f184b29f80b4a,2026-11-06T05:20:57.828412,1,duplicate_document
5685aa75-c7ca-4853-8a45-783b34ed9caf,1410,User_440,User_165,352021,0e28dcee6b675b0c3fa66d2e0a4dd757d33b4c6339d495c5d50e7f9725fb35a8,2027-01-03T19:07:49.828412,0,normal
b0db6658-332b-45c6-bef4-639438c860ad,1087,User_211,User_144,4071005,5c84628acb3cbc491c1f3904df2cde273af4b79f9b77dc132b367f961788b461,2026-09-15T14:30:29.828412,0,normal
9507016c-a5e7-4832-a1bb-c772ad0afa0e,1451,User_285,User_125,33512375,cd03727928265c1f59e609eb045d70b9ce452a68946221af640826fded6047e8,2027-03-30T13:53:59.828412,1,abnormal_price
d62fa345-c052-46f1-b598-631bdfb32cf1,2450,User_78,User_171,4635137,8d7f3560e1b9f6e26e69da1d87fd09d64bf91d7a45ee40c1361858923dc51e76,2026-08-14T09:31:31.828412,0,normal
cfa25ac9-7600-46cf-a482-a097afe76c77,2000,User_492,User_216,3867362,fb1bb073db6badaef78cbde7f52cb3cb7224cca56be6e0192ddd41aa245a8176,2027-01-19T20:58:15.828412,0,normal
86b31835-d7d1-4b9b-be7b-b169bbb78a73,1741,User_301,User_232,2885194,a998ed2176ae4899bdb13372a5b58d4b21f259bf7c744f8a8d3256c5a48ea8b9,2027-04-06T12:25:23.828412,0,normal
437e7673-f9ab-4ee2-b568-63abf9474c27,2486,User_149,User_214,1195616,59fc61092629cbf221ea8880b4425308e589ab834b7345ab5b2ebc07715efe3d,2026-11-27T05:04:09.828412,0,normal
3caa25ba-8309-481c-87de-f8379f98880d,1780,User_197,User_344,8000301,55fe87b0f928d7e0df19d190cc8ee771a2ae0b76ecfba94dff90f207310ab69d,2026-10-04T05:15:13.828412,1,abnormal_price
bf9d1636-06d2-4f24-8a73-12e43dfe0861,2960,User_45,User_106,4767366,767e8484032cc6cf7db4bf96d01ce599865e1207671e06f098cae08bc9003ad3,2026-11-18T07:57:16.828412,0,normal
cb1c1b05-1567-414a-ba58-07cecf39b8cd,1689,User_438,User_461,274521,42737e686a5594ec7f138282c094431cf9b1d7a68ff08b0e8c0d717564061a28,2027-07-02T20:59:17.828412,0,normal
a5ed6ae7-647a-4450-b523-41d9d16a2efc,1748,User_337,User_477,2495760,fdf26febcb0df3344d3b92e2150b960605dae4203e8e7f07ba83ce323645a007,2027-06-12T04:49:03.828412,0,normal
a3f44a18-4a36-43e7-8686-ec1f9006dc3d,1728,User_231,User_69,1850787,d5010b083b7222966c90fce5022dd5efce53c0c15b41d8273e57e0c8b60d39e3,2027-06-18T11:55:41.828412,0,normal
2b26fccc-f6b0-4902-8748-4dbf92b3e3b7,2464,User_112,User_478,2612832,3c3c6d73c466e392d1baef2ac86385a5168417ff757bba7c7537f8c0c03bdb7f,2026-10-14T01:13:18.828412,0,normal
c1caccda-f72d-4fdb-bd07-adbfdf038b32,2336,User_448,User_255,2328149,82d5549f53801ead8ac9874719c6b517864b99bfae4a6d4cc1ccb4c493bdd86b,2027-05-20T04:52:42.828412,0,normal
21d5d57a-dafe-4dca-b2d0-5482c16de8ca,1947,User_247,User_178,1771264,83c4cd604dd0a634b6198e315304e5733ee9e97590496c726aaad3602cf2569d,2027-06-15T05:51:56.828412,1,duplicate_document
997376f0-0f21-49a2-a62a-5e5a244273c5,1354,User_487,User_323,1392306,2f0c7761e23283426e712fb5c05a7dc7605ead943a49b9d43271968cb07a91fc,2026-09-11T06:48:15.828412,0,normal
72f1635a-4ba9-4a84-bc90-be5942c24de2,2879,User_170,User_376,2429787,ad1891616df1922111370e9d9947352b1e283598fec20304e815992029c472b7,2027-08-10T14:08:40.828412,0,normal
67b297ea-860e-4743-8316-94ec39b69c6d,2611,User_225,User_67,3286101,fb01267e3fd27ce8c4bad3e0e8ab8b93e9830011d539d01ea26f03fa40f5a5a9,2027-02-14T13:24:59.828412,1,duplicate_land
b76a1739-d62a-4346-96c2-c5ecffb7ea17,1401,User_301,User_295,2336236,c5002a4c1a4c99f3beb13769d167989aacdde56d16194ec0c3583b66422634bb,2026-11-27T23:32:16.828412,0,normal
8da42b2c-ea9f-4198-9a34-566bec3045eb,1494,User_114,User_330,1009600,1230ddbcb13c0e63549073ab40ad55b6e0baf0ea711d124aa073a8e1ca66d407,2027-07-03T04:17:01.828412,0,normal
cca45bc4-580d-4e0d-9f96-f46e1fc59df9,1096,User_315,User_299,2498747,c40b9055a26ba71a911f3227d9265712cb5aa0e530a3b016cbe93f2b2cfb1395,2027-03-10T03:55:05.828412,0,normal
d307ec32-3189-4332-80e7-4b70444c9404,2965,User_452,User_319,1028991,565f536f0a6852a9848a051433aaa39c5ef0574c342022c2ffe6edb9b03d3373,2027-05-12T03:43:05.828412,0,normal
beb80525-1891-4e9d-87b0-9a2d71950c34,1266,User_320,User_370,3629310,68c19165d3b227a0608443956407e6cf80b839d8dbed8de6e9075db159ebc012,2027-03-16T20:52:53.828412,0,normal
b5f5675b-8a89-414d-9a07-daa09131c042,2800,User_486,User_161,4965212,bfa9698f5bf858bc7d0f9c668cc786503e748fe8366ddeaf073ecfe0473bc065,2026-10-12T13:10:49.828412,0,normal
b5b43539-0a10-43ba-a469-0a2e4d4413e1,2718,User_56,User_470,1554275,f25a493ca42e2b180bc4d460e5a5f4e1b9ac6ce179ee16c51c7978f5e655cd3d,2026-09-30T21:44:39.828412,0,normal
a2b5d79f-b593-49bd-afc2-2d5024792409,1239,User_336,User_42,3363241,b97b9c480c9376a4d78cd7cc8f83338b0a58f402b8f1d9a627b47a2ad2c1310e,2026-11-26T14:04:22.828412,0,normal
1a9a1b70-66e0-4a0c-b25c-48f4754baf91,1706,User_347,User_156,1565913,cd150f1ac4ca94a0a72acedacb1e1b8db5dff411c4e28ad37ebec7db95144afb,2027-04-15T15:29:44.828412,0,normal
d7bb93e5-08f3-4543-af01-2c02780b08c2,2765,User_255,User_332,2857934,ce5cb56053379af023e952f83d506acf93d68e11741b7f298475131c8a93bb4d,2027-05-24T18:24:19.828412,0,normal
e1d57747-8b92-4cb0-ae9e-9885a4f6cedc,1189,User_315,User_231,3226315,d0e4da8200fc63b5c002d461b6713c492ec4133724671eb33454d12b06addf83,2026-10-01T10:32:26.828412,0,normal
a4c70f30-04f5-4323-8c60-8ece9702590e,1274,User_299,User_297,2707279,d9c730e715c46e46eea64e7b0ecc9226555f2381cd57a84fd669ad2cada111ea,2026-12-15T19:08:48.828412,0,normal
21ea60da-8f08-4462-9b2a-347c0552d92d,1303,User_346,User_177,1821074,3ce18d6fc21dc15f22726f7f18191fe8124a42bb76fd92c3d3812ced1334c1d8,2027-04-04T09:48:18.828412,0,normal
ac427be3-c5c3-4253-9e8d-86d9fc8ac91d,2339,User_362,User_232,2384269,1b4b159a1a8c4b7d00bcdb24c3afd00230441a5309e8fcb86ae53a4038255b57,2027-07-23T22:14:18.828412,0,normal
1cced50f-2e33-4857-9877-a4e1f80d688e,2325,User_254,User_36,1888571,216207e7336dda13956f173b4f7a9db346f02429ed52bcc5c09bcdc930b82257,2026-11-09T00:29:03.828412,0,normal
0f30f833-d624-4206-a54c-1ae3d0edff04,1201,User_22,User_489,3039598,55c147b7d5885c6c210b5ed452bb16144722a6b70d6abbcdd2718352d273e1b4,2026-09-02T22:15:47.828412,0,normal
6cfe4efd-9ecd-427d-8972-a2919318f5e8,2842,User_114,User_61,179667,1960f65a87b3166046929fba7ab16748164bcc29ec68c28225390bbfacb4f611,2026-10-22T11:12:10.828412,1,abnormal_price
6e7417a8-af2f-4de5-9f7a-e79615c63828,2645,User_426,User_355,4071877,f73ebf6914988ee34164d56690f5116b8bd17a323909cb1319d3de7c021142ae,2027-04-23T15:22:43.828412,0,normal
133ccd78-89c1-481c-939b-49c97aa474eb,2138,User_361,User_96,2445781,291960e394d23f98e31cdabe4359efcf9248ae5f929712b0a5d995a5e4944826,2026-10-12T16:49:55.828412,0,normal
573eebfd-139d-4f87-a0fa-a3d5450330dd,1464,User_156,User_413,2659587,7b052460722c23a8d59ecb92239b3a0da7f92295fc91d4f5594ed7716f248918,2026-08-14T02:18:05.828412,0,normal
3ca1ac40-bb9a-49d1-a417-65ed8292f16b,1158,User_201,User_206,4571418,76f8594f67cb4282e6119cb3b3428ab01078d5b7f8c4962dc7d03fb05aecda06,2027-01-06T16:25:07.828412,1,duplicate_document
284017eb-4899-44f0-a05b-6375094b6098,2101,User_154,User_36,3102113,4ba4f5d1c5cf5b04ccb9d52193cb135145ef0a9959f36d4543e02a5ea9aa24b8,2026-10-08T01:16:50.828412,0,normal
e86df14c-0322-42a0-866e-204fe2541449,2422,User_199,User_8,3025474,9ec42b19e0e7d7ffaa2cbcce033860ff3c3b520745e84854b4fa37fe6aa974d7,2027-05-27T18:59:31.828412,1,duplicate_land
3d9c8bd3-e3e9-45a7-8c4d-dfa39e301a6c,2853,User_272,User_398,3515368,7f4dec992d8428a14d63a8092ae1124012644e36d566a4873df652b855060410,2027-05-03T14:42:05.828412,0,normal
50a7a92f-c4a4-4e2e-9a65-4f434de1f4ec,1919,User_6,User_308,3772776,4d0c8b1fb535b63ce2bd7e4a3bed585f9e38d33af86a0824af79e0d4c3105566,2027-02-16T06:24:39.828412,0,normal
f3b846b5-7f41-49ec-90cf-854c2190543b,1604,User_303,User_281,3603818,2bf811599c26dab0920b32fa1bd392eec5d58142066b40e6ff33fe0b4ec006d7,2027-04-13T09:50:44.828412,0,normal
322ad079-0f90-4809-aef0-065c4eaa1f4d,2964,User_20,User_214,2362305,100c4c8a2467f2417ac13c032a0ac44e127ff57d8898d7150868a439ede607e8,2027-03-01T06:49:19.828412,0,normal
efd216b2-72e1-4f6f-8372-919059790515,2516,User_422,User_163,52815,39ad15a2ffc9f37c2a19808881965197ab21e93ab72488e86d45872caa53d10a,2027-08-09T14:44:21.828412,1,abnormal_price
32244c5b-70d5-4984-91b1-b29f242a458b,1517,User_179,User_153,314210,37c621d3b2505085a7b501782c42e2c5d851fe391be3c7aa39ef1b77e5bb84ef,2027-03-01T21:50:00.828412,0,normal
a2eedd86-ad86-48c8-8063-c18d0c6e4e81,1806,User_237,User_226,2560007,47178eb9ee969c9d282909108c02f6d5b1c1082681bfdc3b63a987f796045f8c,2026-10-25T23:47:54.828412,0,normal
c999bf41-82b5-4a27-ad49-78e681513324,1236,User_348,User_472,4648739,6c4826e2574f4a55f01b66afabe59f89ba5718de863878495b9fd67bcfceaf6e,2027-01-09T22:53:52.828412,0,normal
81f2f4f3-7d35-4052-b9c2-19199c504e61,2059,User_189,User_362,4201407,7633cc539c5f34f2bf52f538a957fd7f1f2996724378b03ac485f14a6596199d,2027-02-11T10:42:56.828412,1,duplicate_document
7a91cd8a-49f2-42ed-9d37-6c778b7be21d,2419,User_58,User_270,4610038,1d75eed117eae8b45075e1537f32be9898ced1fd57cf2f28a3c9bba8de245d76,2026-11-30T19:43:03.828412,0,normal
d48bac54-ad38-448a-9258-5a2f64cc1ce8,1477,User_444,User_478,906832,32de18e51ddf3690a2d193c5d88b85dfabb5b10577d92753c2e85c785aec6fd3,2027-06-22T20:46:21.828412,0,normal
478517c6-a88e-42be-885c-87502793001d,2271,User_120,User_72,1701948,7a4b573c0e58ae23884638a99d643d3ca413fa38450d621734947cb78e277d53,2027-05-27T23:40:49.828412,0,normal
083f2ce0-7861-4e6e-94e8-95286daf9fc9,1062,User_350,User_408,2876296,59cbbe32c38383061b20dc575218a4c2e4fde42d7a7343f809b9fd319f6e6267,2027-08-04T08:27:33.828412,0,normal
85dee995-ce49-4c72-9bd0-31a01518d97a,2133,User_484,User_114,2480146,ea78b77f169f16d0d8e851274fbe743a992267d383352250d16494127f08f7a6,2027-01-01T22:59:14.828412,0,normal
e30f0dc5-353b-40bb-8ed5-3156bd2088dd,1595,User_121,User_188,2331842,7b901f00bf0dbdbe0c18520804d1d40894617c980cf38f11ec58fb287ee52a39,2026-12-19T09:05:59.828412,1,duplicate_land
cbb5cd31-babc-47a7-b505-fda428542c63,1377,User_216,User_84,1999384,5f33d073d4390d2d065b18ddb39b5ae800b0af7f968385a8737f6f51e3f7a806,2026-10-11T01:21:09.828412,0,normal
e197bb16-b92b-41a4-9936-de3707463212,1034,User_429,User_228,2844979,61fc618fbe16a56d13187e57e77c3d9218d5223f8f765fc58b61ee4be8b99f7e,2026-12-20T07:14:41.828412,0,normal
51ffaec1-85a3-4f46-a48a-cd56960525ae,1360,User_479,User_201,1254086,be8d998d6f6fbe8db66f190edcb0284157c605f024b13e3ae3c23b505904a999,2027-05-16T10:54:06.828412,0,normal
1c11b9c5-7790-4ba1-986c-8afc8591b5e5,2709,User_328,User_275,3000105,ee017e3982482f2ff22b4748cda8a56fbf246f8b747337abe686dafc6fda30f3,2026-12-27T08:34:42.828412,0,normal
eeb12578-18a0-459a-a1ae-a44d881c358b,1163,User_401,User_290,554823,6a894277c45df8a651e1f9f8f85bf655fae6999c50d438b77e98d4e8eab67beb,2027-04-20T03:16:51.828412,0,normal
faf64600-9b48-4c9e-bb77-3b8912d11ebb,1105,User_296,User_285,564551,5af2faf2d514f992fe1627ed470c912cfa9506e6b24937e2c7bb0c2d7e0d5cea,2027-07-02T00:44:47.828412,1,duplicate_land
49e88347-dc3c-4f29-b451-029aab7f6e05,1812,User_482,User_80,102723,10839d44923a63b7fbebf4da0b803aed347d46daa3a8d7d4d5894e76e8fc985e,2026-09-29T17:49:55.828412,1,abnormal_price
84c5bfc0-0f95-4c5e-a473-0cf2d653c59b,2053,User_163,User_190,5000434,9906a8dcefd7c9c588c4564134596f6500c5eff86720d9fd5101f93fdf47e51a,2026-09-15T12:40:29.828412,0,normal
966eab69-7783-49b1-8162-fc118b13b91a,1201,User_489,User_329,3054526,55c147b7d5885c6c210b5ed452bb16144722a6b70d6abbcdd2718352d273e1b4,2027-02-25T23:07:27.828412,0,normal
e47dee59-3507-46c9-a274-40d5fd09fee7,2424,User_305,User_311,591852,0a1835057dfe1fd422e3a8d5ec34782cc766c388f3dd67f2db5d45b526a4dedb,2027-04-22T02:20:44.828412,0,normal
d85c6711-928c-48ea-9ee0-cbc8d77f5402,1013,User_394,User_145,6253281,e9b6e9173c8bb51a07be605c35ee57711654b20ffc1758f92342f20f55d43ea1,2027-03-30T03:34:11.828412,0,normal
c5a7e204-6dd2-4d2f-947c-d3d6770fc65f,2648,User_430,User_445,569351,7489069f69b6fc2a9088310c900c6ed05073d2c10354e32d4af7bb67cdbf4dec,2026-09-15T20:36:16.828412,0,normal
37929a85-dab8-4f16-85a6-addfd0c0aebc,2474,User_267,User_457,4622049,77d227e11cc8915b5c4f5e56d399e9ccb09d6cd1c3d2478784befc931787b40c,2027-01-23T22:27:38.828412,0,normal
5d75ebc9-1687-4d1c-a616-95e03922c669,1245,User_3,User_350,3021068,340092cb2e2501fd91ec9a7a77c78df1df4a82e535e69b208d4d30516fadb36f,2027-02-12T08:15:30.828412,0,normal
e626c69e-32ba-48d0-94c9-447897b0bd9b,1732,User_319,User_469,33673400,8fd008d07ef9691d4917f47f161edf5622cafb264428e792ae86dde1ea6926dc,2027-07-13T11:10:05.828412,1,abnormal_price
bf1995be-6a4f-4bf8-8664-a9d479ab9060,2835,User_256,User_360,1063786,bb4e7353bf1e6c353b43aaf41ec6b4fd5561488995bc6f111a9869dee4205887,2026-12-14T21:06:58.828412,0,normal
92a87c0d-0ff6-42c5-8344-cea8e20f8dab,1800,User_172,User_244,850606,3537557aaf4e1b8300e2a2b6a169683d0fad6f0ea24c3a11211932b318a29e8b,2027-07-29T03:30:01.828412,0,normal
a600c960-bd1a-4660-b487-f8dff9bcce89,2945,User_146,User_99,1180226,1b33eeb5d957c3e20c1d0d5c1a0590e4c329238aec094dd824774b82ddda100e,2026-12-07T05:20:43.828412,0,normal
3e230e92-1942-4d71-9f87-eefa9a6d0997,1303,User_177,User_208,1882670,3ce18d6fc21dc15f22726f7f18191fe8124a42bb76fd92c3d3812ced1334c1d8,2027-06-05T00:13:23.828412,0,normal
738ff141-5f03-4fc6-89f5-2395c9e2bbbd,2474,User_457,User_14,4522914,77d227e11cc8915b5c4f5e56d399e9ccb09d6cd1c3d2478784befc931787b40c,2027-06-11T22:15:37.828412,0,normal
dfca3834-8b50-4c79-8e39-0f673d2874bf,1174,User_336,User_456,432901,f8cfb7f163510b9b95af419305f6379b9eada0cc383da39b34f1ffd219c1e313,2027-02-03T23:57:30.828412,0,normal
2b0f7024-ce53-4e99-9c9b-064cc6afb655,1562,User_270,User_165,5360862,493ab60f0b9f3c2008c8f6c719df2b28f46f18fe291aeae1d39068b8f436b851,2027-02-12T13:44:18.828412,0,normal
1527b615-6cbb-4a57-8652-7fb49c6bb6a7,2756,User_47,User_422,5076240,60d9f84cad6bd3876ad1cef95a4277437d7b0dea7a456b807e92bdc77d8c32a4,2027-02-11T11:51:58.828412,0,normal
f5391a6f-217e-4fad-b478-c9b1ba28069e,2596,User_282,User_450,491717,6fd6b03e4e88e722b258cb94903f20ac3608143572aeaf862260c928c31af951,2026-11-16T23:07:02.828412,0,normal
c50dc554-abb7-44d6-8f26-cf2223ef3db3,1334,User_500,User_499,3636282,0f0e78ef0fc0c4be5b14900edab9f353e96afb63914d35030a1e4254cde8f265,2027-01-01T01:32:05.828412,0,normal
400cc737-8490-4c2b-97bc-8034d1ee30ec,2115,User_341,User_33,497549,8dc12f92a4564c0f7785b796d8a2838a8c21dd75537bc08a4c889aff0dfc4180,2026-08-23T07:35:56.828412,0,normal
b9d52b57-b4e7-49e6-80e0-f911ec3f1683,2766,User_481,User_201,17998764,f28ae11f16c89f080bad3d483f5d1f4900ab53c709de644f441826bfbe6c41f7,2026-12-04T23:07:55.828412,1,abnormal_price
6cdbeb4f-e9bc-43f6-9a92-fc8a7df94759,1013,User_145,User_352,7382626,e9b6e9173c8bb51a07be605c35ee57711654b20ffc1758f92342f20f55d43ea1,2027-06-23T14:00:01.828412,0,normal
6531db3e-8878-43a0-abe3-28fd78eaaafa,2183,User_188,User_419,436549,331a8b1df4701ff47dad9300219a2049a0ebe4c632b2ff853c8baaea7a387800,2027-06-01T17:21:30.828412,0,normal
f13145a9-24bf-4a1a-b3ca-ceca626227b1,2052,User_428,User_106,733184,82352e8fb026e03da473bcc9c90953443674330ec39ba57420ca32704c742ca5,2026-10-07T11:48:24.828412,0,normal
2469beda-1dab-4241-884f-c2365eeea69b,1487,User_380,User_233,4068263,038e1fa228e67e28dca7db55ed466c976da70988888ee531c52c3477b1e79aba,2026-09-20T07:33:02.828412,1,duplicate_document
c6350f6e-29fb-4027-97f0-2165707183b2,1380,User_295,User_277,599563,4b51f98e5ceabb051695d01512da543beea703017dc38e0e517dc4193d17e8a0,2026-09-15T21:45:52.828412,0,normal
d1a3aa48-9e8a-4920-87f7-d08b601de730,2367,User_316,User_225,925479,5494c38efbb9eea8423a5690ad0b235eb36b079ebce8c6f61c65df13c40be43c,2027-05-04T16:00:07.828412,0,normal
48064f7a-d641-48ff-91d1-6a0e46ea28df,1023,User_230,User_226,4556137,cfe738b63034c0aae4cffe737ce4fce8144e988d06a9735dec222468c3445519,2027-03-25T14:36:33.828412,0,normal
f05bd2ff-ec60-4d72-88bb-86ef9d3eb524,2882,User_328,User_15,3519106,f7ebebb43a254d1be6c5ccb186cb52f61a21f919f80e55d9b31e8ac56bb2b72c,2026-09-12T22:12:36.828412,0,normal
5af45899-4f65-4085-91af-a5f19f07a8d2,1241,User_37,User_306,920446,fc04a4f21bd97315807485f39b95855894b72beb4053c45524d23b4878b016cc,2026-12-21T13:32:53.828412,0,normal
c86b4fca-aa58-4f71-b2b0-a875ca132878,2574,User_104,User_412,4757530,cfa246246904511896af155575f5b7bdc2184de49ddc8f181b7ca69f5dcf5d6a,2027-03-01T14:42:03.828412,0,normal
da24808a-1e2a-43ca-819a-0beb16194342,1131,User_102,User_400,92081,1a66f9d7f9867c42c326157cb759106ed5e288b7d0af193df394b3ebb8ba1ff0,2027-05-22T18:43:23.828412,1,abnormal_price
b781667e-a884-41ad-820b-39ed10e2842c,1476,User_87,User_394,1033249,968e89f1bda0f99fa047fb87aa53e3a2b04e58e954a07082cfcaa08bcaccdddc,2027-07-10T23:34:29.828412,0,normal
6e89de65-0aa1-4f8f-a4ea-b9b3438ece52,2418,User_319,User_230,3635881,fabe9da49793cd6c606a81419f72375182b6b551e93ee778256086b4ad77742d,2026-10-12T01:14:59.828412,0,normal
b583f06e-eb5b-47b9-a354-d81c8c9f709f,1142,User_211,User_423,1003931,9c8b2dbf688910061d3ecee3fef0b91b4ca87c37e5d5c88d8d429708e4360901,2027-06-23T00:38:15.828412,0,normal
e882a803-735c-492e-8b1b-f0d77f3fea24,2282,User_365,User_32,140783,7899fd649e4228feef4e8524e6a451d1d05e554597026b99104fc05e094ff5c5,2027-08-11T02:37:44.828412,1,abnormal_price
ae6f0fd9-7470-4e26-98c5-16cfbcc67453,2751,User_278,User_394,5081986,843342252a8125431d4a747112564be89f2ae91e9a2473de96335525c0b55b3e,2026-12-28T11:36:48.828412,0,normal
92b25de7-07af-4a27-9a2c-2c2eaa0c3cd2,1615,User_450,User_106,3618141,47337ec2d09500a98c8a3ea604569711184c9c756aeb9f40ee0f279cea3aaf94,2027-04-19T08:36:32.828412,0,normal
af90f8b2-6a2e-4ca7-a113-101e8d91f897,1928,User_466,User_105,4125529,00c407703c8c93e9a97818614b1b6c044339490701c056285e947fb719d8861c,2027-07-09T07:22:02.828412,1,duplicate_document
67b64f42-a4d4-44a7-a07f-faafe1984ef9,2049,User_185,User_270,3316638,1a03fa5e966985d446e7f608c2a5aaff5af85e17f02ad9c5e8d10f2fac10f2fc,2026-09-29T23:36:54.828412,0,normal
58914b91-eafa-4cd4-9783-f2acfefff236,2778,User_333,User_493,3686977,53db0be38347856953c0d5973f0f2b56032bec63ed4c9ecd725e7148e599fbca,2027-06-04T03:37:07.828412,0,normal
f8a1d95e-40ae-45fa-b3e2-9060540b1a4d,1800,User_244,User_31,993734,3537557aaf4e1b8300e2a2b6a169683d0fad6f0ea24c3a11211932b318a29e8b,2027-02-06T11:01:47.828412,0,normal
e228a3e8-cffa-4f71-b48e-b51ce4b90852,1652,User_97,User_444,4380927,22428d8951e9c0de798b3f87713290cfd2fdeb77e1c76a25fe17946145d874ff,2026-12-29T16:21:29.828412,0,normal
28338594-d80e-4bf3-a6b2-4e0a2c5e0928,2623,User_2,User_25,1891967,8ba9d06b402ebe2fcd704fe39647b16e2cebb87691140019deece1e04ee15e6f,2026-10-17T16:54:08.828412,0,normal
edf8bdd0-a143-46c6-b0b3-546839121031,2223,User_277,User_73,3952172,d19893b708afa9e878914be6b3e49c1f28518f9d98491acfa27c833a41f1b12f,2027-02-06T15:00:08.828412,0,normal
20b81c3e-da4a-4410-876c-99f5edf44add,2793,User_62,User_472,3661361,d38f925d2c483e6e672941304e4551c0b81e0b8dd82aa43c872b86aeb0f935d7,2027-03-05T00:00:26.828412,0,normal
86e021f1-303c-420c-8f28-b63d7fc41469,1472,User_451,User_329,3827779,e102f24c38d85b316ca1d0164464588a9bd6235efee7546d5d8a56e0af909ebf,2027-02-21T19:34:09.828412,0,normal
d164b868-5f0e-46fd-9203-5d1961d2b006,1283,User_215,User_366,2564803,8cce2c2acbcecb01118b86031cc23769617b2ea1f65ab73a6c369a49eb6a7b6b,2027-04-24T00:35:31.828412,0,normal
7632acea-d857-46b7-ae7d-21a6ab3c171a,1951,User_477,User_106,3173511,2916ecfe3e97259c454f8073ae04edf44d5a01b8f73ad413fdaa3eac86eee865,2027-04-09T16:32:35.828412,0,normal
cf09b9f1-36df-4578-8d25-334efe1de865,1028,User_272,User_440,1704845,d28fcbc249ab818089fc777dfda216c4b2b5c4665fb55177a58340be4ee4feda,2027-07-02T05:30:00.828412,0,normal
c988cd0c-6839-4247-954d-e083ce1b1a9f,2653,User_151,User_67,1159728,465114edf5cdb6da3daacc392a4e77e4bf46a768e8b317fe4f1b83bc8a4fe5e8,2027-05-29T03:09:56.828412,1,rapid_transfer
06f316dc-02cd-4cef-a5f6-92d12ef9940f,2606,User_11,User_353,4602082,4c9fa1ea6c31b5444396680f614e26c2bac8ad8fa2240a267857b33e7a7ce496,2027-03-19T09:11:12.828412,0,normal
3ca3d9a6-0d0a-4c01-81cf-e361b000db32,2875,User_120,User_284,2292370,92502fcf103bdf331317ec857b6fdb8a7c443bd56bfdb539f54789a815575599,2026-12-08T00:52:22.828412,1,duplicate_document
e1935f00-4939-4e61-b9ce-3ea2008ddaaa,2518,User_43,User_258,1301941,e5db1f41fefd6a9c1a7c6c70454d669c3dc46b5da501e9c73e48c369fb65f816,2027-03-05T08:26:06.828412,0,normal
67f4084a-3b0c-4df6-93d9-c1337e00b421,2166,User_113,User_43,3805831,c07a7f3d58360cbaac71c6f071099d8528f03deccea746b5da7c4f43f00268ad,2027-06-02T23:42:29.828412,0,normal
c52ef275-681f-4e8b-9ffa-083937f813c5,2377,User_309,User_370,4935194,44e60672da579df4a598dc73f9467c483f19c89e45dc576df3ed122f633ebb5c,2026-09-15T07:13:13.828412,0,normal
0e64531c-24d3-4cd2-a2c9-5d39ea8719c2,1866,User_216,User_110,486579,f638ce62ea1dda8b7f433c72a84b313f614043ee26305b5d63d21766c1fe8847,2027-01-05T00:43:23.828412,0,normal
910d35e0-78cb-4a84-8ff4-d8284baecc28,2101,User_36,User_403,3713887,4ba4f5d1c5cf5b04ccb9d52193cb135145ef0a9959f36d4543e02a5ea9aa24b8,2027-01-15T04:57:50.828412,0,normal
d3866161-70e5-4a19-bb0f-7d0b7f564d91,2752,User_112,User_178,2170462,d58bf80653ca3b6dae617256b8e39e711d07fa973f6cbed659d0148ca5e0e530,2026-08-18T21:59:42.828412,1,duplicate_document
5a5192a5-c165-41f1-9d3b-0eff6b724ca8,1149,User_377,User_157,499392,92bd8cbbaa18f58e6cc314bb73894a218cc4f0a315c2bb2b404d4da5c9d16db0,2026-10-24T17:44:45.828412,0,normal
c1b3f9b1-7dd4-4f0b-8bf4-d1a8e7c85634,2387,User_295,User_464,1949898,3e5b0d36a772ba93ef552855a45dc43cd6eb3edc5d5f27c3bfc711a45e75d233,2027-01-17T05:32:33.828412,0,normal
9148d16a-76b3-4b7f-b7b9-2b6a6a68496a,1428,User_392,User_65,1604688,bc4bd1bccdb9b2b9d5374d389c1e6eaee2e32d8d657bec10c1054a734156060d,2027-01-27T19:08:04.828412,0,normal
c0b835a7-4417-460e-83a6-fa20319608e3,2356,User_147,User_488,3463913,850d07c6fdce1b78de033a677583a83cab22b92e81ff3afb47a8c727422342f1,2027-02-19T19:33:45.828412,0,normal
7875529d-4bad-453c-a962-b7b98a3fc93b,1675,User_432,User_466,1157539,10733ef81a6000086cc3b01e30d3c36ffbdbe3fa0527fecdebcb3985acd8338b,2027-01-27T08:06:22.828412,1,duplicate_document
43d9005d-3d88-4eb3-8309-f2198acf8d36,2326,User_348,User_363,578244,49b66cd0db81241ee590b78821d87d8782511901e45a1f3845d0ba604d3a9071,2027-03-31T04:31:49.828412,0,normal
05fca330-5148-48b0-b9c8-72e35b2978a8,2124,User_115,User_290,1229802,0f5f01a1443a405bc736d266381052a28f90bab36b76fa218a8682fdfc04e003,2027-05-05T23:29:09.828412,1,duplicate_land
87a8f372-5964-4c99-a75b-02f2e7a405b3,2375,User_435,User_233,1285880,f8fbbbb65d8faf8e5a9a04de3e70143dea78167f3bdd0cc99c268cd8088dfa8f,2027-05-04T12:48:12.828412,0,normal
a8a5f7cd-e512-4819-98d3-e4b12d70c229,2270,User_188,User_51,2447991,34496d6ef185ed270d0084fe820467c29daa1e2a1682fcaff547aad65d99a325,2026-10-03T01:32:43.828412,0,normal
5c4b4a92-e216-40d5-a5c6-1151d22df26a,1363,User_134,User_151,1469543,44fa9e65c8f7143c6e053dc90bab9343334670670296c67b4b1d54a6be5fdff2,2027-01-02T17:53:22.828412,0,normal
26d20942-334f-420f-a7b1-8f205305b076,1645,User_95,User_133,4103681,6821d9192d77726eca599bbb8d5cf032082984df8ad05dc5922cd2d66472afc0,2027-02-12T01:55:17.828412,0,normal
ce27328e-3fc5-463d-bec5-80e61dc3e8b2,1634,User_340,User_373,4405069,17f8df6d45d6877cef53235d7059908e2ff7bb90d472b8e9d0f2c5c5528fb6ee,2027-03-12T01:30:45.828412,0,normal
dc4b7d4e-adc9-42b0-a941-6f596206cfa6,1045,User_340,User_459,1868860,cca45332a0533c2c486d7301b722b89265a2feaf5fc40fa512ddb69255fa666d,2026-10-11T08:50:51.828412,1,duplicate_land
6b004add-0156-4f73-823b-c07edb6976d6,2097,User_442,User_154,1737591,838b75466e4b0ffe05374c673b773ea7dcb887a6b9c590cfab1c1177a51b8547,2027-03-05T17:36:05.828412,0,normal
b244a4d2-92b0-41b4-8db0-94a55dbb4d87,2108,User_214,User_204,3831265,ffe4e6221f91355eb60116526328bc68b07004dee6a91abe206f5af3551e9647,2027-02-01T00:52:17.828412,0,normal
36ff034c-caf6-448d-923f-99b74029e4ff,1444,User_394,User_48,2828403,e609eb0bbf8bc04d320273de4242717ffdfd43585bfd03c773e0c461b7beeaa6,2026-09-20T22:40:46.828412,0,normal
75d0d842-434d-4713-8085-d69d37227c75,1775,User_246,User_456,1188000,35830feaa960dc1e0d9b691ba8ad7847a3d35eddb9416d204c5272756a939ffe,2027-03-08T23:55:01.828412,0,normal
2334e207-9383-4a37-b607-a955dad66016,1986,User_366,User_265,3452128,dac61715582f70b92cdc6fe365b30d00e3322c7a5a0f2a9626c6455bed25abfa,2027-07-25T11:04:15.828412,0,normal
35bf674a-7a20-4eaa-baaa-630d4729e319,2013,User_269,User_207,1394332,bb8557d6a086c40920d8e5900791ddd8e7de158a8efda75a6622361c776ee7e2,2026-10-16T05:33:23.828412,0,normal
79c46890-8464-4de6-a580-5dbe9c56b9e3,2807,User_315,User_180,4864930,c54182b4bbf839731fb5c2f6a9d3d018a950808594bd52419f69ac3c015b58c1,2027-03-19T04:39:42.828412,0,normal
39c0967b-7437-4083-89b6-0bc4635b17aa,2570,User_377,User_140,5428420,f47d8830c67d7d95458bc26e57935e36997c06d33b22a8774de2fc797251c193,2027-06-17T19:18:01.828412,0,normal
0c89c989-fff5-4b9b-924e-b8c060d44786,2683,User_59,User_83,3933744,5f5406f2634844af02e679256088eacfc843e71025cd8b8c15cac945ee110ffc,2027-05-26T11:04:47.828412,0,normal
dc9d0608-6da6-4f4b-9f50-f1b26ebeef07,1301,User_360,User_442,4267638,530601af3b82e409338045cb052e4d48866b8ca2a1aa010d3203d2105f50805c,2027-06-05T20:17:15.828412,0,normal
6c8c9046-ca2b-4eea-9725-dec8bca7ab61,2312,User_36,User_291,928859,4ba58e4b8061feab03147f537e72dc7c9f3197bc8b2899300c308d420ef9a9c9,2026-09-18T16:56:29.828412,1,rapid_transfer
cd1b618d-2bfd-4216-87f9-356f4a57676c,1879,User_81,User_421,358051,7e347ddcc74bc5cdd47fd12e7d6365fa4437091be265f6b2a5f8515dc09ee00e,2026-11-18T07:14:11.828412,0,normal
f607f026-c64d-44db-9434-76d88270dbe9,1115,User_485,User_45,1392192,21a0f22999e6d9f96491d1e0e8e2bee0075ed2011555b96971c6750ddf08e324,2027-06-24T04:22:35.828412,0,normal
a7b0b6bb-e524-42e0-9519-d47e5cc72c9a,1725,User_478,User_13,560005,8b8820655d7b22a2b2e18b5149d4dfee4f29eb73eadcb2a817d817aaf6eccfc6,2027-05-02T18:39:33.828412,0,normal
66797e5e-dd32-487a-91e2-187fe28a57e6,2679,User_273,User_235,2080059,a92689aa8707351702e84ba29d228e8bbfb70efca6cd39d6b02a0e2a1d98125b,2027-04-30T03:02:55.828412,0,normal
7b0b4273-4cfc-4a86-8564-f0653c605cc2,2322,User_274,User_467,1581510,a795aa6e120bb934e48a85f0ce6270bb0a262b53831af4c2d3ac0079902c00fd,2027-06-15T14:36:38.828412,0,normal
9830916f-d02b-4164-b858-31e8e3e35f90,1986,User_265,User_110,3677186,dac61715582f70b92cdc6fe365b30d00e3322c7a5a0f2a9626c6455bed25abfa,2026-08-23T21:50:05.828412,0,normal
c9ae0a77-4759-43be-9868-efb7a91a3fbe,2013,User_207,User_237,105483,bb8557d6a086c40920d8e5900791ddd8e7de158a8efda75a6622361c776ee7e2,2026-11-13T19:22:10.828412,1,abnormal_price
f72c85e8-abe9-47c9-9b47-dcaf8f81c91c,2217,User_345,User_322,5193370,311d3c70dca079d60023b1195d2fade281518119d11588e062a46c200fb9abaa,2027-08-08T00:14:05.828412,0,normal
86abe21b-e220-4070-96fb-bd444758f75b,2382,User_356,User_10,6108954,9c46a588ff68f6d77029ba18dff2b55b043abfbcf8eca2235ff17d9b52b11d03,2027-06-06T13:07:48.828412,0,normal
f9b259da-1fa4-4d3a-afb3-74ba9e928d96,1361,User_130,User_325,2936958,ef57597acf6ef3099bea2616a24ce569f30590b603217bea0e4c97e8a189181b,2027-07-11T20:13:13.828412,0,normal
6e5300c0-42b0-4b49-aa71-77f5a9c1d52e,1052,User_255,User_400,547209,d12aabcc57c907e1b88d75b1ae69e811bb8111301ea8305df4b9d424f25bfb8e,2027-07-05T17:11:01.828412,0,normal
5e0f3257-7c57-4472-96b3-82ad5a6dc37e,1847,User_376,User_241,1187851,8f8dc60dccaeb90c014be82839fbdcd9ab8383e36ca7d4d8cc4a925a5f57bee7,2027-02-24T03:20:48.828412,0,normal
650149d7-f23a-4976-b678-ece87253e947,1106,User_290,User_178,4420484,ae2f46d755f2ab01b04e9e3b4f6f071a6dcce08af5d742b84518d7c53cfff2c5,2027-02-05T20:32:03.828412,0,normal
48321fd7-5e8d-4e11-ae5f-c0a59418263d,2973,User_452,User_188,673282,c04a464c25d552788ba6666b06cc868b0b2afc9ae3fc513804ca45678efd7523,2026-12-17T17:50:10.828412,0,normal
c7e20188-20a1-4062-8471-13a0fc1b404b,1732,User_319,User_456,4244421,de3acfb9ab6f314edbb1aeb243aa41c8b57878bffc0d3632b5d8a9db1c212bba,2026-09-22T22:19:26.828412,1,duplicate_document
fca97bda-69bf-41ff-a7fc-a1a6a8317ff0,2164,User_472,User_190,1494996,aa55ed0b791754b9dd540e0ff15ba13a80391fd6d4a18a1c7f19bb5e59a98127,2027-07-29T02:29:29.828412,0,normal
9b55f4cb-5827-48f6-8f6d-0b4e1e39a175,2588,User_99,User_110,2462593,ebc2a4abe36eb8095c4f051f3c176534cd941a0e3039daf579fe6083b6892618,2026-09-02T00:28:08.828412,0,normal
00745868-afdc-474f-bfb1-4ea2351e06de,1693,User_374,User_457,398959,32a23ef7aa8437f0a6115dfa06c795e0b2b5899ced6480a068d08d11bc225dbe,2027-03-30T10:40:48.828412,0,normal
4ac608e0-3323-4239-af1c-387cea4215e5,2776,User_340,User_453,4080202,eac7af671a117fd567073301c9e49abc270a5e2b36abb8379cf491834d98e09a,2027-04-12T09:33:41.828412,0,normal
6c086fe1-71f7-4282-bd56-f3f228db58ba,1307,User_175,User_390,12880685,2e4251797510d46e58158b16595b1955a2987b2cd1542a4409056f5fab22a54c,2026-08-27T10:08:52.828412,1,abnormal_price
ef0413e7-2c2c-485c-a217-0796eebb4de2,1092,User_263,User_453,706104,61de3cd80a20df51e7f89010343ac38d7106d604d902d9c224f6deeb24b52f44,2027-01-23T04:54:34.828412,0,normal
61a3c600-ff2a-4f6d-a784-2cca8f4ec003,2669,User_417,User_255,3396616,3c4aa6275823b0c05ada928b78d787c540de673eb7ae8c332f261a41f58780b2,2026-11-14T13:55:09.828412,0,normal
94cec214-ae1a-4f2d-843e-540852cf4017,1685,User_58,User_287,4083711,f2d300aaac15c028e76975f6907c9a7e876eb181a97b2772c76577e4ba347292,2026-09-16T03:09:31.828412,0,normal
d893386b-b6a0-46df-8253-1f63badf9ae6,1507,User_1,User_23,2154359,50b585a3155c95f22ce4b5ca7e2dc63222baea1b3ba526c0f8fc0283c52086a0,2027-03-13T07:13:34.828412,0,normal
a538dcb4-2308-4be7-99c1-bea8ae76bebf,1388,User_402,User_390,2532087,a23c3f18675c61addd3f6b1cca18a32b2a5ee72014b7e23445b4ddb4bd223b85,2026-12-19T13:13:15.828412,0,normal
297bf5a9-b01e-41d7-91d8-2158d25030f7,2366,User_21,User_212,5223721,e3ce601d0a566704b52b6aaa159bffc0f0b025a7c6ff3ca78338be02fa79b052,2027-03-08T14:50:43.828412,0,normal
4b8a20f2-42fc-43e6-a199-df4d723f0943,2447,User_64,User_88,2487031,de0420666f7a24e4b2021c7b6f81f50951bfaf7a7fb5961ae2992314f1b788f7,2027-07-29T17:41:00.828412,1,duplicate_document
272b6b9d-38db-4d54-b6ff-fc44978777f6,1148,User_399,User_372,3529383,262acc748142f6ae1dde5d5c61724ece4eff1df562259aa38ffaf87a59287400,2027-05-12T08:09:39.828412,0,normal
91f81812-91ba-4806-9767-eec475dec4db,2284,User_320,User_347,24708645,9ecbec045e29df76806d0633e3f6015d6f8dc9af7ac9d4f6a388d0eb09f86cf9,2027-07-18T04:52:58.828412,1,abnormal_price
0139317d-d4d5-4fa2-b1f3-6f679342b0ee,2586,User_163,User_448,2782258,a8b90e8010d835b47bb26ed897604098cd57ed1b7800ab9ccd6fc63a72917d5a,2026-09-18T13:18:57.828412,0,normal
74a2bdf1-e476-4ea6-aa4c-78c7f39a006f,2242,User_353,User_166,2334782,5524a7023a62fda123bac285a0d75c4200d3742c2d73af6dfdbe93dcb95565d7,2027-05-16T07:26:44.828412,0,normal
6c8157e0-43d6-4ab1-9a8b-b46cad010d11,2839,User_457,User_192,848215,48082c0321a236e079f7d27c49b0c7b6faa2b0c989d387647cb65ee42efdbec4,2027-01-23T16:00:28.828412,0,normal
61f81c51-f989-4848-8e0a-4f68c9e909b6,1680,User_415,User_409,2989978,fd65dcfd4a55f0bc54ad850aca02470813e1eeeabfdfd8cfb2d6fc230648ac57,2026-10-17T04:22:24.828412,0,normal
6c597b1b-4c5f-4b6e-bc48-0ffc5231c972,2581,User_127,User_82,5737483,e625b1434eb201480b372fecafa67ab9c84576c4387964dae39a4b7674734d4e,2027-01-07T16:34:23.828412,0,normal
27a97f69-a197-4cf1-b2ca-84394087ede1,2392,User_207,User_34,2328273,e1710ea81c24dad41b9dd622311f3e9e1e02c7dc36866037cea987da0f798f1b,2026-08-26T01:48:57.828412,0,normal
e9ebf8df-5ca4-476e-a573-1cc02ade8145,2169,User_306,User_433,5174989,80b2266f1d76a9ed58033aa84fce2db17dbbbe146dcec0528a2205fd035ea124,2027-02-13T02:14:02.828412,0,normal
673a1549-c5e0-440b-9d8c-3b3aa6270861,2261,User_298,User_283,673604,266ad4255de32f3bb027d4adf1ec062462a8319749008bbc9acdb630fa34abe1,2027-07-27T00:52:05.828412,0,normal
d316f83b-8376-4a6f-b7f5-b767cdf6a181,1472,User_329,User_410,4189192,e102f24c38d85b316ca1d0164464588a9bd6235efee7546d5d8a56e0af909ebf,2027-02-05T14:20:16.828412,0,normal
a3ae2695-5b4f-4715-b1b5-64409fb1a88f,1689,User_461,User_391,284255,42737e686a5594ec7f138282c094431cf9b1d7a68ff08b0e8c0d717564061a28,2027-06-28T12:53:59.828412,0,normal
64ef3f46-22ac-480d-887f-f6a51cadc73e,1729,User_109,User_464,683540,3faf337c89342d2f53d12549117707730188f4e2b05e4fdf353502193a1f668e,2027-01-11T16:59:35.828412,0,normal
43392581-b5df-40e7-8530-00b8722c6a29,1495,User_441,User_140,1003216,1ffefbe3c62095a84dc7b18b70eb595205da700a86d5f78ce8531435ca30765c,2027-05-13T17:10:24.828412,0,normal
2cee1c24-ab30-4446-99e3-92fcaa89dabb,1624,User_120,User_21,2032027,32b1e75456fec4aeadcb39c673c9e89b6ab7d8a3e7f47fe03cb33f0b8db19c87,2026-10-26T16:58:09.828412,0,normal
990b5a37-d115-453c-bcdf-2d43dc2feaf3,1271,User_225,User_208,1480297,cac10cc1ac0b2221c7a727ca08d439d4114a75a4e09566dd6e6896851be548e9,2027-03-03T19:56:25.828412,0,normal
3bdf3e46-32ad-4451-9d4f-d002e8a80b86,2907,User_139,User_114,3069839,9001631e4a1d416a834b09e52f4360ac2aaa266efab96112ede3aed9db81fa07,2027-03-03T04:34:49.828412,0,normal
4334028f-8555-4ef9-ae69-9d447532bded,1704,User_401,User_295,2266237,6ef23698fb48a3f1ad3317dff2ca46192bc497bf7e3ad2e0a6fc7e5b9b7be81a,2027-06-12T11:49:21.828412,0,normal
95c2e50e-3a09-4e29-9766-9c94640fbf07,2634,User_86,User_130,3141639,bc51a2339590e1e6d5df6f23d7473c58190b98df94a394296e8b61250c0798f9,2026-10-26T11:50:32.828412,0,normal
f05ac6dc-7cf5-45f0-8c9e-44958077d125,2293,User_424,User_465,349315,96bade3e202d003b4b9002ce672bf467c0ce8a7743b377198efd3c33ce42e959,2026-08-30T17:08:04.828412,0,normal
fd7347d2-3240-41d7-a557-da396d84fde0,2389,User_194,User_420,2587696,9f440f4e14024b702a0a910029a6ed97a11896b6572a25d58dd78cff00e04f5f,2026-12-21T02:42:53.828412,0,normal
43b0314e-cf65-4b7b-91a5-0c2daa855560,1958,User_388,User_379,2557134,160db44918e39653c3e9e9f6826269d4015110fe659fc92f1316fd355059b642,2026-12-29T16:23:18.828412,1,rapid_transfer
527b89c3-5971-4934-b8d9-d0c42f20e683,1184,User_49,User_53,2767784,e575931525540d13e355539f85b5f23f5c4356117011b27eb0340fc56ee635c1,2027-02-25T15:48:27.828412,0,normal
94a7c76c-fb3b-4472-a580-888f28a04ebe,2691,User_187,User_289,733068,301582428ad0d9d5720298f592af9fbd5bf67d04c53d4c92e780535f0aa019b6,2026-09-08T02:55:58.828412,1,abnormal_price
ac2eb0f1-cbc5-4fcc-9d1a-15407a5feb12,2300,User_18,User_296,3453334,e25ff201cd19aa974375ad1edb0af48e73c4b7638277d243cb89b25f190ea08f,2026-08-31T04:26:24.828412,1,abnormal_price
38e97a6c-4991-4c89-8cfe-d7060525e507,1496,User_379,User_350,1817455,8f77a8ff4492feb34341586b27d7c3d59abdc54e17b831b2542790496e59e6e4,2026-09-30T00:10:16.828412,0,normal
05c11498-c8dd-4bd4-a314-8718d1b4b925,1532,User_45,User_317,1354566,cc0cea90309206264a3702533000858c6e305c6ce34a6d3e344de7061b9a9199,2027-02-26T15:44:48.828412,1,duplicate_document
468d8fd0-b912-4342-9f42-2aabe27e83f9,1471,User_180,User_267,2251353,e9bccb62cafc1e180fbbf2b6dc699b6c76fc0c6c3fff1ab2cd6b6233ad56915c,2027-07-29T14:25:58.828412,0,normal
09bd855c-d2af-4d3a-ae7c-9ce8e2b05728,1078,User_454,User_124,2675003,e5a8806d8c4b0e4ed59a9f81df3692a096514d3d6199c1a7cd40bb74d15369e8,2027-05-16T03:36:42.828412,0,normal
b22c4ca5-e838-4872-b1fa-a44034350cfb,2874,User_59,User_381,3896574,a6284c50b466b33b5b4aa907126fecd2ed5b0fe6f1606e94c18a4beea3d1d800,2027-02-10T21:21:12.828412,1,duplicate_document
54021e70-5ebe-4cbf-b295-ffd5f9c75bc7,2123,User_136,User_305,4915939,56b9bed9f951e89c30b28e0913d393ac9ab0beea6d0b8760c9665c310b04feba,2027-03-28T20:33:03.828412,1,duplicate_land
24581246-7abf-4f26-ac9e-978b82cdb7c8,1623,User_48,User_174,1011089,72c7d511f53ebdc7016ae4631547c29ac562ce96984f9a764a28490797d7ecdd,2027-02-24T06:26:20.828412,0,normal
155d781c-c668-43ca-804a-1c177e452105,1068,User_198,User_28,2073572,16517dd1577d144f6c5dc8d899059daf268b0ec993b8e87fd9bc2b3509108176,2027-07-06T10:10:52.828412,0,normal
1279326e-c55b-497b-883f-99e4da226eb2,1496,User_350,User_66,1941870,8f77a8ff4492feb34341586b27d7c3d59abdc54e17b831b2542790496e59e6e4,2027-03-25T15:55:22.828412,0,normal
2940fe93-5c3e-49c0-bfc7-2f4c189fb345,2768,User_69,User_202,3397811,f8809aeec83665d4cc18805c2dbad7b43b8a2c38cc7772906f397b483ac052de,2026-09-23T08:29:16.828412,1,duplicate_land
4058604a-de6a-41a1-a9a3-c93e5e91e126,2612,User_296,User_378,3514286,c5ceac864da9362ca93c6803efb157f8b7932e5bc81d4ec15e6f7f6983a3d48b,2027-04-06T03:11:15.828412,0,normal
1d5cc3dc-218f-4d5d-b8c3-bdcb2d22fc6f,1387,User_369,User_7,3662235,76f8594f67cb4282e6119cb3b3428ab01078d5b7f8c4962dc7d03fb05aecda06,2027-07-22T17:49:58.828412,0,normal
3c96459a-e83b-4987-b6aa-d2e8237ef640,2569,User_146,User_124,33471,45167e678aaf61fff6b90589e8f587b1a0e75dc85e8ee920350988bdf8f880f0,2027-08-01T05:42:28.828412,1,abnormal_price
dfe88cd0-060e-4887-bf7a-50c168a6a42f,1359,User_464,User_141,1019925,9500223e3740c5f3726aa9c5984772f2a14705f179fa61d6c34874f82fc7defe,2026-12-25T15:53:31.828412,0,normal
f3c8e27e-449d-4412-800e-4432fd3b4716,2899,User_347,User_415,579721,ed778e030bd834bc593cb588ddd10b060f3b37fc2c542d58116db6e610fa5878,2027-07-04T15:29:29.828412,0,normal
08a41fe7-ffea-48c7-8e26-e269b7b5f2d7,2043,User_91,User_372,1789062,e56264ee8f49c01b92a4def556dce70cd451b21204275b438e120f76a3652e1c,2027-03-26T23:25:41.828412,0,normal
341eaff0-69cf-4108-b676-f069475af646,2814,User_34,User_481,4594893,d6a11e840ae4b0b78dfb776c5d064b4260d0ac6c70f43467b43bb74b1c19070b,2027-02-03T03:16:56.828412,0,normal
4a58e74b-86e4-439d-b219-5b37b4b13ffc,1887,User_195,User_460,2031049,04b0c218430087a1b5f1c8263b451e98df39f905d1e1c7ceb3e63f00db64d317,2027-03-12T10:56:09.828412,0,normal
78b8f5ff-ba34-401c-aee8-4a6425c119ac,2257,User_378,User_280,2741659,4255765a6bc25beaa7d5682dad37e8f104716295f1b0af3fa05c3d559d77d1c6,2027-06-08T04:33:20.828412,0,normal
28381630-7d8f-48be-962a-28f0dabae031,2759,User_389,User_458,752352,a143524245183ba10860e7521403b3083b316d7a2f7500267822a0af7094a2e1,2026-10-15T13:32:55.828412,0,normal
0d8ba077-f86a-4314-9133-94d78f78e885,2967,User_360,User_319,800647,8d57902aa7622d8ac156ee5b863af08f0f22a56f31d768bc3a19b71dfd6bda14,2027-03-13T00:48:26.828412,0,normal
2c9a847d-1f10-45a2-8355-56aa84df2fa7,1274,User_297,User_122,3175390,d9c730e715c46e46eea64e7b0ecc9226555f2381cd57a84fd669ad2cada111ea,2026-08-20T13:20:19.828412,0,normal
c9bf1faa-a09a-4d01-bee0-3d9fab62c24e,2660,User_74,User_410,1813581,842a1838f01fad0c3688c0b37a15cd78a8f43e83d2297485c6db03e68e34f2f5,2026-08-24T16:12:15.828412,0,normal
bdfe2130-aac7-4293-96f8-ebb06054c2e6,2305,User_500,User_330,2713550,fc349037a11c4c1514232e05d0893d3df0f919de0ff3ab19963b9770f0d22792,2027-01-17T09:57:55.828412,0,normal
f5698624-9203-4f45-9a26-c3f03e9a0888,2657,User_72,User_322,1122715,7baea2c822388e27b37f83388c31a3e82c74df7ce46677d5cf7dcc8c7955e7ba,2026-12-19T18:37:49.828412,0,normal
cb5b2fc8-d9e8-447c-8d52-ca7515c36afc,1838,User_357,User_128,4391215,e17d6b894f3f5093e1e03d04364ee7af01e7fc8aa3670bccde28cb99b9324a38,2027-04-20T09:28:44.828412,0,normal
c5113599-2427-47d6-b508-f857e6cbd32a,2208,User_221,User_38,494227,cd31a0bb1896dbf70ca9f38e0a445196356d940050aa37d93bee37e203d5546b,2027-01-08T17:17:39.828412,0,normal
ed6adebd-9f65-4fad-9a86-f61a5de2bfbb,2850,User_452,User_263,4833733,52e7835f3228ab265fc387da18506c60d8bf8af87f906a084c29aa850f95994c,2027-07-10T12:37:37.828412,1,duplicate_document
be189ab9-6f6b-4a8a-ac2c-aee96802c8b4,2028,User_386,User_496,651441,ee4c0caa215b771b1bf223edca3c5a3a4d7b36a8a6e63afb0d5c5cb7bb894755,2027-06-01T08:33:57.828412,1,duplicate_document
2933b05f-0c91-41b6-9904-686c058018ea,2285,User_476,User_216,881019,03c534afd047503983b791be36e88119d534b9304362c74f66e1ea34ee2c10b1,2027-05-25T03:05:13.828412,0,normal
17181f02-99fb-4502-8184-dbd7609caecc,1097,User_139,User_236,3124919,97a81ca0740d0465539f557a27495786b12abdf26de34ed035635088761a1ca6,2027-07-01T03:49:13.828412,0,normal
d28d12e3-33a8-41de-9b31-a3376e0b26da,1951,User_106,User_288,2776901,2916ecfe3e97259c454f8073ae04edf44d5a01b8f73ad413fdaa3eac86eee865,2027-03-30T04:56:58.828412,0,normal
529856c7-68a2-4fe7-9a19-ad67bfe60e5d,1276,User_6,User_37,2827384,2eebebdb54b015f7709fbef05ce74436988e2df9dc90d5ec1f4bf4e171c10148,2026-08-24T08:24:06.828412,1,duplicate_document
ce5c2765-ef0a-43f6-892d-abd699791e2e,1276,User_6,User_298,1043283,bb3324b48623964e0d87ac335d8ba8bd46f04a934ca8601af745fa3f8e0349f6,2026-09-08T16:03:09.828412,0,normal
2efc6539-1c1d-4bff-a245-d7f7be37b014,2997,User_383,User_390,1666050,f63343a692cf35ebde46d57fc9b2a0549a60a37d1adc2db676641843d9daa118,2027-02-21T17:45:31.828412,0,normal
85fd5e35-0bab-4c09-aaa5-7fafcd2162f9,2951,User_281,User_478,438436,288108d0e74742fb7e962873e87722e88b8baa078446ba425cfcd5fb47662b47,2027-03-17T12:19:28.828412,0,normal
f829beb2-4842-426d-8759-14be8b9872c6,2766,User_481,User_154,4083850,f28ae11f16c89f080bad3d483f5d1f4900ab53c709de644f441826bfbe6c41f7,2027-04-15T00:03:28.828412,0,normal
034d7334-429f-4cd4-a1a9-61d527a01f47,1175,User_215,User_179,3370585,b62e19ed219b6302e0ff6b45ce5cc2087ec39ebfcc5c39a2c7640d16b1690668,2027-07-17T13:08:37.828412,0,normal
bff40299-cfce-446a-9b13-446dfe4b5ed7,2019,User_432,User_354,2566313,81829f837b15702eaa31e3f274b61d4d50490e9029de427bcecef6658587aa01,2027-07-08T12:49:38.828412,1,duplicate_document
e61e7f4a-6efc-48d3-86e9-5feffd6cfea2,1319,User_155,User_163,3305817,ba4e93868ee9a0507d0da014b1223e091d7e8912b3a61aa02eb23ee7d2dfcde2,2027-06-25T13:32:47.828412,0,normal
3de3950e-0e3a-42cd-a34b-d5d072448ce8,1562,User_165,User_490,2722589,f1535dec86cec154690fba02a5a6c50cb065091fff2749a9a0143ff32df005a8,2026-10-31T20:31:13.828412,1,duplicate_document
4592d9bb-207d-4b49-9c15-235c242fd8d9,1715,User_361,User_336,260274,9fc30b7fb4a7528506c5f2246ee242e7d53ce6891610975f615331772c45f137,2026-10-23T17:42:17.828412,1,abnormal_price
821d1cf5-5e24-4fc9-ad96-7741a7b264c9,2700,User_19,User_453,9954422,22902b14a7d1eeb2e372b244d8f3ad872b8792576531e6aad09ec9cfba4ddb6e,2027-02-09T14:29:11.828412,1,abnormal_price
6023ac4e-e324-4b24-b650-8e52531a8edf,2269,User_358,User_298,3172907,d5790c13ca85f606b81290fa81bc905868665bdcc939ae0ab30c7e49c258e841,2027-01-18T02:07:49.828412,0,normal
3b47faff-a911-4cc6-9465-9794dc049f87,1005,User_143,User_429,2255400,0a95e9cde9713dafba120a80fda57b88078412262dca1955900389ed4524a33e,2027-01-06T13:31:01.828412,0,normal
b711ef66-5def-4ff3-b17d-2af614a0cb61,2436,User_302,User_499,2242078,14fd07f178b8b0165a4ebf88869c4ae42ce3f877eca6b149a56d918c665a6130,2026-09-28T20:37:20.828412,0,normal
341b810a-6bd0-4000-8447-7fda03659b49,1297,User_231,User_493,1399971,47a56388757b149f35acf4509fef5e4c092d7f76722bf899ed5f1e299bdf2827,2027-06-30T06:03:53.828412,0,normal
e20221bf-6aba-4e98-b380-e6c937adc03a,1736,User_395,User_458,2133280,487f65d556a127ad46d9150a9185eb7f0cd6d2a7b16f7b5d402865c9af56d599,2027-02-13T21:39:50.828412,0,normal
99e8afed-e800-45d8-adc8-b1b31f937b3a,1553,User_279,User_119,24955148,653b4184bb2928906e88d9bc7ae1724cb6e02ead5cb7f5a8eca0412c56545526,2027-06-13T01:56:42.828412,1,abnormal_price
3ce16de5-7725-45e8-a87c-7898c9f1185d,1271,User_208,User_20,1635854,cac10cc1ac0b2221c7a727ca08d439d4114a75a4e09566dd6e6896851be548e9,2026-08-15T03:54:12.828412,0,normal
7bb323cd-39b6-499e-93d0-5cadb42b40c2,1868,User_307,User_224,1719651,63a8076220121d756b1f5ce0a08ab96c976d17ce765f5447ec1c7a0b6dd3f48e,2027-02-25T23:37:42.828412,0,normal
6a76b8ae-2f55-41f3-9a05-133f06d279b9,1714,User_69,User_163,2342259,1d901f27ab850c7339cbf96ca3b5861cede83a4632801c4d2e655bccfaf5ed6b,2026-11-01T10:49:44.828412,0,normal
a346b2c4-ce70-437a-becc-2e20a092cd97,1519,User_89,User_310,705204,da1e00731b2291be9f0c0c121e5dcf3f6382422d99febebeee021faff568e956,2026-11-09T17:55:25.828412,0,normal
e081fa10-2b3a-4fd7-8493-d0f6366e2e69,1182,User_23,User_401,2788103,94f557e2f256c4a862f807259cbe0605534ad4fc263887bb908d4b6170438b92,2027-04-24T03:57:33.828412,0,normal
d3fb4e0a-3f79-4522-aff6-c88c55116ebb,1655,User_15,User_68,1409714,5648aa8da251c1cdf76c594f1153731f53901b8c1083d711d42160a4d67ce488,2027-07-28T00:27:47.828412,0,normal
52d3b4ce-ead8-46e0-bd22-befec2d07c0a,2026,User_441,User_98,3255088,c8a11019cc31194834b4efb95390e5e745e644f52cfd14032334f57d919965e7,2027-02-07T03:54:57.828412,1,duplicate_land
96636ce8-7ba2-4f65-ac97-24aeb7ed2024,2002,User_371,User_455,2929567,3b7c20f939253cc44e378f8a6578b1db2891eb131b75c780b76cf5a9d0de51ad,2027-02-23T08:27:05.828412,0,normal
162b2c23-2e7d-469e-84f9-699497cedc4d,1785,User_53,User_83,2452234,9fb300deb326e336f195004111b550cb1f9909de793e5bd362227060e03b4119,2026-11-17T08:33:40.828412,0,normal
17407f5f-fa0b-4576-b66e-cf00dabec79f,2166,User_43,User_472,3677249,c07a7f3d58360cbaac71c6f071099d8528f03deccea746b5da7c4f43f00268ad,2027-03-05T17:47:07.828412,0,normal
9d76bac0-7c89-4059-97bf-b373c0f67334,2588,User_110,User_117,2119952,ebc2a4abe36eb8095c4f051f3c176534cd941a0e3039daf579fe6083b6892618,2027-04-27T22:23:26.828412,0,normal
cb02ea2f-7ba4-4fa2-9635-54b70b488b56,2860,User_447,User_49,1347377,c23ae0d0bd3e6f31922610accd8d563a5bd0edd2d770a56806378c2fb3741969,2026-08-16T03:23:26.828412,0,normal
41cfab53-1dca-4453-9e25-7dfb9b4cb2af,1590,User_204,User_208,4630890,cd0345a7badac6095ef100be7c35f00d97df921161faaac2dcffcd975a43ffb6,2027-03-13T05:17:30.828412,0,normal
8d0a1f7c-2b26-4be0-a0c9-55a871e1b92a,1695,User_106,User_482,750237,e4946f1e2f0d5cfd2a3436a68d4faddb0740844bee1a7e1503830c6c17fa0c7c,2026-09-06T16:09:31.828412,0,normal
0a8ac53c-6860-471d-ae43-43415d85c055,2638,User_307,User_94,1364080,8f7f24a3ab0a78f82131e15e0cde5dcc13e3edcc0fd7b6389f2ff6e1a17c5839,2027-01-02T15:09:31.828412,0,normal
877d9aae-3e31-4f86-86cc-5e849bc2a60a,1403,User_201,User_337,136793,6af73d2ef89b90a5999bf76d7c2eae6e89f687adf32c15fd1d2473a766d7638d,2026-11-14T09:12:07.828412,1,abnormal_price
b41b0f22-3a8c-4ebb-a009-b67f7a3de82e,2572,User_382,User_426,902868,d80050576e3aab3e32091cc8909e43f6ff648d85933f2dc08dc4e5d2898a34c4,2027-01-10T01:26:33.828412,0,normal
673aca83-25cb-466d-aaf2-d631b334aade,1524,User_249,User_59,3315631,ed2a65b55c7e4308fead04cc50c852aa7808e19a93e7cb69071cc32a51f03986,2027-06-21T09:32:09.828412,1,duplicate_document
a269421f-1fd4-4c3b-9797-a68c8b3198a6,1410,User_165,User_224,347589,0e28dcee6b675b0c3fa66d2e0a4dd757d33b4c6339d495c5d50e7f9725fb35a8,2027-06-18T22:53:43.828412,0,normal
813e3fab-ab6b-46ab-99ac-d884a0545580,1715,User_361,User_209,4348226,9fc30b7fb4a7528506c5f2246ee242e7d53ce6891610975f615331772c45f137,2027-04-04T13:38:07.828412,0,normal
e1579895-713f-459d-a278-91ec61606f55,2458,User_43,User_9,823233,f250939f4d3f2fc9f96a011afab7d49cefcfcae256b809acbd50a3d4bc7da3a5,2027-06-03T11:23:13.828412,0,normal
baceed17-c9fc-459e-b8ee-5e05242440db,2555,User_456,User_253,1166939,56b437a28c9968fb3d2231ee793aff869a7acfaff58e61aba17c95d158df7e0b,2026-09-18T18:11:52.828412,0,normal
7b7924ed-5b0d-484e-b902-ee482a610a43,2313,User_210,User_17,4669138,1e967ac9cafe1f1f4738bf2600b0500e01962d5d6fa82f1caedf6e4b79c5a9c6,2027-03-04T17:11:12.828412,1,duplicate_document
de155e7b-f455-411c-a7c1-571f1b5f60db,1641,User_125,User_371,587666,23158503591a73ed8e054f3a25555f7e059f34fa1f371567fd0109f2c5909e25,2027-01-27T20:05:12.828412,0,normal
0622b941-9927-41e4-b64f-62ccc7998aea,2905,User_457,User_239,2748967,cbcc0dd80bf32f167f58ceb91262c01383179663de15706e91d7298cf99cb2ce,2027-06-18T17:21:47.828412,0,normal
9459d4a1-7418-42bc-b31a-f90119219150,2988,User_293,User_237,2795594,643225e22ca31df6afaf6f6c7590445d6ab9ae2b87f55582f6ff51a04a9942df,2027-02-20T23:25:04.828412,0,normal
80dd0924-1a99-4389-aca0-8746392693bf,2167,User_73,User_373,4102165,4e8294fd0aff4c1b228cd862635af77a50125c076d61ea2fd6b0b73a862eff63,2027-04-15T15:24:56.828412,0,normal
9281ed27-9263-409c-9120-ecf9ed762e59,2781,User_339,User_319,640194,dd48f00d90e05bca9ec18a2b46f97b09b21d9dff21f9d91bdd212c0101767d10,2026-12-02T00:03:53.828412,0,normal
e992ba96-6be7-4e6f-8adb-0dfc3d1b1366,1468,User_293,User_432,605891,24444ae52b5832103ea78634fa18a0d5c1c3fcd542f9bcadd10641d7a4b709ec,2027-01-03T08:07:18.828412,0,normal
c3e861c6-2df9-4d51-a648-9ecedaa7635c,2480,User_338,User_310,3464511,a63b881ae3bd36fdd2b5aba98b8b385a5fe887291943643266c1d9282f1aa649,2027-04-08T21:34:43.828412,0,normal
4ef6f3f5-d4d9-4881-83e6-cdd37df6a726,1148,User_372,User_484,4170010,262acc748142f6ae1dde5d5c61724ece4eff1df562259aa38ffaf87a59287400,2027-01-08T13:58:00.828412,0,normal
1baad7c5-51eb-40e6-93f7-605f6dbbd449,1208,User_105,User_131,2942363,5dd37eab8574a0a8625b7ed6905c6d6caf251d373c1bed8e120e7d62f55f0cea,2026-10-25T15:38:42.828412,0,normal
15b8acc9-4b1e-4bbb-8c11-ebc0a88b8522,2563,User_70,User_161,22678,b6f5f3ef10e444c596d220be7b75dedec0831e3f74f5553425c5f52db20370e0,2027-04-15T05:28:52.828412,1,abnormal_price
6a167da9-73a6-4ee8-bd25-de9b8108861e,2717,User_164,User_131,3991580,1fb5f55af7a55db7651c72e7c77af30a1f20dacaa62fb1ec316915f22e4db577,2026-10-26T12:27:49.828412,0,normal
f90b7e0f-01ad-4b93-a783-ac0e01cbda9d,1031,User_191,User_78,5017100,282a32a3470777252dd0c1dba759efa6aa0a3dba8cab14f8c6aa93a74a41d611,2026-11-02T02:27:53.828412,0,normal
ad664ac8-c1e2-4eff-9ec4-8e16b8a4ccb4,1350,User_316,User_499,3971486,044c78d1b0ce81ac51ff471d4b2bf29f397547ab21bb10a8eb5ded86b21b7ab3,2026-11-29T18:15:41.828412,0,normal
5cb7b84b-4fb6-4f26-8a79-d6945def4be4,2630,User_419,User_275,494886,ad95ce293493ef0675ef07ca83a0be34293ede0b27850bf24c25a45376dfd6a2,2027-03-25T08:44:19.828412,0,normal
54996371-8725-493a-bc15-33d021991f64,2313,User_210,User_468,2132557,fcbaf02e36a5f0721df1305fe62123dbfb6aec0ed6d8db5f499fb435d3ca0b6e,2026-11-05T21:34:21.828412,0,normal
587b3da8-f3e5-40f1-9266-6067f45864db,2968,User_346,User_136,3220750,226400dbac7b7c65c3cefc9e9cc35a449e2ef4bffe2b9a9cd53e66f1c5091df2,2027-03-21T06:17:27.828412,0,normal
566a4931-3193-4c83-a50a-86fce2df176e,2084,User_423,User_396,2462047,85642905982b5321fe079952d5833dff208eb74b8289536f19a696323ec37452,2027-07-17T09:49:10.828412,0,normal
c063bea5-3d1a-438f-8dca-f7f86319f046,1122,User_441,User_194,3650099,794316f0853f109906119e5c49e142c840f95252f0393d905889f74860d2a0b3,2027-05-01T01:08:34.828412,1,duplicate_document
189eae9f-7d5d-4725-a09a-9b2eba1e2699,2776,User_453,User_3,30481226,eac7af671a117fd567073301c9e49abc270a5e2b36abb8379cf491834d98e09a,2027-01-02T04:13:19.828412,1,abnormal_price
9022915f-f1f3-4c05-b906-afa357cbf4a1,1577,User_69,User_189,3926959,7681ff159d92d7d7d10df5e3bcbee4b1a049a06def8e83f240caf8213e91951f,2027-07-19T07:57:44.828412,0,normal
b85d4893-2e3d-4fbc-a2e0-107f6da7afd7,2554,User_155,User_499,3878384,a65e7920eade55cd0af4a0537553a7660e9b1b8d44426c2832530220a177c48d,2027-01-26T19:17:46.828412,0,normal
f57fa4f6-6d6b-415e-a7f8-547c5e7a642e,2399,User_10,User_162,3754269,95023bcb8cc90b5045072e3873103b3c2504646e7f1c44b325e4d18ffc9c70b8,2027-05-14T15:25:40.828412,0,normal
6ecbce3e-9fea-4cea-a4af-97661d1cf840,2722,User_156,User_1,4193439,91b893acabdc999163bf1a62a24fbf202a927d45e73b85628ddfa7484d5edd60,2027-05-20T13:53:29.828412,0,normal
915c18d2-8364-4db1-9776-29767b302f46,2970,User_133,User_169,2005939,fb35fdae8354304327dcfd736e03f036822a7e68500e15f64ee863fce7c280ae,2026-12-30T02:21:48.828412,0,normal
60f3537b-b4ce-4161-b63c-99a0f976fa3e,1240,User_361,User_441,2484718,2f30417f0acad68d9eb0e98164ebccc59aa7bf4a445866ec9a9b9aee0b534e0d,2026-09-25T23:34:43.828412,0,normal
d85e1f6b-fa1e-454d-909e-241c3ec4de06,2869,User_335,User_421,520570,cfb304ead8983219386cba234c44b6de78e31362d7b873f09b2a990b8722dc79,2026-09-07T07:46:02.828412,0,normal
35d911eb-9da7-4723-a754-94ea8f4dc35d,2664,User_114,User_444,2960524,22662ace121aac550a311c7af7bae764ab6a6e6165d3281e296271f44b5e2bb8,2027-04-07T22:58:18.828412,1,duplicate_document
d298946b-3906-4cce-bdb6-41f2afbf6717,1897,User_349,User_233,1003759,df88fd634ac174f52a4b193c9a9519cfaf589131f117d863ce75fce6c7116944,2026-12-15T13:33:43.828412,0,normal
b05e2180-4238-44f7-a5fe-01b684d31aa0,1107,User_11,User_212,3055532,627335d22d4b409388a82ea5f4377bde7568cd36361a91f22a75414bebdf80a4,2027-06-03T13:01:42.828412,0,normal
0f3c13e2-151a-4c5d-8571-979f48cf6e61,2724,User_219,User_72,5774740,fe72d9f0c4769f734f59e1874f6f4f1ac17c6ce64c412da27b4de9d8b9598cc0,2026-09-25T15:44:00.828412,0,normal
392deeb6-8abf-45c0-be5c-14e642921078,1615,User_106,User_142,3182573,47337ec2d09500a98c8a3ea604569711184c9c756aeb9f40ee0f279cea3aaf94,2026-08-27T22:57:55.828412,0,normal
f1835491-01d1-45a0-b123-083db1c23719,1323,User_214,User_207,48090,65fc7ecba5da7b537ce0d2ff968a68198e0cc5843fbf6b3e58c3a67d1f694e13,2027-03-22T06:49:32.828412,1,abnormal_price
45f6336a-e2a7-45fa-b887-a87996b08b1d,1111,User_40,User_257,4190412,3762927656e8df4118554bb3b95e076d925b3bcfa189da21284ed86ef23dab96,2027-07-26T00:57:38.828412,0,normal
ef9ce539-dbac-43be-a312-d3787c1ec390,2980,User_201,User_390,80000,e28c3a1113fda9f9884849addf2f5e7e042b5f0980fdd01402fd3fc263a91e10,2027-06-12T18:26:31.828412,1,abnormal_price
1db3f473-0c59-4b7c-afa7-7c81d7de2b40,2010,User_473,User_481,2732920,3959bbde513ac54de2376d0e1a56b63acbc721bfe7b7136d3653202bce5f70d1,2027-07-06T05:13:42.828412,0,normal
b5cd6e26-1bf5-4a44-a580-c70f1dfd0334,2242,User_166,User_430,2315992,5524a7023a62fda123bac285a0d75c4200d3742c2d73af6dfdbe93dcb95565d7,2027-08-03T00:04:18.828412,0,normal
3a4ad670-ad74-4ba9-b9f1-03203a5e6697,2149,User_150,User_446,512389,19233ae0c94ae5e30c5cc30c75e03901de45cdf30f1b2ab748e3f8cfd3f783d7,2027-05-10T20:09:44.828412,0,normal
01d5478b-9031-4f27-a0eb-ac19d724520f,1610,User_391,User_190,3208247,39b08ca626b94448b7b01b8da536e4f5d6e858acb3dde5966c1a4fda1ea2618f,2026-11-12T14:24:43.828412,0,normal
0f82a15d-613c-46a5-86db-559a73a3347c,2340,User_480,User_493,1809814,b4ffb50f876ea3b6c30fd746c257d9baae9c3151f947a461455449b247110aff,2027-01-08T10:37:25.828412,1,duplicate_land
b9f27c99-de03-4686-b67e-526c6b69ea8f,1407,User_203,User_391,3921614,c39600bcf20c6910780968c7679b873f5ac668f4ab6dfb3fc1d6331ae47a270f,2026-11-19T00:05:46.828412,0,normal
6224e64c-8f7c-49eb-a436-b80172c2f036,1076,User_228,User_76,2869366,db8eb40e1021e652ca994e086f84b9205e6842da15dee258dfe1a055850ed961,2027-01-31T00:23:32.828412,1,duplicate_land
505f8c40-69b6-4cd6-932d-0e77de1671c4,2828,User_277,User_183,1185397,b480fc9fa6353bb06587d322c6d65a6fe9ac23eb305dbeb6e0445627b42dbabb,2027-05-29T01:01:13.828412,0,normal
b87e34e1-785b-4e46-9500-eeb46b2aa250,2813,User_151,User_452,2239552,51f009cb1086d376454ac3175cafeffee25894b004f77cd7810f7ca70cc9a10a,2027-01-20T18:31:27.828412,0,normal
36652d68-64c9-42d8-87e0-4b4d3692924d,2400,User_430,User_355,1295119,fec8bda201ae6e43237ec9931118847123ae047b1fc42a9da574852a9e4c522a,2027-06-16T21:19:03.828412,1,duplicate_land
df3b6745-0a89-4010-8b91-8060aa80f236,1701,User_155,User_161,4127245,bf987e2cb43ae043bc8c16585d1916ea887891593b70994eeee9d0c158d05507,2026-12-22T20:58:23.828412,0,normal
b35f135f-fdc7-4084-b650-baa7798a66bb,1843,User_41,User_65,2810405,b3a8427b410913aefc7b7a32f9e83ff0d393f295c2cbd3d1539c854c6150ab08,2026-10-14T19:24:05.828412,0,normal
2b252985-7722-44c5-a6b2-0ea5e5144739,2535,User_412,User_499,4425081,ce8701404513ea6238b81b78d6e53583a1d38ed60aa5018b0632068ae6f3a835,2027-03-06T21:13:46.828412,1,duplicate_land
e14b6d25-7e7e-4a83-9dda-0436652fccef,2901,User_351,User_374,498958,eb19bf98b60ffef69dca1f626b4bf451aab3f314a807eb1257728bf0f2bf949e,2027-02-05T21:27:44.828412,1,duplicate_land
eab37e10-d9d0-49a0-88c8-ac7023f78579,2387,User_464,User_248,1949898,3e5b0d36a772ba93ef552855a45dc43cd6eb3edc5d5f27c3bfc711a45e75d233,2027-02-11T22:03:50.828412,1,rapid_transfer
7a9bde17-8758-4212-ac0e-e63b6798a7e2,2513,User_3,User_281,1981116,8ceb945049b92c396c6fca41a7ffd8a7e325992a9527576ef79ed598a25112c4,2027-07-07T01:34:43.828412,0,normal
c3d65ce8-9d3d-4b39-bb3d-90bf2053f68e,1330,User_446,User_401,3533744,61b2d676d1b3425dd5bf3f855da84eb0b7f174e137b1b51e40e20faf3c168664,2027-05-20T19:01:24.828412,0,normal
a338856d-1ee9-4c6e-81cb-f246cb94c184,1417,User_494,User_453,1047201,893c3ce830f6bda916734c1d7ff73bf72a44ed09b7bd317cb70d4b4d9d98cb08,2027-06-10T18:17:35.828412,0,normal
1f89696e-91af-45d4-a569-2f832e3e54f7,2405,User_487,User_95,1306999,76c7cf63e00257424534eca664fe336738f10ddd5819bb88323356cf88238202,2027-06-04T01:50:11.828412,0,normal
62a2e604-51af-40fc-8549-ec45e9c7aaf6,2149,User_446,User_314,589099,19233ae0c94ae5e30c5cc30c75e03901de45cdf30f1b2ab748e3f8cfd3f783d7,2026-11-01T14:32:43.828412,0,normal
6425976e-0a6c-4653-86f2-42867d656bb3,1806,User_226,User_24,2402473,47178eb9ee969c9d282909108c02f6d5b1c1082681bfdc3b63a987f796045f8c,2027-05-16T13:20:11.828412,0,normal
b9b4b688-95bb-4d9d-8d80-79a3d6b5810a,2106,User_403,User_8,5197079,1b33ff16683c1fa1c38b1ce7669823e95646f0aa26aff8174fbef02221331463,2027-01-31T14:54:08.828412,0,normal
ba69fa77-7e1c-4061-b108-229ae0316187,2835,User_360,User_45,1063786,bb4e7353bf1e6c353b43aaf41ec6b4fd5561488995bc6f111a9869dee4205887,2027-04-06T04:18:08.828412,1,rapid_transfer
3fd65021-8443-4301-986e-d63e6a249eca,1993,User_389,User_392,3017232,3cc89e86bc5e51bd8780a17eb46a4de229adc61d43aa04097c78b9dc9dd4f719,2026-09-25T14:03:27.828412,0,normal
7d133fa4-dd5e-4753-b30b-d279be8d7c30,2642,User_465,User_209,895890,60212b21cc78d5943a44bd66d712eeaac871d8d7f188bd33cfe98197538db7c3,2026-09-19T13:51:38.828412,0,normal
ad9c6ecb-934d-4d5d-a1f5-009c88b62869,1424,User_58,User_311,2912122,4fc3ad96ae4777b7af83451ab1871438522945b8cc4eba9698abb523cd465cd9,2027-06-17T16:32:48.828412,0,normal
1f3d2c6d-f7f9-44ce-a0a0-31dda0f99132,2616,User_107,User_126,87692,b4c0bf3aff0403e12ba657100231c8bb53606cffee2080208fd137a6831184fe,2026-08-15T00:23:09.828412,1,abnormal_price
d1d4a7f0-cb52-47bb-a566-4ffc58719d5b,2214,User_268,User_353,1993363,066b78f975f5d42d08d6272f127d91afe15673a1c57e0328a38eed2efb24e166,2027-07-18T20:23:09.828412,1,duplicate_document
b53944dd-5989-4143-8e60-49b6d268e2f4,2846,User_271,User_56,3764226,1f9f770a21d2ba00f5f6d773cf9ee32f8cf70483094b0cd3c677a58d08d88c4b,2026-10-13T05:57:44.828412,0,normal
09d9bfb9-dc27-4103-b967-f870d383209b,1610,User_190,User_278,2992620,39b08ca626b94448b7b01b8da536e4f5d6e858acb3dde5966c1a4fda1ea2618f,2026-10-25T15:03:31.828412,0,normal
f87a3acb-02b7-4695-acc7-b583bb4d5eea,1731,User_31,User_268,4040715,c0d73bbc3b491561c48c0093e95eeb4235f0cd794e2ae1885f238970e41b4128,2027-04-01T20:50:08.828412,0,normal
2b3ff203-0a4a-4211-a56e-3d881e5e3ad1,2927,User_23,User_275,1577016,5c426d04e2914f68abc88750440f06955ee4a1cea50dbcec5016a4ab1c0ac74a,2026-11-18T21:43:19.828412,0,normal
eb32efb2-e155-4d3e-bf4c-7f2b105ed106,1845,User_405,User_1,1199991,ed7b3ca68b18bc20d0e0fd32cec130674bf223ccdec6b8106ebce14bfdef390e,2027-01-30T16:33:20.828412,0,normal
72ce868f-18c9-443e-b55c-7eefb7f82d79,2770,User_117,User_194,699067,168fe0262a364024bf40f8c767e8622d4c112b3857227178586f6c4077ffe220,2027-02-22T03:09:09.828412,0,normal
c2f1defd-6434-420a-8f7e-280cc4a885d6,1500,User_327,User_173,3831070,b9b5389d830ce54d9246705cf4ed5fb8462f635c8a913245af5449c75912b92c,2026-11-27T09:19:30.828412,0,normal
e008498d-7726-46ae-adfa-31822197fabe,1953,User_76,User_482,712342,ea06266d86d49695211ea32ff3022c81af705350ef362217cb5c3296e15af782,2026-09-11T04:50:18.828412,1,duplicate_document
39f87130-1e8e-4e58-b0af-f5c40b6e64d4,1886,User_398,User_386,2238607,62b2f0383d801740604241627e3631fef771f58ab0922dc0240c14649729aac0,2026-08-18T06:52:28.828412,0,normal
9de50028-3f85-492b-a8e2-a54a7b9c1bde,1141,User_418,User_422,3088555,efc62d5d73f384c599456e843cc061283adb4fe20e781c63199fd23032b478d7,2027-07-11T07:20:06.828412,0,normal
63c9a0f7-462b-4f3a-8ebe-aaa95da9a62d,2491,User_55,User_241,1058287,5286567dcfce9f80b5ad7a0587fe05683a5920df5b65cf6356f0a6ffe877cbeb,2027-01-01T00:04:11.828412,0,normal
db9ec499-f762-4c13-9ef4-f66875365d99,1055,User_162,User_193,1233132,a636d9489321508d608259976aa5e030dd9b6c97db93bea17ee2127fd6465758,2027-02-15T17:16:12.828412,0,normal
db7aeeeb-d7de-4f98-9412-27b323e6c323,2237,User_158,User_255,2003167,da91fd3dd288ea703991205c3952bb209020c88536c4609c3af43f4e3849f160,2027-03-24T01:15:09.828412,0,normal
5039ffd8-5145-49b4-aa32-5288e8c3a140,2017,User_127,User_175,4912891,33217dbd81b56ce1af787b0b057160d042b2eee0f0f4947ef42e1827a0676a99,2027-05-04T14:06:06.828412,0,normal
95af5297-a05c-45cd-a60d-45b508ebc365,2969,User_338,User_37,4356316,d31779dd1718564d364ef76d5631aec384682a45b346b7b6477872a0e96bd81b,2027-07-18T13:50:01.828412,0,normal
929dbb47-15ac-4f69-b8e6-4b93183111d9,2045,User_334,User_69,5255848,4e42268e0a37ea24925c44c803d12343638a2988171c90950e6cc8764c164e11,2027-03-05T18:49:32.828412,0,normal
6cac5389-cced-4270-8d6b-23184a5d6a82,1363,User_151,User_319,2826874,733916c4da64fd51cb60e171926ac3d8f5273a803ee238961590a59713851b4b,2027-05-28T18:45:54.828412,1,duplicate_document
d558690c-a4a1-4671-8c8e-5aacd7117bcf,1810,User_243,User_337,1411059,d4a79358e83a517c070b17306d8154b35082072bb15f14164167ef351c4e3bd2,2027-01-06T01:53:03.828412,0,normal
e51372c6-2186-430e-9c16-ee969aa0a80b,1473,User_229,User_493,5236786,655af3f0251a1c6cb9d7441921c2d1c232174e0386099f4a9e203a5ddad1b8c8,2027-01-26T02:22:32.828412,0,normal
ef61c381-8b26-4e83-9659-d871496f70f4,2312,User_291,User_82,835951,4ba58e4b8061feab03147f537e72dc7c9f3197bc8b2899300c308d420ef9a9c9,2027-05-30T07:15:16.828412,0,normal
32212af5-ce20-42f9-abfa-d1969f38b3b9,2176,User_189,User_49,2664428,e7e92a957dc601679e1bb1012346d6fe734ff39fd9a15b66a0a7ab42d9c792ef,2027-06-20T03:47:27.828412,0,normal
a3a66188-929b-4763-be88-38cf5f7cb648,1674,User_278,User_40,1490522,e818605426687f53d105fe100b0f9509db61be6c22ac04073c227b743e4ae511,2027-04-10T08:27:49.828412,1,duplicate_document
eb1f723c-b447-454a-b0f3-22da4f004ad8,2614,User_449,User_138,2666593,6c6cde38d804948ca664690ce6d2ed4c8d3f59edb0c9c6f8ac66b3a9c9dfb552,2027-02-20T12:01:34.828412,1,duplicate_document
ed29b92b-6ae3-4f2f-b911-c02b71316d1e,1129,User_74,User_357,3285220,a69f6113631c45428d55d10e005508aa302fe4d2082dfac232ef39ce13059ded,2026-09-01T18:25:06.828412,0,normal
d0d27f60-c4b2-4a52-8f6d-cf824c4dee52,1930,User_361,User_121,2318148,47975c4be3b1631058c070a7f889c1e3ac5c3edb83b992f263a5fc5860edefa8,2026-10-20T03:03:42.828412,0,normal
80ed7d2d-df5f-487a-941f-26a618d8bb0c,1060,User_346,User_168,3163430,961f62ab5014b7871291dc2a173717773a3a63e7bcb0eb6e400d8417cc7cd32c,2027-06-02T14:38:28.828412,0,normal
1d078852-a33f-49cc-bdd8-d16217aeb92a,1724,User_436,User_452,4083872,896956ef1b4f57fef43ed6359ddb0387f551e8261b076280d319680f0c26920c,2027-01-27T21:58:20.828412,0,normal
64a37d68-b54d-4518-b230-63638f2a488b,1211,User_304,User_136,1416488,bb46f2625c531c44d232212a2723275c66dea66489c8dfbb59d6751450309f00,2026-08-15T19:14:26.828412,0,normal
1061563c-9695-429a-840a-bfe075de0115,1082,User_247,User_61,5661556,2263e8dacf02710c751f519b14d39ec180c68c4a06b554ebd14c704aa24cd893,2026-08-14T19:56:53.828412,0,normal
3b51e3da-49d2-48dc-b7f5-075e4a300081,1829,User_437,User_203,2411117,32ecd540a5e2f5b29c54f9cc1c1af7c9c2663744ed0cd9ee1118e9bfab70dc48,2026-08-22T06:56:20.828412,0,normal
793751e8-f020-432f-b709-730f30a86374,2866,User_207,User_78,3915462,cc5f2713d977040451eb5994b041b4910c22f108d7e5edda36ad6cf91575b8df,2026-12-14T01:28:50.828412,0,normal
d0d64a6b-fe6e-4b0f-a694-a3f45fe03f07,2671,User_197,User_177,3362792,890ef75dd2b90b8a3d526a9b5a394ab4d9e4985e34d78573f36f160bfdfbce2b,2027-07-01T13:08:53.828412,0,normal
d24c06f7-0ef7-48e6-9e36-ca1d16aa8dbd,1121,User_424,User_72,420023,c158631d8b2983237b17a5c528cb4340973f7a2887879c514cfacc951bca7978,2026-11-06T17:42:52.828412,0,normal
be5a5369-0d5d-477b-979b-7153c9f5dca2,2906,User_84,User_87,2754988,7c9044bf34c935fb1a548ca45ec2ec04c9f6625dac5b33e33a9a7aca72bec230,2026-12-30T18:30:03.828412,0,normal
fedab967-818c-45df-8c10-beec7a099f47,1274,User_122,User_96,2761171,d9c730e715c46e46eea64e7b0ecc9226555f2381cd57a84fd669ad2cada111ea,2027-05-23T09:59:04.828412,0,normal
204da0d7-97d0-4a3b-9440-b34559af9e1d,2938,User_370,User_216,5278920,05daa1213166c252ecec8b9f1b673cac2ab96ac9d5bc6e248ed701a4c19ee876,2026-09-23T01:53:43.828412,0,normal
9ed58377-ce51-4a86-8b05-059a3dc02637,2590,User_136,User_187,2779785,92d2f8fccfc7dd09bf3c2748266481a243f450cc4dbf79edf7616dc93a04bdf7,2027-01-05T05:12:33.828412,1,duplicate_document
f5420c9b-a02b-473e-80da-775b33df8f6f,1374,User_465,User_395,1320281,cae68793e302a0c24729550dd9f630f9e5c489faf0c58b791333488cdca11b13,2027-02-06T14:50:56.828412,0,normal
c8caa3d9-8c32-4ed2-b8bc-1b2a22c777de,1172,User_113,User_85,1023266,7610ed09a75599f4120f10574cdfea7a30a22ac2c0a1ef2fcb3b7bee7bb3c5e3,2026-12-21T20:51:29.828412,0,normal
9902307c-37f4-4078-8db9-d9cb5fe26962,1893,User_496,User_161,342159,bf9848c2955d71233eeed6c2cad1b96a9265d9fbd5c521aa724a44363fd4d8bb,2026-12-05T11:54:41.828412,1,abnormal_price
dab4b9bc-52ba-448d-9de0-48e474c1337c,2934,User_314,User_366,2582987,98952eef94e488b6fe7433e3f5bcf8fc00289818501b93c612b18e923a411194,2027-02-14T16:57:39.828412,0,normal
60dc4c15-cf80-4e99-a186-35aa41842d5c,1865,User_23,User_77,403927,fe530ef47642efb8f44ffd8061f0c69fab89dadf5d99de6b4934de16f42ccc10,2027-02-22T00:26:06.828412,1,abnormal_price
579364fb-dba4-4921-b2ec-8f6c5ae503b8,1897,User_233,User_466,848744,df88fd634ac174f52a4b193c9a9519cfaf589131f117d863ce75fce6c7116944,2027-06-22T22:27:13.828412,0,normal
77e5dce9-1246-40de-b231-7d69d5a3d9da,2981,User_27,User_105,1056201,6d7a47394a6004a11777048edb7b14915aa72b73ca6ae9054ce3d02ee6971c03,2027-03-04T06:43:34.828412,0,normal
14150322-ef98-46ed-ad9b-63ad3fea6663,2830,User_197,User_237,1542575,7e4524148909b6f9eaa47c009bc5c2ab7a8392e12397f5da9f9425c5bd4c9f9e,2026-11-10T02:54:09.828412,0,normal
ac56cfc7-d3f9-45e5-8e1f-435b21b38d7d,2342,User_437,User_148,1775591,364598484c92cd02608bca27ef8b13140f11b3f871147db67de59d2bbef6a6fa,2026-08-22T11:40:30.828412,0,normal
df3817c7-3fdc-4d16-b350-c261f0b5ab55,2643,User_226,User_197,1343617,044c78d1b0ce81ac51ff471d4b2bf29f397547ab21bb10a8eb5ded86b21b7ab3,2026-11-18T01:19:22.828412,1,duplicate_document
f2e93743-9ae5-4fc8-9080-8f854e3cefd1,2871,User_399,User_275,3332300,348868ed413e168ce08ae9607180dc19435f99030cc15fa351e689b46f0d0253,2026-10-30T02:47:00.828412,0,normal
1f566d13-5b89-46f1-9ca8-96554a2a32fa,1472,User_379,User_490,4402218,0cb3c414513f10a9330ef3ac79a250b7ed8ce2c073f086e445065d1cac6cb698,2026-11-09T05:56:59.828412,1,duplicate_land
4e2f096a-5eda-47b2-a061-352fd31c612b,1328,User_212,User_423,129029,fcd16e710f8466ee266ec476b98ccc223d7cea7f389249eaa77db82ce71e6358,2026-10-25T06:17:51.828412,1,abnormal_price
fcc7a6ab-c922-4320-a5b5-f9874717718f,2794,User_163,User_55,449295,6dd9b0553ccefdf2d759d1e90072e0d1dbfe521c0310397405dce9b1f14d089f,2026-09-19T16:17:52.828412,0,normal
0e1f5112-e28d-45c3-82a4-77c0a013e567,1873,User_336,User_257,2321958,163e373c163fdaea18a8c18ec42c066ae8bc65016fca6c2d24f8515a50c6c091,2027-07-08T12:29:07.828412,0,normal
1c562fc0-69dc-48b5-b993-c72a593e2666,2068,User_356,User_136,432990,499dcf4f9a43240c5eb865a9235d644078832e10f31c5704413c26a78e176c98,2027-04-15T09:42:52.828412,0,normal
a543d910-d871-4034-af0c-cca1b06849ef,2547,User_301,User_71,327963,6384810e0fd6fb330a678bcabe5a3e99fbb1c371200bdfb2cc5a06f5364dc931,2027-01-23T06:49:23.828412,1,abnormal_price
4ed508d3-6a5e-4d73-813a-b6efc538a798,2617,User_483,User_445,325845,1392221da75eac56fb56a759df92e7d7851f5ab7e818e85e373996192ca11e72,2027-08-11T11:22:10.828412,0,normal
36e1e8c6-62d0-4139-818c-b5a44f492d47,1987,User_252,User_178,1758374,cf1fec93325876f0f4f98a6a32a892b2e510b5faac2824963a951d58e08dd5b2,2027-02-21T12:03:08.828412,0,normal
97ff3a4f-623b-44c6-8e28-53715a98544f,1243,User_196,User_125,2695477,386e04195e05ab66d01613c2438d9a4ad8ca8584e4470fcaff60bee8957d0efc,2027-01-28T12:55:10.828412,0,normal
489b2854-1dd6-43ed-afaf-5ae6faf0718d,1978,User_393,User_207,3415358,0a9c5441d9b0e7a23f2332a1cab8a39c6f5326a5ad4f6c12ac5ce2b1ae319c86,2027-06-27T22:51:07.828412,0,normal
6bd14144-d777-494f-9cae-cb472f7f0092,2611,User_224,User_271,708095,2130ba2fa812c110ae6cfaa434342a89b7a2c61dcb21775d0ffc35644e6a8a34,2027-07-26T16:14:26.828412,0,normal
bf70faed-3e56-41fa-85c3-5683fccdb86f,2975,User_409,User_2,5079610,5d83ee182678ee691beb443ba4f0e1ed75a80dac762fd6f55e851dbf255141f9,2026-10-28T05:33:02.828412,0,normal
def317ff-2416-4cbf-8c0a-959aea254fc1,2810,User_275,User_22,987548,f4948d3c63ec92a96e94225dc073e0874996759b08cc08f3a212b0f798c47ad6,2026-11-27T03:45:01.828412,0,normal
6978bd06-8231-4dbf-87e2-26ddf9d0db27,2175,User_106,User_290,9113492,37b38097adfc88a0cd4cff4b97be85c6cc73547eccac196f245cf7cfb937c202,2027-04-28T18:24:24.828412,1,abnormal_price
6770cc07-cecd-4673-bd72-903f19ace2d5,2952,User_241,User_486,4722995,31413f439ca0f4b94d4f1a3bbc76cc7c198d66ad7420659b8365f0141c5cfbec,2027-03-28T22:40:30.828412,0,normal
6d43534d-ab14-4aa5-82c7-6c955a55cd63,1364,User_452,User_403,932193,64c3cb994a33b6f5946b5eb7130b3352fb6b2e8c60812cf469cb5bc70405eee7,2027-08-11T00:26:00.828412,0,normal
24c2d934-bac1-4bf5-9bf2-f40dae45dcd9,1830,User_363,User_130,250423,23eb6bd5adf377024768e4bb1dce317161af9dc8c0b094fc24e7fa6c26d4d615,2027-05-15T11:12:00.828412,1,abnormal_price
49018927-5dc1-4c89-8170-559189542db3,2168,User_340,User_89,1088422,4cb14cfe2314b2f35a99a4b781e846c7a9783fa6213e2415d8c25ca23e4644ec,2026-12-24T17:09:13.828412,0,normal
6c5334a9-b677-4ff7-8f78-b1edfd37f4a0,2597,User_287,User_71,4364279,739be13c0ab0b89875626566be849f68d607e97554dfca79cdc7131c04b24b79,2027-03-26T10:38:32.828412,0,normal
82a6d3cd-2853-49bd-b3c6-a7347c9afb6f,1858,User_12,User_111,2403891,ce5c42804e023bd0465d6787bdac2a59183c941c3e1be6545f69643f40ae2837,2027-06-17T10:51:32.828412,0,normal
1b5de086-6b64-4689-9fe0-6805115466ca,2457,User_146,User_219,1877934,3ad574dbfb12349ac04e4c678dca49d6ca026fa69fd88b55141b0cc1b94c5ef0,2027-05-29T22:33:36.828412,0,normal
8e03b4bc-313a-41e7-a135-52df07b17d12,2065,User_372,User_75,4878972,6816a50ea25b2c1d302463cb914c0fcd56ffa2a0896770007503e4870afced43,2026-11-29T07:53:06.828412,0,normal
7b57293b-2d61-47d0-a1d4-1ce7aacfa8ee,1027,User_353,User_305,676495,08cbb9d5c47ef108fca4dc599063325ea736d6e3497df95e87ab2485623e7d6f,2027-02-07T07:34:03.828412,1,duplicate_document
11105379-bac6-4c92-b03a-426316ab32bc,2898,User_420,User_122,2274288,ae996351237027ea0d0bd48ae5a2bce1c7afa30a1b514c0d01340e7517dddd7f,2026-08-28T17:57:07.828412,0,normal
c00efeef-ed2a-4a80-aa77-3a076769692d,1210,User_381,User_59,392517,5581142a75a03a5dfda1cfd99b6217d1c61283812de0a8dd79ef056875898b1d,2026-09-13T21:50:34.828412,0,normal
89802429-d22b-49a8-ab4d-904684ee8393,2224,User_417,User_265,3425017,730862d0638b91178692428ce8765dd9418316365badd716a9ba72258ef2c26c,2027-02-11T02:24:44.828412,0,normal
aa042c3e-845e-42dc-b54b-ec910b971ac9,2274,User_106,User_103,2033905,dcb1d5f9f5c2db6e8623310e9c9d2cb21bf3431c6692902105891ca0f3ddfc56,2026-12-31T21:51:23.828412,0,normal
42ee2f2d-685f-47f2-9878-7a6954a4bb7c,1350,User_499,User_391,3828744,044c78d1b0ce81ac51ff471d4b2bf29f397547ab21bb10a8eb5ded86b21b7ab3,2026-10-24T02:21:17.828412,0,normal
c7824fa7-9a19-4f36-b9af-650168fecd50,1897,User_426,User_472,2900171,9910d6e76648b50884568308a2f64cfa9976cc45f69af8e737b9227509fa503e,2027-04-09T01:03:43.828412,1,duplicate_land
3f31696c-4651-4e87-9c3e-068563f47d4c,1041,User_32,User_335,3119171,f35278610ad6db74390ae8775d5225b5b20a147f2dd0c779499a61f3e3ed31cc,2027-01-11T20:00:12.828412,0,normal
0da7f17b-6e9b-43f6-be0c-6a89360ae6b6,1058,User_274,User_150,4212417,a2f4f0a1c19895c0faf6ddc218674f821a30511c718a8aeed2d78049436b33dd,2027-07-24T07:49:41.828412,0,normal
6d94af2c-eb1e-4086-accb-2b461b165fbb,1578,User_292,User_357,4484305,46b22504d98c7d0040296d808baa54dbb8caccfaf29832f8ef2eb2f60be4d058,2027-01-20T12:53:13.828412,0,normal
b7ee0b93-297c-44e2-82b5-f154bad9c066,1608,User_328,User_283,3811680,8fef947a6dc14dffd48ed0bca8bc4006931b3f81a8a47565773b1ba23169010e,2027-03-07T19:43:58.828412,0,normal
22016785-2013-4ea6-8759-1d22fb3ce860,2987,User_213,User_16,1086723,48e042f095cd76d29826fe0710b0eb0156b098f0d183917afb3be2d4bcd61b53,2027-01-05T22:46:40.828412,0,normal
df968b33-1c2b-4f54-bba7-e50c9f2ee51c,2404,User_381,User_58,3940363,1e967ac9cafe1f1f4738bf2600b0500e01962d5d6fa82f1caedf6e4b79c5a9c6,2027-08-08T18:38:52.828412,0,normal
5a676bc4-1d2f-43d9-8b35-276573625168,2580,User_124,User_368,1156149,ee4b7dc4daaf0ab4e68efa6a6cc6cfefb2baaae881119a1cfbe07daf4c66d126,2026-11-21T11:49:01.828412,0,normal
98879edb-d15b-460f-90aa-d7f617d40146,2821,User_55,User_467,4050033,c28d358204baac4c122e106a42fbabaf7518185dfc8ecbd1df0d5adda78a4080,2027-04-24T09:48:53.828412,0,normal
88d3c14b-beb9-41a0-9fbb-510a0cf07176,2767,User_75,User_317,5000958,4106f4056f7857a5a883e291fdb20c601fd977349e7814445e4e18afa8fe15f1,2026-09-25T09:51:19.828412,0,normal
ddf24d8d-3c6d-468d-a411-2497dcb9b739,1905,User_73,User_445,2619244,0c722d61ff55d6709c564a75993d5c8962145e23d09bd2da7a1f09b04a4fa8e0,2026-10-04T01:42:45.828412,0,normal
cc87e2c0-8a8b-4431-bb6c-80067a628239,2241,User_178,User_137,440207,aff8b5347bc06523482406625138e2205f4b44d86ba7149ceee52c727575106b,2027-07-28T13:54:42.828412,0,normal
979160a4-0717-4bae-b062-d73101b07cf5,1417,User_453,User_403,1256356,893c3ce830f6bda916734c1d7ff73bf72a44ed09b7bd317cb70d4b4d9d98cb08,2027-03-14T13:19:03.828412,0,normal
07885ccd-0c9f-4b08-a25b-e910907242f6,2702,User_468,User_438,426924,a2db67199a738bbfddc72afc416488ccf7fde58e85ed6e4dec7163b6da7cdd26,2027-02-26T04:11:33.828412,1,abnormal_price
e46896cd-829d-4f32-901f-f137d4f4d885,2067,User_285,User_207,4152167,990f4690c5a03568c8a3e69d059577d105f1047eca929cfd09b4317c39a96c47,2026-08-19T05:22:06.828412,0,normal
963106e1-b28a-46a1-a150-21fb91f6b42f,1632,User_157,User_294,5424585,2a12009008b046c60a88efb9b7847595ea395ea40d9176a5a9227524f21cd715,2026-08-24T21:57:17.828412,0,normal
a07d1369-389c-44fd-801d-dc853c4ad4c9,1643,User_322,User_321,1578333,3944bfa760fcebea5053f45f3a38d5942da1b11f5073bc44836fefdae55cef04,2027-02-13T18:42:24.828412,0,normal
f9d29833-62b8-4918-b700-6accdead15e4,1180,User_377,User_32,2721462,4697f62cb1851107788c6f80e7ebf7179f22b1768f9687ae3d001ffda1d6de09,2027-02-05T15:47:25.828412,1,duplicate_document
ebff5d69-1473-4cc9-9514-3b6d2a6118c2,1431,User_150,User_71,1331493,be4909bfd1d21038956b5edb34b3529434ab8534552fe2e42f888e324776ab2b,2027-06-10T02:56:47.828412,0,normal
f225d579-0bda-4f6c-bcf4-0dd466b6964a,1307,User_175,User_32,4606529,2e4251797510d46e58158b16595b1955a2987b2cd1542a4409056f5fab22a54c,2027-07-23T06:41:46.828412,0,normal
06a894a1-e4c2-48bf-955a-7b4812d5d6d7,2260,User_58,User_276,5797635,7a1adfe6e11014a0f9f0e9e30148b2b208a9e4a52ef6af30b33c16169ec14670,2026-12-09T13:56:54.828412,0,normal
64e4648d-85e0-46e9-a824-193e1b68c088,2106,User_8,User_210,4422742,1b33ff16683c1fa1c38b1ce7669823e95646f0aa26aff8174fbef02221331463,2027-01-24T09:56:07.828412,0,normal
b6fea179-209e-4035-a617-77f22989f407,2393,User_94,User_311,4172025,90c20dd99ba6f8e71074cd507707c41923467522271b026c485eac9a37236698,2027-03-28T11:15:35.828412,0,normal
5f71969d-5855-45e2-afb0-0598edd87593,2410,User_402,User_141,1619911,8b3b3d1c3310ec711a666c47d5f85fd2daf01b563e681713e7b63f4e2f39b377,2026-11-03T18:40:19.828412,0,normal
39055b12-7ad1-4a88-8fd9-0a66be8e0565,2168,User_89,User_99,1100107,4cb14cfe2314b2f35a99a4b781e846c7a9783fa6213e2415d8c25ca23e4644ec,2026-10-04T09:28:08.828412,0,normal
92ac36f1-2d82-464b-ae55-ab7298b7a813,1173,User_383,User_266,2537758,b957fbb28c5ff04cf7145a7cec04a4f5da1b7197773600f15ddb7052b0bb8436,2027-07-27T02:16:51.828412,0,normal
5bd33125-8ab7-4ae7-b118-96ec87b14d69,2260,User_276,User_391,4994327,7a1adfe6e11014a0f9f0e9e30148b2b208a9e4a52ef6af30b33c16169ec14670,2027-07-03T07:08:03.828412,0,normal
39e3e0f5-7184-45b2-8802-ab34e3f1500a,1892,User_82,User_358,908165,1343fb4d4315d856ce25d4d4f7831db4e1c72e4007ac6cdff88967afab9dd1aa,2027-06-04T10:17:24.828412,0,normal
08de2b68-4286-4bcc-b709-6d513085582e,2235,User_112,User_468,4346352,320a20d2d5d5ae8081bc42e4ab72e44499e4ac09caa091115e70e461785d9cee,2027-05-12T15:34:55.828412,0,normal
c170067c-4fd2-4336-9623-a6fc36e2d7cc,1833,User_286,User_441,723786,283938bfec488ca1086134be864b6bf468acce8f6c19a209ad82dc697bf48d36,2027-07-30T17:35:09.828412,0,normal
670dc1ad-80c5-4f71-8084-49be440a50de,1345,User_293,User_420,2786239,caeb7537e836658ac8c8b72ea7f4818765566a46a4dd54ba7659eeae66e2e47b,2026-11-01T19:37:02.828412,0,normal
28713cd2-bbfb-4802-8a35-25e093f53dd6,1290,User_97,User_493,1666609,42dd4646313cad3614d4d4935665f2aa44a40cead15763111eeb83895221044c,2026-10-19T04:13:30.828412,0,normal
cc9eee2b-13c9-4d04-8e36-a30dddee25f1,2158,User_449,User_183,1691282,b6f5f3ef10e444c596d220be7b75dedec0831e3f74f5553425c5f52db20370e0,2027-05-04T12:03:22.828412,1,duplicate_document
cf3142d2-212b-458e-99b7-abfb5c22c59f,2048,User_241,User_197,4312927,213ecd23c0cac548aee060d8c3fd2eb086d8ef03d4bc49bfc8f4b307821f9929,2027-03-28T08:05:33.828412,0,normal
9dfdc74a-cb91-44dc-a5a6-b9cde87e5988,2198,User_423,User_239,3394553,2fc7d2c81615f0dc7d057c24e767d3ef0ee386b0c7e0ebd388a2aa4490dd251c,2027-07-23T13:53:24.828412,0,normal
7c784e94-9d54-4c1c-b2f7-e76c3a8c76b5,1454,User_122,User_21,3436273,345b359b14eb3ed5dc21684c13e045924195e1526db1a95453e1f5e11b8bf304,2026-10-10T20:17:01.828412,0,normal
9fee3925-639d-49e8-aa7f-b6352cfbae4d,1765,User_232,User_403,1594584,6bebf350d077a9d9497987b3d76317e587f26f0c8495f3065cd23cb3f762933e,2026-09-16T05:11:29.828412,0,normal
d5526309-f57f-40e1-b725-9e3f2a3d4c28,2580,User_368,User_104,1295910,ee4b7dc4daaf0ab4e68efa6a6cc6cfefb2baaae881119a1cfbe07daf4c66d126,2027-05-20T14:20:25.828412,0,normal
bc265759-7fb5-4e3c-b7aa-7b4f4e1918c2,2922,User_3,User_43,1974072,8fbe3f8b2224b2d9934f38a778f0f8383a1e5abd4d698d24f9d8b8c4d9e90b8c,2026-09-29T04:30:28.828412,0,normal
72407068-655e-4768-89e4-9d144c44f65f,2314,User_480,User_116,3497252,82db57a626e69f0187d0cac2ced3ff24a84f74170fa1d24eff19b9d219b682eb,2027-01-23T18:17:13.828412,1,duplicate_document
311758bc-2711-4515-8e23-2a34f6a52762,2006,User_455,User_154,4768710,dd35725f4c6bbcbedc61060abdb5a80de29ff8903c486c3256804dced0232418,2027-02-24T01:21:40.828412,0,normal
19e302e5-bba8-4b92-8b95-4fc2ab86b80a,2819,User_107,User_135,683574,0b2e672ef3186c94ea3fc464c775868ba40efcf4e5bf7620bd8b91cfcd9d7812,2027-07-27T20:09:59.828412,0,normal
1ab6d895-19ae-444f-a3e7-803ad7a2dfbf,1018,User_313,User_286,3475798,571e93a40f306937ebea0e3e61f2cc22e22e72026ce384dd35adc00d13b1a62a,2026-12-04T17:15:35.828412,0,normal
f922f28f-8f63-46af-b32d-f97cdb39edd3,1908,User_478,User_109,1666275,080f25bacc22876020f706a942c61655b2bdf638597594be69be729240020be0,2027-05-17T17:15:41.828412,1,duplicate_document
e2715381-ea51-4749-a33b-1b640d29480d,2731,User_94,User_365,873885,bb33860707584e359f6977207bc128039afa01a14fb0d6dbda359adb575449f3,2027-03-27T05:28:31.828412,0,normal
f7830278-015c-4c38-b564-6efb3bee4a12,1642,User_62,User_277,1766885,833e47e807c52d4dcb3dc10d8e3398b0c46f6997a54750aa1cad707014d5457a,2027-02-24T14:52:12.828412,0,normal
3c985185-7d39-44a7-bd19-d1ef35b2c4ca,2588,User_117,User_466,2229478,ebc2a4abe36eb8095c4f051f3c176534cd941a0e3039daf579fe6083b6892618,2027-01-30T02:04:07.828412,0,normal
0d28292b-5263-49f9-afc4-91be0e0452da,2763,User_44,User_235,1196528,2ce91ab77433742c9376c2d79a5412ca777100c063f7849dac826b164f55f243,2027-01-08T19:14:29.828412,0,normal
f6c051fd-d5ae-4ffc-b52e-f41e6f75e197,2011,User_303,User_149,19595131,9b124f500225f76e6fb5d918cd85ddf6fdbce2a10f52100f81365516254a89be,2027-03-13T12:49:02.828412,1,abnormal_price
eb3d198c-d6bd-4a9b-894d-8978b8fbd5a0,2048,User_197,User_252,3677120,213ecd23c0cac548aee060d8c3fd2eb086d8ef03d4bc49bfc8f4b307821f9929,2027-02-28T05:59:22.828412,0,normal
0c40afdb-a5b0-4098-9073-b240e0529eb1,2587,User_107,User_242,5072970,bdf7954b37195c3018e7e5c077d03b93f5b75d07beb3d1ca7f8e3460c304de5e,2027-01-23T21:50:45.828412,0,normal
612d99fb-d8ca-47f1-b3cf-a44910acd6e5,1964,User_245,User_204,3765271,3c1bbb0e0fa52cb44bf5e26ee9868a2e6e77be8a36b58324003f845d7236450d,2026-10-09T03:08:44.828412,0,normal
821a31af-c8f4-4f1b-9189-399f0f75b6e8,2142,User_180,User_400,2692154,d09cbd35c51cb7feb8906f067d71e4b9e9075b278bc3ac6effb9299dd530ad14,2026-08-27T19:42:57.828412,1,duplicate_document
79a325a1-57b7-4d4a-8c20-6a2f4a4ec27b,1933,User_351,User_414,2918819,d69c3b4497fba03e6a909c300c42d1bc6c406fea79e63bc9291b802c6fd354bf,2027-01-02T12:26:09.828412,0,normal
72a98016-4485-4b0f-81ab-46a013c27fd7,2290,User_116,User_449,4714053,5bf174530327ec8a527b802e0358214a0d0fc5766caf7c6c54266b1ca6bef4d1,2027-05-17T00:51:36.828412,0,normal
a7d9de11-0f4b-476b-b580-e337872ac34f,2427,User_42,User_292,2485383,ffe6abc80c25b5c91d3cc2dc7a82369316a8147ac91479d24f3d61fad6993be4,2026-11-21T20:45:31.828412,0,normal
31d86828-c341-4ba1-9b6f-ea3d801880a7,1534,User_171,User_360,2625984,5cc3cd8535f1450e2aa4b80008258e162fc8627714ec007bdd2c2e4e02459a81,2027-03-15T17:41:36.828412,0,normal
2c812d08-bb20-4a6c-9d2a-361ee2352579,1043,User_362,User_45,4442754,a321d53add493603e403d9107609aa467b9b514828233b948589459bb7ed8f50,2026-09-01T11:27:55.828412,0,normal
b8f60818-6537-40fb-959d-a1f82b841428,1184,User_53,User_486,2521188,e575931525540d13e355539f85b5f23f5c4356117011b27eb0340fc56ee635c1,2026-12-08T17:03:02.828412,0,normal
9729f189-1871-4006-b71d-65b507f52d74,1095,User_35,User_167,1156097,6005d7916d2bcc92812512667dbc7776ce443bcfc913f6f06ce1ce06593af8ad,2027-08-10T14:57:47.828412,1,duplicate_land
261e8d98-f4d6-4494-8c07-7fea041a2036,2921,User_217,User_119,20549891,6f092311933c5b8a9e45177fe57fe8ba464a304b390c08a183db38624d73c5fa,2027-06-28T22:26:06.828412,1,abnormal_price
3a778d95-0c9f-4c67-8cd4-a3fcab5c9ce2,2507,User_187,User_486,1617034,7a0f5f87ace46536360f677d9daafbc7c95646bef95cfe0566bac814273d4601,2026-08-23T07:56:27.828412,0,normal
67e36f84-0807-4aa4-b113-7390ce5f7b58,2894,User_231,User_60,4327417,0c0d240e3b8fa8b09de3347825a962856ec430372c81bf2d86dd333896d6e9cb,2026-08-14T12:41:00.828412,0,normal
b917536a-e79a-4a7b-8a34-610cb58ee98d,2984,User_55,User_400,512404,2a437026c182e66a6efa10f1646884672c11db9cc4ab6d03648d696ffe99d9ab,2026-09-09T13:03:11.828412,0,normal
014e49ac-d8ca-408f-9e16-f56325e9a5ff,1691,User_430,User_234,2277519,be4a2b1a5d80ebeda92da8ad81b8e2c94301926e867e1cd93d2e62daf051ebed,2027-04-20T18:47:00.828412,1,duplicate_document
ae3ed7f5-b960-4ef3-8904-3884ffa241ad,2431,User_87,User_460,3848101,ae082ca93283caa0d6119324bf91f967140252ff812cf19feb363ea6cfbca4f8,2026-11-17T21:50:41.828412,0,normal
bac68b0a-60c1-453f-a4fe-26b613e92cc8,2023,User_337,User_161,1171377,7c36f0c1a11becc4c3e72d0c401eb8c27e5f78b315dd11d745ff8f7bec9775d7,2027-05-04T18:25:49.828412,0,normal
b6e6b7d2-5bf1-4081-b73d-1aa4182a12aa,1432,User_390,User_85,1908797,e4315a89503264b5f32f8d957a07c6d894c00dd0282ba6d79b53a321ade01ea8,2026-11-18T12:48:33.828412,0,normal
70c6f383-8843-4db5-8b9c-0cbfa924b5d8,2913,User_46,User_31,2042381,76332d4915f7ebdca578b969a4ce5ced9d2a4e08961e4fface2376f5b4b50071,2027-06-30T19:15:43.828412,1,duplicate_land
ab2d9c42-1a01-4b09-85d8-aba551880ee2,2733,User_192,User_127,3104217,03902fc994a8252007a8fe2656f2eeec1bd04a646235f6a3f909886807498e4c,2027-03-20T17:45:08.828412,1,duplicate_document
8411b624-618c-45e4-aba0-6dc0f3cb3004,1649,User_463,User_430,3598162,851ef5583f3d904bb71614fb006f9323adbed7ee80b756f431f0d2e67c75f418,2027-02-11T06:32:27.828412,0,normal
1b3d6705-eb4d-4af1-b530-ae69a7ab19fa,1428,User_65,User_116,1486474,bc4bd1bccdb9b2b9d5374d389c1e6eaee2e32d8d657bec10c1054a734156060d,2026-11-15T00:34:46.828412,0,normal
75bfc947-b1b2-41c1-a38a-997620df0276,2311,User_118,User_23,1158826,ae2f3a092218f93d739c8a5b178652eba2e1d96193efb23a8065e1c5897d5e6c,2027-04-17T18:26:48.828412,0,normal
f5745a31-1b35-4f49-b226-90b1ddf4d992,2055,User_237,User_131,2927765,f28cfd3bfda884984c31edb261e73b1d48d3a0981cdae75c7c8f557b36feecb4,2027-03-24T09:22:31.828412,0,normal
18ced4fc-a1f7-4c59-bb7f-67b222f85b7a,2599,User_168,User_175,3483135,1340049ba45113a73784ef280ec6ec5a8933545a2e9cd9dc21d89be51c070ad4,2027-01-09T13:05:20.828412,0,normal
ad4b4abf-0c94-45ba-b8a0-21aa3d7eb41d,1970,User_231,User_227,839595,68700c956d92e55376ec702f6fb76ffd7c427365804b2d776af1e6705f8d5d8e,2026-12-07T07:41:34.828412,0,normal
b635499d-eecd-4377-8a2b-88772a3d9a9e,2051,User_88,User_376,3092120,62c239922e99ef7d75a6ed0c06e289d415dffdc8127742f98e156d7ec9fa84ce,2027-02-06T10:14:39.828412,1,duplicate_land
3f4e5e38-f1bc-4c91-a095-6897c62418aa,2584,User_103,User_121,3411755,665886ca202ad4b9a8a56dc322693d5e3da2ae907b6115a0c8ea14aaf2a4b138,2027-05-25T20:09:47.828412,0,normal
74fe01e8-bb53-45b2-88fe-3a51d113e649,1480,User_19,User_24,2703541,66b172021600b88e033d269389245825bf7bfe371d411974ee38539391919018,2026-08-27T05:56:48.828412,0,normal
28a09fb8-f96c-40ca-a151-b07b1294d58c,2185,User_349,User_443,4255319,6777c29e7705bc810509eb9bfbcfa83bb3d2b638e364ba986164abe5839e7322,2026-12-10T18:06:44.828412,0,normal
d3ff332c-1f88-41ef-848c-991ff1fd1448,1191,User_487,User_100,4301915,096c6b967ec032c061b90da8d7c448b2dc6a9dfa4cdeb81531a933eb068f5b48,2026-10-18T16:49:00.828412,1,duplicate_land
6b0eda1b-49f2-4cdc-9745-246521d9c514,1531,User_9,User_435,3070547,5e9ba7d97856752db12605522579251357327b118a120b20efc322e81701afc4,2026-10-13T12:03:09.828412,0,normal
69fd9765-552f-418e-879c-0512a2ca57f2,1664,User_26,User_420,1954308,0653865a21f770195cd9f21fbeb1b38ecc8b4a60177e596de66725eabb25515d,2027-01-24T13:34:09.828412,1,duplicate_land
c3a01cc9-49e4-45e7-8d16-d44203a51e15,1278,User_319,User_11,93668,e860b7264f40377f2c3bd76a596fedcca13057c9a594af8bfc62693dc4d39dec,2027-04-19T09:58:57.828412,1,abnormal_price
cac7c046-3109-4e2c-ba86-9c47f1ee7ff1,1979,User_348,User_143,12645785,9ebe621cae36f2cb3a4fa1bfd9d141a91eeb3c795f78443ac00c2a64f6a39a8e,2027-02-01T00:02:06.828412,1,abnormal_price
120ad40f-2860-4610-b36f-4724ecdc2dbb,2687,User_32,User_436,3849175,03e660de34378800788bfd3afe66b1e22b51aa459c8681871660d03e7d8c250c,2027-03-25T14:31:28.828412,0,normal
393a32f3-9440-4f35-a2b1-b0fbacb4bbc3,2470,User_265,User_264,948286,6dd165cbd1c2b55bd1ed7403049ac93d3d908407aeceac332226da3f559c0e14,2027-03-31T23:25:59.828412,0,normal
123bcad1-53da-4ebf-ab90-33c49149f564,1468,User_432,User_83,666099,24444ae52b5832103ea78634fa18a0d5c1c3fcd542f9bcadd10641d7a4b709ec,2027-07-30T05:35:40.828412,0,normal
b4c22a99-9bba-4f7c-b551-a9f443f3bec1,2880,User_219,User_140,2110250,da5ccc0f77514607761a21447216689b254bbc9db722d79dd4ab56f68a770361,2027-07-02T23:10:28.828412,0,normal
5fb872b0-0aaa-437d-ac56-db16e2026696,1327,User_402,User_373,1011205,7e37ac00e4866d2a9548d7c0e054221ff35eb73e7a9d0c63b7f18c861d7e7466,2027-06-07T12:55:06.828412,0,normal
0b307293-ac57-4b7a-8593-3df0acb50d79,2954,User_91,User_373,2140852,4daa7fa853989ed7b8dd53cb3921e79f962f9f3c67802828734366eb07607b7e,2027-03-04T13:18:43.828412,0,normal
3e57e170-876f-4f96-93e3-fdfa26fe5aac,1637,User_97,User_139,1982312,d9ecd0446f7e51fe50e0bff4ec3ad1b988bc13e11590b7a0abe100f36aca46a8,2027-06-08T17:57:28.828412,0,normal
cead3aa3-d9fa-4d6f-ba36-5550947d6c32,1990,User_229,User_256,1912142,586db9bf1bf436fcd411c4464be5ce691199ec71b39c0e64ee78fff38f8017ae,2027-02-26T13:13:54.828412,0,normal
98245e5e-615f-4bd2-9518-a09faf6b4b63,2572,User_426,User_132,2301175,64e14c96db8454a1a2e5eeaad5758bb7b24c9e1e67e807f6cccd669437b32934,2027-02-23T14:31:33.828412,1,duplicate_document
362da912-7854-42e8-8098-1375304d5dff,1645,User_133,User_323,4573964,6821d9192d77726eca599bbb8d5cf032082984df8ad05dc5922cd2d66472afc0,2026-11-03T21:01:33.828412,0,normal
59038832-dc14-4a0f-8e2a-0f97e667c3ae,2961,User_81,User_198,3909457,b9b2c86f536792e1229768b3cf8f0d19f97530bbea3789507910179cb361dbfe,2026-12-06T16:22:15.828412,0,normal
0bd237d3-55a2-48bd-a5cd-cac15f3554db,2349,User_153,User_142,1834267,a5efe5a57348015482bb465c5d726e75878ed121dc2f45ee4334802a4901d0fc,2027-07-07T12:05:04.828412,0,normal
33796eeb-7d7b-441b-9033-18860743ac74,1774,User_133,User_268,3953079,100bf898d05ca9dddf8bcb83c9709974f309416ff0771e8605d65d5554bae9e4,2026-12-17T01:50:33.828412,0,normal
c961bebf-826c-4cac-a60e-c17878aa8687,2413,User_280,User_150,2599073,dc09ab737b6b0c512c62211488099be9923cf87cb24da937eba77747c378aff2,2027-06-15T02:50:12.828412,1,duplicate_land
ee5c81b2-8130-476a-8e71-a8870a25a0c2,1908,User_478,User_415,4232075,bb4a1504676bb979cc14d7e682162abe80130948160868e245843630e37f2217,2027-07-06T20:58:14.828412,0,normal
f6736a5c-b90f-41af-98d6-5f40558fcea7,1700,User_15,User_385,329483,b3962d76452691982b3f9434aea3ee88036b772a5c0499b982c734aaa892d34e,2027-06-10T21:10:17.828412,0,normal
3b11085e-f55a-4de3-9a69-ca7ac4054452,2636,User_383,User_264,3743220,e93787f4607b33a3e5e3d8256cdf6a5f4944901b6132050dff2df14dc05f3901,2027-02-06T08:06:56.828412,0,normal
89bb8c6d-5125-41ab-a63c-6a76b66d557a,1142,User_423,User_30,833271,9c8b2dbf688910061d3ecee3fef0b91b4ca87c37e5d5c88d8d429708e4360901,2027-04-21T03:09:17.828412,0,normal
b7ee7f93-17b2-4c2c-a908-20051ab80f34,1383,User_140,User_324,3546596,74186d073f36fb51e1a98c6f0ee6a38966a5cfab3e01a07788cf70cf789bb6ae,2027-03-20T01:20:59.828412,0,normal
5dda6160-748f-4d58-9c67-e09de105a2a8,1146,User_393,User_475,4939966,dfc84838599e6f124fcd68fe5ed252c64aafc40bcbaf41148787b51cc6a9bafb,2027-01-22T05:47:55.828412,0,normal
5dcc38ed-c820-4f2a-8c75-5e3e3e3937c4,1307,User_32,User_58,5459852,2e4251797510d46e58158b16595b1955a2987b2cd1542a4409056f5fab22a54c,2027-05-31T13:34:37.828412,0,normal
baf06684-b669-49c3-835a-8194b1556007,1827,User_140,User_175,3501336,d1434c01538326724ab8a301b7a0aae6f24adb56176e78bf326d05c0f87f37cd,2027-02-11T06:02:45.828412,0,normal
8e6d5c2b-2af4-45e3-b6b8-dcc191a93661,1882,User_14,User_97,1886092,cc343a63a5f3cfe97379fe1feadd2f1e5a4d68a4546071e3f0803c1b8b7a9aa2,2027-05-27T13:44:44.828412,0,normal
94565ef3-a4f3-414b-9076-15eb992d731b,1401,User_295,User_417,283156,c5002a4c1a4c99f3beb13769d167989aacdde56d16194ec0c3583b66422634bb,2027-05-15T19:27:35.828412,1,abnormal_price
79742d7c-72b4-425e-9745-502a10b4ab23,2564,User_8,User_287,312418,8fb58d78051003db77e60d74e883b7973e533dd2ce11d47baa225a1f0eab421f,2027-02-06T06:18:56.828412,0,normal
1352bd40-ccd2-4819-a132-2f31fde3176d,1577,User_122,User_489,3759435,2b4637fd40c264032fa42aff40043f1ef8562f6c8912c02719ff3f68ba620e1f,2027-07-08T19:52:22.828412,1,duplicate_land
c86ac7c6-3702-42c2-b17a-252705a9fcaf,2766,User_154,User_181,4597837,f28ae11f16c89f080bad3d483f5d1f4900ab53c709de644f441826bfbe6c41f7,2027-08-11T16:39:47.828412,0,normal
74a5e65d-a82c-4d1d-b1a1-e329965886ce,1119,User_137,User_108,1133190,d33791a0bb894ddf33e4e48632e88d5f54f01c325ce80179e25c3d318ca7713f,2026-10-09T19:50:59.828412,0,normal
85d789ef-69ca-4593-a4aa-fa9f50f11d56,2488,User_330,User_364,996865,faf45b39f1c040ecbace2b0fd978b607a66f86bc83447fc3ffbdc3e73bd13702,2026-10-23T09:24:16.828412,0,normal
c2bc4b1b-e8d9-4384-b458-c09a233cca1a,2478,User_85,User_162,390372,96265fe42372aadf6e54a692a1917044fd3e7cea532f6b915fd95af7b1be7cff,2026-12-16T10:32:09.828412,0,normal
a2f0451d-6d43-4d0f-b09f-a917c221b001,2927,User_126,User_188,3856214,757db2f4b3d5d0e696e4f421db10160ad0c3f1b28d8cf9dfeeea7f2308290c60,2026-09-29T07:02:36.828412,1,duplicate_land
1b7a5a9f-b50d-4a60-a5ef-200ddfe678ec,1796,User_395,User_116,2476688,4a50d94212c4f4dd91edca83c2588992939f3b6301e25d769178dbc66aae00c6,2027-01-30T15:34:51.828412,0,normal
50868d39-b05d-4a3e-b5bd-2b401a867f6c,2967,User_319,User_427,796280,8d57902aa7622d8ac156ee5b863af08f0f22a56f31d768bc3a19b71dfd6bda14,2027-07-27T03:15:33.828412,0,normal
a46a957c-d447-44bf-b122-2c7d727e74bd,2305,User_330,User_55,25312931,fc349037a11c4c1514232e05d0893d3df0f919de0ff3ab19963b9770f0d22792,2026-09-01T06:45:22.828412,1,abnormal_price
75df9540-6aff-4195-98c7-880eb096eb2f,1734,User_79,User_89,2048793,5b83c5784ef229a0a4826bd07cae72b8ee0d6dac43e8636666fd59e2dd0a0238,2026-09-08T05:51:44.828412,0,normal
86e85080-af05-44b6-9fac-04de1bb7ee14,1234,User_468,User_173,4671136,aa0e339768d2169822531f228ef6d0ef14e0a266825d0e9eb1fb8768b85dd1ad,2027-07-14T19:49:53.828412,0,normal
5246ea6b-8736-4d90-9e53-1795c1ba7727,1138,User_485,User_204,4050826,97fe72bdb1eea58d0e57355cedd218e711204895c66a3f7608f5c97d96f1046e,2027-07-30T05:09:09.828412,0,normal
28a80fa8-bc1c-4239-a33e-209695f9d9ff,2535,User_46,User_286,4743283,1ef8968f18def2893c52182603debc64ddf3283d43622e64a4055403baa7b932,2026-10-31T15:46:11.828412,0,normal
491e1d2e-3b9a-4be8-aeec-9c9a11569348,2093,User_469,User_473,3069421,88d31ae55a4a3e8f84ce4a0acc3afeecbfad218b3f10520bdfcdf9d6736ccaaa,2026-12-31T09:25:15.828412,0,normal
70fa6546-f279-4fc8-8bfc-99c3af1ab710,2708,User_129,User_64,4627631,77b4930411b398953add4b5fd25021b33848f179e173a5897264958ea8f90395,2026-12-28T20:33:52.828412,0,normal
17785fcd-4c29-444d-ad73-3b17c557ef73,2549,User_144,User_464,2843896,863ba4417c76c6c81b16456d3c637ebd0e25c4006d56026d5c5283b1602c1da5,2027-07-27T16:56:36.828412,0,normal
39e3499b-502b-4f88-be9a-b0aac874258f,1983,User_419,User_77,3047421,3c751a3314b796659b141e8cce184a9a41bbb3115c90cefab423a00b88ccc9c1,2026-11-24T21:55:52.828412,0,normal
34caf5bb-dec6-4de9-a165-d3525b8f5f82,2288,User_284,User_81,3277168,abc02a90a1169adc0ef973f1b19e701aa5646993251be8fe9daf2ad4f9c9ae17,2027-07-08T07:37:04.828412,0,normal
fe84f0cb-e99e-49d1-a91e-5615cb128c14,2606,User_353,User_395,4751652,4c9fa1ea6c31b5444396680f614e26c2bac8ad8fa2240a267857b33e7a7ce496,2026-10-09T00:19:04.828412,0,normal
d6c67d23-b9a4-420f-b38f-083c9c0b4fb3,2343,User_2,User_151,446908,6883b09f4db6da898918d79299b7268dc1fc497c373944a804da2d8beb0cff0b,2026-12-04T07:30:21.828412,1,duplicate_document
11acd932-6d4c-4980-b96b-233eb5060c84,2355,User_94,User_329,3282776,f7ba62e6f89f49abfdb63902e019ae5800516c4a1658e13a55ca2f1b8d15f1ea,2027-07-04T21:15:15.828412,1,abnormal_price
bc680536-988d-47e1-bb9f-d7b02830d754,1831,User_375,User_474,3058546,d84a677fbd0ebfd71dfdc6e63a2b8aa58219d57d593af6f70f661a67853c8d6b,2026-11-11T20:54:59.828412,0,normal
cf4537b2-cb77-41bf-9338-acf68a12e559,1271,User_20,User_261,1400785,cac10cc1ac0b2221c7a727ca08d439d4114a75a4e09566dd6e6896851be548e9,2027-04-05T22:34:13.828412,0,normal
7576d06d-623f-4f35-ab5e-1bdd008eea1b,2321,User_287,User_306,2303991,de0420666f7a24e4b2021c7b6f81f50951bfaf7a7fb5961ae2992314f1b788f7,2027-06-05T23:30:13.828412,0,normal
66204427-49ea-40af-b495-029c1e760db7,1780,User_197,User_489,1594968,55fe87b0f928d7e0df19d190cc8ee771a2ae0b76ecfba94dff90f207310ab69d,2027-01-21T19:04:45.828412,0,normal
3f3bc22e-8b5c-4613-84ec-2613afa6314e,1326,User_117,User_245,1712252,87d1eacf73a7a167f2269ef2bc39379fb2adf1c3492537c9d9c822b567a26729,2026-12-29T08:01:15.828412,0,normal
0d1f4c83-e791-41ab-a281-8535bdfca60e,1031,User_78,User_316,5935744,282a32a3470777252dd0c1dba759efa6aa0a3dba8cab14f8c6aa93a74a41d611,2027-06-16T21:13:10.828412,0,normal
cdc69ea4-76e2-4711-9846-aaf44eeb3afc,2731,User_365,User_173,873885,bb33860707584e359f6977207bc128039afa01a14fb0d6dbda359adb575449f3,2027-04-04T21:15:13.828412,1,rapid_transfer
93a14a02-1e6b-4a3c-9e8e-e1467ce8ce52,2426,User_160,User_54,26470535,4de1c3c5e5796297d1b3067d3901b5db176d06c1cb948135dd2b9d2c77ee2fc7,2027-01-31T04:02:30.828412,1,abnormal_price
9e51d173-b072-40e2-b3cb-01f78ce1abb1,1985,User_498,User_439,3933858,73bbd8e614f43d68ea280040b58c4710831cd489be80e8d1e3ab2ac5879708ef,2026-11-24T21:33:26.828412,0,normal
10e948df-f88a-4853-b15f-273876efc3ba,2964,User_184,User_427,1107290,724a9e08b506db8f088e33ec86af10b50e3d14acca552d5030f8ca58042508fb,2027-05-09T04:08:15.828412,1,duplicate_land
e359d1dc-cd18-4624-a7e3-235d62a18dbb,1492,User_443,User_161,4241957,9dff6b0041ff42213e4407b636aaedbc4f799f891480e213f4a54bd5456fc4e8,2027-03-17T08:07:32.828412,0,normal
d8799ca5-305f-4365-bb64-cab10b088edb,2568,User_186,User_499,604721,fc7cb059689cba755c56b9da9c61e3a902f1747b0e06a8688bec782bc12c01e6,2026-12-12T02:33:25.828412,0,normal
c00beacd-98e9-4fd1-b5d6-8a948f4b94d8,2292,User_92,User_459,3958327,ba0c728381b69a8422a94835c209daf00f142fed6b1a802fd3add632674af467,2026-09-06T12:01:13.828412,1,duplicate_land
c4c373ec-8a62-4a6d-a561-a4972aa0ed82,2865,User_159,User_307,3821482,de81c847e62a9806c15391d1d8128062dc859127ce0ce82d10503039fe018b42,2027-01-06T08:25:32.828412,0,normal
2a9406c6-fd12-4400-970e-f96b154216b3,1314,User_18,User_38,4536164,d8ad436a9df9775769bc44eec2c8f771fd51916511673a55453967d8c29192f3,2027-07-18T00:50:26.828412,0,normal
699bd1d2-8009-4e43-9641-e58d3cb24fbe,1599,User_231,User_84,3456179,bca3e93aa3d36f16fdbd14ccd43f966d7e80cd0d0436ecc2577fa7fdaf0a2dc6,2027-01-09T20:04:45.828412,0,normal
0c3c16f5-36bc-4961-b240-460c32c26043,1114,User_183,User_190,2128864,8d57902aa7622d8ac156ee5b863af08f0f22a56f31d768bc3a19b71dfd6bda14,2026-10-10T15:50:29.828412,1,duplicate_document
90c56d5b-38fc-418e-81d5-6ff7ece4b2ea,2869,User_421,User_402,348167,74be4bf1a5a7a943bda4e90765338a30efbcfd7bcba2c3f183b3478e922003ed,2026-08-25T01:27:16.828412,1,duplicate_document
6be797d5-3ba9-4543-8c97-66be3e41fc05,1858,User_111,User_243,2634719,ce5c42804e023bd0465d6787bdac2a59183c941c3e1be6545f69643f40ae2837,2026-10-27T07:10:10.828412,0,normal
e9c3898d-dc86-496a-9ef6-2599114fd1a2,2038,User_292,User_20,2215865,3b0eab7d428dd1a41b4f59339c09d5a554d5da521f4d670552ad337e26862685,2027-03-13T18:29:59.828412,0,normal
ebf10636-fc8a-46e1-8468-58e61759743f,2298,User_106,User_477,4643364,c68d178008c93168bdc46c283d87623cb8aa80868e86941ec2540b6fbbd1a726,2026-10-02T08:15:37.828412,0,normal
f2b137ab-28d4-44bc-a3b1-402e121c04c4,2352,User_398,User_52,3737969,b40d297920634e73d74a07928034a7df225f33fad7c7aed7019f07d96cd6e634,2026-08-29T00:55:18.828412,0,normal
e1a36150-facd-4ff6-b39c-1b364899f7f8,2561,User_388,User_273,3630476,9967bb48a265ed0c0234ac4f1379a272561e633789e813791880134023507a23,2027-07-15T18:10:25.828412,0,normal
119672fa-f1ae-4c14-8482-d17e2b21c056,1449,User_109,User_429,4063326,7c7eb0d47a559dd13339136fa921b018a2f7a12216a84814527b79bbbece5c95,2027-07-19T22:50:03.828412,0,normal
31dfafb0-f70a-436b-a8ec-eeb40c0af763,1364,User_403,User_377,950863,64c3cb994a33b6f5946b5eb7130b3352fb6b2e8c60812cf469cb5bc70405eee7,2026-09-16T04:48:02.828412,0,normal
4f6357e1-72ed-4527-a026-4415ee654a86,1907,User_283,User_369,3302353,93464edc62f1c2a67a394973998bb6dd19632b964e5baf34a0fc083b49a3c0bd,2026-08-14T15:48:27.828412,0,normal
8e6f0831-bbfc-434a-9456-19542b920445,1734,User_89,User_481,2048793,5b83c5784ef229a0a4826bd07cae72b8ee0d6dac43e8636666fd59e2dd0a0238,2027-05-02T09:11:51.828412,1,rapid_transfer
c32f89ad-a9a3-41f3-887a-05fa3d319e7c,1462,User_162,User_1,4213729,e8bf0acc252b59e8845a19c7cfd0a66f7dbe3868bbc1e69c35189a8fd08829c6,2027-02-23T15:49:17.828412,0,normal
e0091d36-d843-4ac5-b53e-9f653638e869,1753,User_9,User_351,532717,2ce9bb3ee162f906c87429cc3b4013b4eab66af41e7544bce9d2ed46af0fd3b6,2027-04-05T23:15:07.828412,0,normal
f8f56d40-12c7-47c7-b99a-41dcb398b59f,1702,User_478,User_205,1759503,c3c0c66a924112557376feb4de1e5e84628dc1461196db9a347de2d3783f99df,2027-04-27T22:41:28.828412,0,normal
7e412560-58b5-43bd-9f23-2dcabbf98b34,2387,User_248,User_458,1875869,3e5b0d36a772ba93ef552855a45dc43cd6eb3edc5d5f27c3bfc711a45e75d233,2026-09-19T01:01:40.828412,0,normal
8fec910f-9201-4010-b38e-87572250ec88,2670,User_462,User_81,4269300,4e9a89c9c3bb64553085e6ae8a296ad6d90fcf4a708b375a205687563bb5ae9b,2027-04-03T15:38:23.828412,0,normal
f6b5029f-7466-4c52-a9e8-bf5c0e8b9641,2674,User_64,User_48,3428144,22662ace121aac550a311c7af7bae764ab6a6e6165d3281e296271f44b5e2bb8,2026-10-14T15:44:21.828412,0,normal
0b65d4b6-90be-4e75-a82c-d2dd0e6c55e8,1061,User_500,User_452,2471837,598c12b38a7491fae452ecb68fbaf4ee204f2ee75b14c26390456a8e77375380,2027-08-04T23:50:33.828412,0,normal
8d1b7f90-b63b-467c-99a4-cc87d293ffbb,2304,User_150,User_440,1535721,220dab9efabde728816cce5606a63d79a7a4bf63791d67b625c2f404090a5fb4,2026-12-12T13:22:38.828412,0,normal
6e9c776a-60b1-4020-a99f-abd3ce2da329,2802,User_271,User_362,4500777,52b3cf855f2bc32e747073765245d7a50198c9ed7e8a67958cda19591c9db80f,2027-04-02T04:32:02.828412,0,normal
fc00532a-a86d-4a7f-91da-a7ebe78cfbef,1160,User_101,User_261,1051583,43ab5c2fab0814d0fe916c4ddeb1aa05daa5201ca7356a02b87e8c4fbcda067a,2027-02-19T03:54:11.828412,0,normal
02190f1f-058d-4778-9696-0c5ab17bc4f7,1800,User_31,User_15,4734335,cbab79a060704165ea6b7543c06c2f1f0e9600d70d09fb445aec255366b52af9,2027-02-08T01:47:47.828412,1,duplicate_document
32740609-b0aa-4e5c-b6ca-1eeca1cba29c,2689,User_464,User_75,3403415,0e6bbfa9fc58a7d447718f382fe23c37abcec6b3d8c010391314a2ade7862753,2026-12-05T06:56:09.828412,1,rapid_transfer
e791bb43-631f-4a37-8d03-e5aff28ab1f3,1507,User_23,User_166,2330487,50b585a3155c95f22ce4b5ca7e2dc63222baea1b3ba526c0f8fc0283c52086a0,2027-08-01T21:51:52.828412,0,normal
50b37159-16b8-4904-b455-bd039941a860,2778,User_493,User_108,3740771,53db0be38347856953c0d5973f0f2b56032bec63ed4c9ecd725e7148e599fbca,2026-11-03T08:09:25.828412,0,normal
42262ca1-e695-421c-b431-c35dd24cee8b,1369,User_229,User_473,2829176,64b5795c0eb878660f9296b442049e149f7698861ce86a305256a35365c5eb92,2027-06-12T23:12:26.828412,0,normal
cf5f31e8-b2c4-4e88-bcd0-d186173a7e76,2362,User_383,User_387,2201897,3f037b5b51e17ce539f07cbea5da24a9554bdee1177394fb00379fe6c50180b1,2027-08-06T21:36:45.828412,0,normal
47cc8936-b250-4edc-befa-3b51c359b66a,2250,User_418,User_292,939597,4e0e31e0a2cb3e960ad298a9e882eba8dd2545396be918b47c2c69df40ff5fa8,2026-08-20T19:21:18.828412,0,normal
7db589c6-9e17-4b18-b7eb-94110c9aad46,2920,User_217,User_488,3061348,f5e0f2a4101ea9890c24a690a42a521a22579f0e8e3d2548bce98774ab34fbf2,2027-02-08T17:20:40.828412,0,normal
b31749f6-4023-4cfd-b171-609b1aca71bf,2642,User_209,User_303,935587,60212b21cc78d5943a44bd66d712eeaac871d8d7f188bd33cfe98197538db7c3,2027-02-20T19:28:30.828412,0,normal
992576ee-dda3-41b7-a1cc-9226559de652,2572,User_426,User_295,892718,d80050576e3aab3e32091cc8909e43f6ff648d85933f2dc08dc4e5d2898a34c4,2027-03-24T06:53:50.828412,0,normal
01e999aa-6a58-41a1-a0e1-372066895c32,2884,User_409,User_146,1241988,510bf2b9302f379c26c85dbaed2169e3e8a28cbe91c9be0e0538a0efed00a421,2026-09-17T22:05:47.828412,0,normal
14d66466-708a-4d3a-b43d-e31c79e63f8a,1079,User_245,User_162,2017488,1c7b17c5106e7c9dd6670850f7ecd2284f15dd8774f5ccf449377c0fb6faf98a,2027-07-16T20:29:00.828412,0,normal
8c85f92b-1db2-4ee1-8084-b6f3d9db9fc2,2802,User_362,User_157,5262637,52b3cf855f2bc32e747073765245d7a50198c9ed7e8a67958cda19591c9db80f,2026-12-21T23:03:35.828412,0,normal
9c9f241b-d83c-4708-b63d-d1fdb9837a85,2535,User_286,User_231,4253482,1ef8968f18def2893c52182603debc64ddf3283d43622e64a4055403baa7b932,2027-04-21T22:42:37.828412,0,normal
f02fb3f6-c1b3-4fdc-9d67-c6d87de4118d,1866,User_110,User_264,525262,f638ce62ea1dda8b7f433c72a84b313f614043ee26305b5d63d21766c1fe8847,2026-12-28T15:20:46.828412,0,normal
9efd2f32-0482-4139-953e-41a3ce51b3a8,1865,User_23,User_480,5209572,fe530ef47642efb8f44ffd8061f0c69fab89dadf5d99de6b4934de16f42ccc10,2027-07-02T00:20:15.828412,0,normal
36e46fce-b8df-4e09-a20e-79d1afe1618d,2813,User_452,User_155,2161439,51f009cb1086d376454ac3175cafeffee25894b004f77cd7810f7ca70cc9a10a,2026-10-31T15:51:12.828412,0,normal
569620ab-f04c-4611-b7f9-5de57ddeb4bb,1187,User_175,User_454,3501586,c203455bbb885c6f751c510f533f2d798d0f335b8a6f4c23f9113042af87caba,2027-05-09T17:00:20.828412,1,duplicate_land
b5805b2f-e98a-4a14-af69-f2160ed6966a,2140,User_284,User_197,3991050,505515f39ed837023252341d0dcceb11b3f621454610e103b404d2c5aa3c4a2c,2027-04-07T07:17:52.828412,0,normal
95c08698-35ec-4423-be24-24a132419974,1773,User_396,User_112,2822838,c0cbcb9ad6b4f501d187f5f090d8d19ed36937bbc800ac38de284fad0478bf38,2027-05-08T06:37:15.828412,0,normal
4bb960a7-7af2-4b69-83ea-2b4e208532db,2011,User_303,User_36,2464317,9b124f500225f76e6fb5d918cd85ddf6fdbce2a10f52100f81365516254a89be,2026-12-17T14:05:22.828412,0,normal
f0294eeb-4bdd-4dfb-b1ed-cadec9a8271b,1248,User_350,User_437,555260,051b831a270af9b2b9b73b382b4f7aa253cc8ced8f7baf418aa79195ac932315,2026-09-05T07:31:26.828412,0,normal
63122405-459e-4c3a-9585-281947030ee4,1541,User_99,User_105,5348464,ec27840734c551f4858273e01efd2fc7c86fe83c0aef2b8b6752f206f5f30446,2027-03-15T20:49:23.828412,0,normal
df39e8d9-d19b-4c56-b47d-4507bc844316,1438,User_235,User_393,5025098,6ff8bac57b04dbe2b20697c3aca8a3d00ce1c900badab92923223b0dbeed5006,2027-06-04T22:52:16.828412,0,normal
01fec872-8984-4532-a85a-c45e5e59134d,2677,User_379,User_334,179470,4f24494cf8b89d0fffb6a4ce28823ca27a5507f4690ed3f2ad1f55093c4fae3b,2026-10-20T12:27:27.828412,1,abnormal_price
7dd1b187-26a4-4399-a537-14642d52dfcd,2564,User_287,User_352,287590,8fb58d78051003db77e60d74e883b7973e533dd2ce11d47baa225a1f0eab421f,2026-09-01T07:18:44.828412,0,normal
716e55f4-a3c4-438d-a8e9-f6f321962022,2088,User_75,User_114,2617625,7556248f54cb33615de34f86b3ee98bfdfff6580dca4a71827e5e7d2c6246cfe,2027-08-06T08:34:24.828412,0,normal
0efbb060-8203-4cba-8ab1-44098c879ab5,1690,User_169,User_88,2703967,3e5b3ea8efd962620820f3c43995bca132c7739e0b1886294935ac42901e3d86,2027-06-07T04:42:46.828412,0,normal
0bfc4db3-d26c-4c66-9c56-744f8261227f,2354,User_84,User_370,5070057,238b3a183776366ed91db76eadd524bd177ddd6df6ac23615628d065d9af5a4b,2026-08-14T21:29:21.828412,0,normal
edebaf1f-2bf0-4afe-a779-305a7d82c5c6,2020,User_174,User_331,4681183,812199d30f123366044431a735472a02dd4154f2cf991b07d1da7aa991ed956e,2027-08-03T19:25:04.828412,0,normal
97e0a8d8-d205-4a5d-aca5-45059dc61e11,1385,User_265,User_47,4585670,eb9d53f09f5037ebd829a087ebfebd35b5fcc099ec4abb36649deade7390c20e,2026-08-21T19:15:47.828412,1,duplicate_document
c00a983c-a551-4ac3-955e-348f828e5ca2,1845,User_1,User_358,1370028,ed7b3ca68b18bc20d0e0fd32cec130674bf223ccdec6b8106ebce14bfdef390e,2026-11-29T22:25:00.828412,0,normal
74497b4a-8e7a-4c06-89ad-8792c3d6cb65,2740,User_219,User_355,3220488,ecc68b80416db0172aed88af1885239f9ae8fa63c1206ce9bf6633ba0012b6d2,2027-01-05T23:57:34.828412,0,normal
3e140fbd-6f24-4031-8fa3-b5b1d67f8a87,2016,User_360,User_236,2614800,794316f0853f109906119e5c49e142c840f95252f0393d905889f74860d2a0b3,2027-06-05T02:53:53.828412,0,normal
3204d403-e985-4243-943a-4926ecd9ce4f,2323,User_230,User_18,6300142,dcf120c3532a0d48fadfa0b4971e932dde67f84249878e7c2e52bce8a30ee467,2027-02-21T06:41:22.828412,0,normal
78aedba5-29d7-4734-a1d3-02d2ec73f453,1655,User_68,User_336,1542576,5648aa8da251c1cdf76c594f1153731f53901b8c1083d711d42160a4d67ce488,2027-01-11T05:48:52.828412,0,normal
4dc03a6e-c67d-4bee-94cc-185c1710e4de,1759,User_52,User_22,3589951,5168ab0b0480d4819a7a09be91b2abaaaa45f9b46404a5ac82db9b06064de150,2026-11-25T16:57:32.828412,0,normal
6fc6bcec-dc58-4097-a07a-28e6e85a1f79,1589,User_142,User_230,3130853,462d94f33e1594058a7f472efe5c1955f3192b170419df155b2e16e106fb679f,2027-05-23T22:29:35.828412,0,normal
32dfe3e6-6af1-49af-b21a-7f0dc002814a,1521,User_429,User_433,4635125,6aae414fa999d14851046d97d9883ae88c948b0558e6e4ce47d5ab97a122b334,2026-12-01T02:17:37.828412,0,normal
d761ff6b-6324-4833-bf78-0aaecbec93da,1063,User_410,User_152,4667938,bd85e5bab7e6360d775a85a8bf32898f24415df5e35075a1720f3f5ec62a762e,2027-01-16T05:56:28.828412,0,normal
c03dda35-64a0-47bc-90ee-b4b8e52cc751,1632,User_294,User_108,24354466,2a12009008b046c60a88efb9b7847595ea395ea40d9176a5a9227524f21cd715,2027-07-31T14:35:33.828412,1,abnormal_price
4fa5cde5-de5a-49d9-92a7-507e1011ae4a,2565,User_390,User_11,3757436,421fe5510bc40ee7ea9c58385fda881fa3d9e0f5fdeb80f4e5c11ddead60d809,2027-05-31T22:18:15.828412,1,duplicate_document
9395c34a-5045-4ead-bd77-3b56b693810e,1667,User_113,User_269,2510289,f0034a536e5105297dfc406a8d3990497008a3fd06136d1c4632ea21d52c8dec,2027-04-01T06:01:13.828412,1,duplicate_land
2cc500f1-8cf1-4cd7-af42-845d6ea42181,2635,User_255,User_493,5282515,96c15818501fd5e5d2c198324372906d9b9f32576488d284db407cd996c030a2,2026-09-23T01:43:19.828412,1,abnormal_price
c2f9b93c-1d7f-4798-9b0d-aa5c85755f38,1670,User_224,User_350,2202836,a30b1330454cc50777eafaf5eb3518b7ac41385cbe245d1d88f0b37e3c14d52b,2026-11-18T04:45:55.828412,0,normal
61b021df-7a21-494e-be36-a458cf2e143d,1161,User_496,User_147,1826465,a02ebeb711b66ca1c363b8547f848b43495bc347ee547b7f3f23be6896255207,2027-08-02T10:25:22.828412,0,normal
38df1bea-403b-4a49-aec3-5d57876e870c,1086,User_335,User_299,1290356,a94aa99bd3ce365a5b9f0ab794d7234ead3bae3522d170450567a23b2d1d0a67,2027-03-02T04:32:34.828412,0,normal
b1d83398-1f4a-49af-b6d4-e5cf66f4d281,1431,User_71,User_204,1274789,be4909bfd1d21038956b5edb34b3529434ab8534552fe2e42f888e324776ab2b,2027-07-25T22:06:52.828412,0,normal
412b24de-85f0-4d56-8484-3b840c147c4a,2642,User_303,User_265,1092855,60212b21cc78d5943a44bd66d712eeaac871d8d7f188bd33cfe98197538db7c3,2026-10-07T13:39:13.828412,0,normal
e98b17c1-c84c-469b-9595-dee99e7f018b,2685,User_3,User_305,3344584,f44b474a7e4f75c04d99f0e1aa5f405c524dcd14e478ce16680d03ceee6e28e2,2027-05-12T02:53:46.828412,0,normal
210212af-3b30-44bf-b813-abfe08466344,1793,User_88,User_357,3031248,824bb83d9275383c6a03a68162c4b3c9323c3b17bbb67081100744373e9effa6,2026-12-02T00:05:41.828412,0,normal
a2359315-5853-49dc-a503-509104f627f1,1509,User_204,User_89,1009353,9958c35ce415f16bc70276dec27e74f4f924872f19575ca3014f560e812e7993,2027-02-12T20:35:25.828412,0,normal
141feeb2-5f03-49fb-96b2-a220a653cfb3,2374,User_218,User_36,4011826,415d400498667d730fd5986cd01d3f18f1c9b550b3e6c52ec27c6a5267b4f555,2026-12-26T12:20:33.828412,0,normal
410e1eb6-1c22-40e0-bf5e-c8a33418ce73,2556,User_93,User_466,3447185,1ce659b7cc29268a990e9ed07a44347b48e96a7812119b095477e1b12dfa3826,2027-04-02T06:49:20.828412,0,normal
83a55c16-036f-43e9-9062-65bc4e453a73,1082,User_61,User_230,6167834,2263e8dacf02710c751f519b14d39ec180c68c4a06b554ebd14c704aa24cd893,2026-09-13T01:50:27.828412,0,normal
41f57816-7550-4550-9706-6791cb5dd41d,2364,User_487,User_198,1646095,a5b09e252c78051be0e0974dfd946061ae03c2b1cfcac6e45d959a7ca413029b,2027-05-28T21:55:31.828412,0,normal
e93bb265-fa31-4978-8f48-419689ae9904,1047,User_76,User_456,2864474,8dabb2b3995212cf177ff9656a4fa8891d760d06075235e29d74ccdc9e98cc48,2027-02-13T08:26:37.828412,0,normal
01cc4158-b3e9-4ccf-80c7-299fc755c9e1,1129,User_357,User_62,3451684,a69f6113631c45428d55d10e005508aa302fe4d2082dfac232ef39ce13059ded,2026-11-30T10:05:42.828412,0,normal
776a00ae-25c6-4253-91de-d8e50837b6f6,1771,User_313,User_15,2227917,a7ab3e57a07b8ac5fe57d48fd2e9678c96437698f3791e20dfeefbf4ac64e308,2026-10-14T16:47:12.828412,0,normal
dfaed6ea-3941-42bf-9c56-fbd44b3460a9,1245,User_350,User_393,346357,340092cb2e2501fd91ec9a7a77c78df1df4a82e535e69b208d4d30516fadb36f,2027-02-19T23:38:30.828412,1,abnormal_price
c7301ad1-01cb-4a9e-be7b-ac2c6d031184,2284,User_320,User_215,4824667,9ecbec045e29df76806d0633e3f6015d6f8dc9af7ac9d4f6a388d0eb09f86cf9,2027-07-24T08:11:47.828412,0,normal
10d89669-bbb4-41d9-9dde-52502f05b465,2533,User_339,User_480,1589330,bd24222f814b21c223b32d4ad662e51d0de75e50b7459817c691a047918b7a3d,2027-06-06T07:55:51.828412,0,normal
4592ed41-7e24-455d-93b3-5223c4693624,1984,User_122,User_20,3706988,78af3d8f6716cc227efb2cceedf5bed6cca1d70f2952bfa8a4938632a029f8d8,2026-12-16T22:12:38.828412,0,normal
81daf81f-ccdf-4c7a-802f-150a62395e08,2534,User_230,User_9,1792288,bde3f8064734b86dc9fa52fa08d34c191192482c559df402502a93c483d0745f,2027-05-08T08:18:04.828412,0,normal
e9392980-b2fc-477b-a9b4-61b2ac88ebc2,2347,User_252,User_161,3252752,6e279b3d0c0980f0093fa5fcfe65c67290aae6ee45da7d2699d4feecd1d55d1c,2027-03-14T07:14:25.828412,0,normal
90039d32-5182-4ddb-849b-2e7f35d74da5,1866,User_264,User_34,433859,f638ce62ea1dda8b7f433c72a84b313f614043ee26305b5d63d21766c1fe8847,2027-07-01T03:32:20.828412,0,normal
ecf442b8-46c3-4c3c-97f2-548cb19fdfc1,1732,User_319,User_186,4993612,8fd008d07ef9691d4917f47f161edf5622cafb264428e792ae86dde1ea6926dc,2027-05-09T11:47:46.828412,0,normal
bfbd4c16-25f5-4135-a261-2f29e61d7cd5,1084,User_117,User_81,1706386,1b768e1ccd5965e5effe168dc0cf8e9a19eb9aa4e845fc74995a050bf5ebcd7e,2027-03-02T23:40:07.828412,1,duplicate_document
d9cbcbbe-cb86-426a-b75f-18c878c54e02,2647,User_355,User_384,343776,d2a026efdb4311ae23071e819c2f2caa645fcd57009f38e9938710cb99b3804a,2027-04-10T05:05:01.828412,1,abnormal_price
5d933a64-f3d5-48e5-a238-47f3a9acc002,2481,User_96,User_281,3212939,a0593f6c3006b8e9c8309eaa80301af4c24457a4b012c605edba9c028cc0586c,2027-03-02T14:42:52.828412,0,normal
b50845bb-e69a-4bc1-a87b-9882d92d26f7,2692,User_337,User_276,3111025,00363f56d77903ca77598756a1dc71b5b65416b4e414f88dbaac8efd711091bb,2027-02-02T06:23:00.828412,0,normal
84d57812-e245-4f28-8419-7b91775c13b8,2929,User_41,User_368,4017933,7528f44c8211ff2acc37f067d10843ca8e3ea328a8bc10dd41a5fdc3920ab354,2026-08-21T20:29:31.828412,1,duplicate_document
6ea88e4a-798e-4eba-a151-23e9e3871759,1209,User_381,User_284,3077857,8328bf63763a37bdacaac7c0b2eada5c0d63861dc5c0a250bff58c728bde40e7,2027-04-15T22:56:43.828412,1,duplicate_document
44114715-6ea1-4baa-b5af-5a5af8f1811b,1306,User_433,User_352,12494409,b2a2bd9bdbb6deb1684dab6bbff97b48cb7c64bb40052408fa2546314a4b2410,2026-08-26T08:13:33.828412,1,abnormal_price
c17fecb1-0dd8-4632-acf8-af8afa6268ba,1697,User_271,User_238,2759184,9ddd53f61823ea16bdac7790d18b0666fe26e8ee0f2739f7de769977ffa2100a,2027-04-26T14:24:56.828412,0,normal
0265c0d5-e0df-4f1e-a65a-2c287583cf06,2415,User_353,User_278,2695394,d21b1d114b69973400ec9811c6b2319ca4d7cf00c33b5a1bee6cfe3fb4e1ae38,2027-03-05T16:35:12.828412,0,normal
2c4b00f1-b1fc-497d-b3b7-b294123fab43,2975,User_2,User_494,867663,5d83ee182678ee691beb443ba4f0e1ed75a80dac762fd6f55e851dbf255141f9,2026-10-30T23:35:54.828412,1,abnormal_price
33e9c632-1450-47e5-8049-b6fa1c4641ac,2214,User_268,User_185,4268021,1e5aada0389674fccb24aeb5b4d94d59b7a89083d0810d4a4c69a1c090c625bf,2027-05-02T23:05:12.828412,0,normal
cc6b38eb-796b-4e9b-a20e-6e5fc5d16644,1661,User_320,User_413,1338909,fdb403ce78b81fae4dffe12e1f5ab64459bd32d6b162f0a3a1e694b13d4a097a,2027-08-07T02:38:17.828412,0,normal
62820bc6-6d82-4ba1-9e7d-76e98d89b2ce,1559,User_57,User_370,622906,aa319f945f4eae96ef7ccd8849e157900b94d422c55c864432bf262da749f886,2027-03-19T21:23:49.828412,0,normal
1a0f244e-9fa3-4c94-aa4d-26f75f3408e0,2180,User_496,User_310,1416490,46f23a5f780f7516d5c32c7c556ee274340b6ae59b87b1fc856982a372deb72f,2027-06-25T18:37:16.828412,0,normal
d5a5b10a-4b7e-4d0c-9fcc-e84df0f617c4,2374,User_36,User_495,4268274,415d400498667d730fd5986cd01d3f18f1c9b550b3e6c52ec27c6a5267b4f555,2027-03-20T20:27:59.828412,0,normal
ebc77537-65d2-4483-8c07-1014ee65672e,1090,User_212,User_90,1524638,b7ead74e130edc3c60702957a434024a1fa2aa253154908e304e5898d5b26c35,2027-02-01T23:41:34.828412,0,normal
00f6f494-a2bb-4545-af00-df5d9c077375,1586,User_1,User_74,3994275,9e1c03ea3f03a760f8f822ea289921222412bfa50f05adde4bbcfd9f5b3dbd6d,2026-09-24T07:37:32.828412,0,normal
d2983c39-c07e-47c4-9a8a-bce45fad7f8b,1380,User_277,User_153,510898,4b51f98e5ceabb051695d01512da543beea703017dc38e0e517dc4193d17e8a0,2026-11-13T18:04:25.828412,0,normal
47bfe56d-c1b6-4e39-8b59-188f00efe0d1,2057,User_34,User_172,5780948,d3c2a47864f1d220e865454474d10b94cab450d8a742a81e8e5da3018f38068f,2027-01-15T22:00:24.828412,0,normal
a5c44f58-a7e4-47dd-969b-2c085a967780,2342,User_148,User_275,97438,364598484c92cd02608bca27ef8b13140f11b3f871147db67de59d2bbef6a6fa,2027-04-26T09:22:59.828412,1,abnormal_price
79375f43-b6bf-4547-9f10-aaee15bbceaf,2894,User_60,User_190,4683680,0c0d240e3b8fa8b09de3347825a962856ec430372c81bf2d86dd333896d6e9cb,2027-06-02T12:45:57.828412,0,normal
77fc9b94-99f8-4d01-b5e0-0e1cb15b7530,2803,User_50,User_202,6602630,e02c674c1dd80058de38566d5c73b3f201f4a3e37eae23b9a013eac8359cf719,2027-06-03T18:19:01.828412,1,abnormal_price
2ea862b2-313f-40b9-9ce5-6f4174ebd0a8,1801,User_411,User_3,153661,4a2b6d52e450d0005a5bfd0f97c3e4e67437418449b6f79fb5f936969f804976,2027-06-21T03:32:18.828412,1,abnormal_price
c5adbcd5-ad81-42bd-94a5-5c8e81243fc7,1356,User_206,User_434,5487035,f1535dec86cec154690fba02a5a6c50cb065091fff2749a9a0143ff32df005a8,2027-04-09T12:12:14.828412,0,normal
741bf860-753d-4c0f-a80d-802d7ff99cef,1480,User_24,User_326,3181943,66b172021600b88e033d269389245825bf7bfe371d411974ee38539391919018,2027-08-01T04:39:10.828412,0,normal
92865d25-6e02-42e2-8bbf-95012f7ab9d8,1588,User_488,User_48,2635946,7d80daf07479a2e03b2c758307e324950c1807cca40a964016071dba06a67430,2027-04-15T18:40:01.828412,0,normal
72caf5f5-a8d4-4d38-a8dc-6218844c9cbe,2534,User_9,User_202,2140579,bde3f8064734b86dc9fa52fa08d34c191192482c559df402502a93c483d0745f,2027-06-07T04:18:27.828412,0,normal
2f1d4858-7454-4a70-9b0e-894c639b7ec8,1641,User_371,User_99,535682,23158503591a73ed8e054f3a25555f7e059f34fa1f371567fd0109f2c5909e25,2027-01-31T22:44:54.828412,0,normal
f9d473a9-5694-4ad4-9da9-1095cfb71922,1211,User_136,User_272,1416488,bb46f2625c531c44d232212a2723275c66dea66489c8dfbb59d6751450309f00,2026-12-26T13:18:49.828412,1,rapid_transfer
52b8412b-1c04-41b4-bbd0-b3c0cd0ca10c,2891,User_322,User_121,4692778,0953d49f973d66ed6ffb8bb5071192720f43c8e0fb44a594e7912a82b83e6312,2027-02-15T22:43:58.828412,0,normal
7cbcc133-e10c-4f8a-8d62-d70c7188002f,2161,User_85,User_408,2838383,2ae72db9c86a93d3a1ad94f14d925f37c38befe5c04081c0b6ec942ab7973c18,2027-07-02T00:26:16.828412,0,normal
b8e80b5f-5daa-4214-a637-bef20a2bfd7c,1330,User_401,User_284,3217507,61b2d676d1b3425dd5bf3f855da84eb0b7f174e137b1b51e40e20faf3c168664,2026-12-26T17:05:58.828412,0,normal
03494b54-bf38-46ee-908e-a3fa2ecff7cd,1073,User_72,User_147,924098,f1fc52c8f5b0272ad5ebef5182a89f2ab1c8ee229d2f0036dae6cb876732f4b6,2027-04-13T21:07:23.828412,0,normal
dcc66435-0574-4449-b393-19f9609ddc83,2622,User_487,User_139,4573922,1891db1038a59d75933b6a4c629c39428f6e9d0b01490bbe822766779fb052b2,2027-02-03T14:50:42.828412,0,normal
e379c828-1bfe-4a2a-af22-b3721043de38,2745,User_103,User_52,2305658,baf3c2d7a3f91c669cc06ef91463a9294863f2e3f6bcf49e54ab9f6451d882f3,2027-03-07T02:54:41.828412,0,normal
dda19375-ecb1-4d52-800d-aded5345c369,1672,User_225,User_480,37845,6e8622facab9e8dfdb2b8428a1e0dc3e08803c3d6e26028b4ca5db92e39a86d4,2027-01-27T12:39:34.828412,1,abnormal_price
faac5647-d778-49d6-894c-67b38644a750,1284,User_335,User_404,39512479,08c138d7d58fac02031ea394abd39188836025889ae40d19eb98fd8b3f817520,2027-01-01T13:40:11.828412,1,abnormal_price
4905df24-be86-4d5b-87e2-8c54d3596381,1814,User_347,User_398,1593224,b931d02d84b291d0efae8fa3a9339ef31d54a0ac544f900ccd559d51e452bc53,2027-05-28T08:28:03.828412,0,normal
3132f0dd-c022-4b22-9a9e-f588cbe2563a,2832,User_216,User_187,279015,f8ca00b886cf60a35c8e34b897b0b9821ea89e44b1e5aa006f8e5f3fd57bc7e1,2027-05-18T23:23:33.828412,1,abnormal_price
6b0cbfaf-87bf-4ae7-bbb7-3d041c39b53e,2879,User_376,User_356,2142984,ad1891616df1922111370e9d9947352b1e283598fec20304e815992029c472b7,2026-12-10T12:50:30.828412,0,normal
b2617c67-29e2-4127-9eb9-839d957c3fab,2437,User_161,User_12,3161267,42fd900e8284e915f37361e379ca58ec7725f382a187c49e26706fb6d322b388,2027-05-20T23:59:22.828412,0,normal
3ab4d1f1-3384-4cd1-9165-f0ee44f15979,1869,User_287,User_161,3736818,a3f6a212e00aca78fe06199400c5963f46e7a9f96b828031d145bee09ec7efa1,2027-07-22T19:22:52.828412,1,duplicate_land
0542f8f2-496d-444d-a2d7-924990dbc33c,1382,User_196,User_381,3170380,0919e6d8c30926353ae4a150d9fda48206cb0f8e9fc0da64efa77ce3509f2db0,2027-04-27T00:56:13.828412,0,normal
52e6630a-1c3a-47a8-ab40-db31ce6ae1f0,1935,User_470,User_349,4909725,7736d1c896dbf46124b21570ffcd2b4ca78a6ab86eb811ae28da346f831a8451,2027-06-26T13:57:46.828412,0,normal
81ff02fb-9c6d-4061-90de-46f411458311,2302,User_4,User_414,2628517,591657fdcf1b66ea0d7e4e007c6f166b7dbfad69e34c031fdfbf7263264b8ab6,2026-12-11T17:30:38.828412,0,normal
3d97d022-b82a-47d6-9536-58700bbf3f86,1128,User_110,User_471,301325,171a03b0c7057bed80c444256de925805bcc467817587437f44a6a487d8aafc2,2026-12-29T21:12:31.828412,0,normal
7e76f241-0e8a-47aa-bee7-e474814b54b2,2080,User_2,User_326,3018434,fd80ea7f198d2a317149ea54bbc2550d2e4ada93f621b80dcdd5ccae23ba704c,2027-07-13T09:56:17.828412,0,normal
cfc77ed8-52de-4c43-9554-07b7a5feef67,1695,User_482,User_453,807445,e4946f1e2f0d5cfd2a3436a68d4faddb0740844bee1a7e1503830c6c17fa0c7c,2027-07-29T13:26:07.828412,0,normal
b14d011e-ee4e-444c-80a9-21f21a1c5075,2765,User_332,User_39,2875411,ce5cb56053379af023e952f83d506acf93d68e11741b7f298475131c8a93bb4d,2027-04-26T05:59:09.828412,0,normal
1a67af09-e816-4ffa-8248-79b91ad28f9a,2220,User_126,User_136,807922,04de960c41a141cb5f61f71fd95296b9c186410e705bc8bc070208cf04673bb0,2026-10-05T01:06:07.828412,0,normal
d83008b8-533c-4ba2-a25f-064193a4d5c5,1915,User_448,User_418,518791,4dcc3d528afc5623a88ec28de87440ce03ac722a27210651013203de74c9f1df,2027-02-22T21:13:27.828412,0,normal
95ddffc1-373d-457d-a8df-46dd55359ed3,1352,User_170,User_322,3386073,eaf649d2d856cfff43c7dc2593fb2f660fdb93fb4729b8a1b6515ff68cd734a6,2027-06-21T15:44:57.828412,0,normal
77c21970-fa73-4cc3-9d11-66a3cb0dc788,2771,User_362,User_344,2734759,0a850155c60ba321ae79feb626ea5bbab0d57c1027bacf51b0c28442fb11bf86,2027-07-31T18:20:20.828412,0,normal
1f86d351-c580-49d6-8f6e-bc3275b3a65e,1573,User_166,User_139,4938468,29a4a5426675ff14e85e7e49533b3c98da2232c78bcdcdf7da8654f1214ade4a,2027-05-29T05:30:52.828412,0,normal
a08505a5-cdb5-4e67-91ce-c5906fbae433,2255,User_270,User_129,482229,7307cfab6a6642a3a1c5717f35f22763aabd160f67823ad1ecaa81b31563920f,2027-07-01T08:56:18.828412,0,normal
64d14a03-81bb-45bd-b386-720bd3115283,2993,User_25,User_301,776135,bf9967639af751f6a0c079127b8a58f3aa93fa73b492dc962d2252db522fbd14,2026-09-25T11:14:27.828412,0,normal
ba8e4aa2-a19d-4de6-8ff3-9e6e8ef6a94c,2717,User_131,User_241,3693325,1fb5f55af7a55db7651c72e7c77af30a1f20dacaa62fb1ec316915f22e4db577,2026-08-14T03:07:33.828412,0,normal
34b7c6d6-01ad-4821-a0cd-9fb58ee9e916,1392,User_141,User_220,1611281,86b2e81196b7ce9215db4115343ce76bca7ae4c729fde704150e63167e317cbd,2026-11-08T22:04:01.828412,0,normal
0054d91d-f049-4866-af44-b6aeac96a23d,2689,User_75,User_300,2899255,0e6bbfa9fc58a7d447718f382fe23c37abcec6b3d8c010391314a2ade7862753,2026-11-01T09:08:56.828412,0,normal
f389b934-2481-45a0-abe1-b820a73b6476,2190,User_160,User_494,2137589,8b575483e6c1c8dbb455ffd823815194d713c0a544b2e9adbc3ef6487e71150e,2026-09-27T05:52:49.828412,0,normal
4864e337-4e2f-422b-896d-2c6d87dcdf2b,1522,User_378,User_405,1460603,1d53f49cf5921b406a3648303226b7b98a4fbffee71739c5f8395d605a6e4c4b,2027-03-12T01:25:15.828412,0,normal
5c203498-fecd-4858-9d26-f06097a647c5,2087,User_319,User_131,2311925,69c8058714a9ca8cc715c4b8075860b6f852624760e4c32cb913f07450db0a73,2026-11-07T14:00:52.828412,1,duplicate_document
809e776c-6d35-4d0a-81b1-836e97e33075,1275,User_50,User_16,1759094,6c9291a1f19d2efc94b5cda0ce17f2b65129f7766f79906210641d7f39354536,2027-05-30T20:37:44.828412,0,normal
90adfcc6-4fed-43c6-ada9-4202edcfddc9,1102,User_77,User_118,3694230,d66aa6b7bfc1940480ced68d5f931decf1a759a0bed0f7274f9c8f9010cb5186,2027-05-14T05:40:06.828412,0,normal
30d90321-cd38-470f-864e-7d5ca7ea97f3,2278,User_480,User_19,25850390,82d6a067f5b97d8d34af532359877b61d5f50d607e75c7d1cafb8f559c29a6ce,2026-12-05T13:12:57.828412,1,abnormal_price
c4198046-13d9-4627-9ec6-69b3bdc50816,1470,User_208,User_67,3177135,08b9349be2e5fb1eef39dd8380bfc17781f1aa2adf5c1e79b35a6546404a38d4,2026-11-10T18:26:22.828412,0,normal
d05f2d81-566a-4016-98b0-6f27cedf6f0c,1392,User_220,User_184,1467760,86b2e81196b7ce9215db4115343ce76bca7ae4c729fde704150e63167e317cbd,2026-11-15T00:40:52.828412,0,normal
90524f3c-9703-4a07-89be-ddf82a3ae27b,2334,User_369,User_448,1547730,15c1675f4ec969e5b7f7b630c927eeb51d879c430065687a4d3aed6c4eff7e6f,2027-05-03T08:23:04.828412,0,normal
aaf39c7e-8457-4e37-83c4-2e5d314cba24,2305,User_11,User_162,2768182,cf2b3456b805b7b8af70eb7cd97ebb7645f9b48e8c9fb7df70cea0b2473dc51e,2027-02-04T06:29:54.828412,1,duplicate_land
651f141c-8a7d-4c80-8035-73171d19e67a,1668,User_238,User_252,1762774,e06902bdcadcd7d26e497da7a81d6f16f6f986533165b8d4057b5f35cc155942,2026-10-08T20:56:23.828412,1,duplicate_document
ab0a621e-9791-4051-afe2-03ec2f34ce8f,1391,User_341,User_463,4318667,83abdbe3ba9d5da89bb50b6d621ee31f96297d2b7f5b9ca8c066d0bced1e2d81,2027-05-13T01:07:33.828412,0,normal
3418bc72-ac62-431a-bbf1-29671c31256c,2006,User_154,User_246,5663732,dd35725f4c6bbcbedc61060abdb5a80de29ff8903c486c3256804dced0232418,2027-01-27T13:09:25.828412,0,normal
43e7306f-8dd2-4141-9ab4-467752ef123e,2507,User_486,User_382,1336235,7a0f5f87ace46536360f677d9daafbc7c95646bef95cfe0566bac814273d4601,2027-02-28T13:50:59.828412,0,normal
1953140c-5bed-40f2-9d49-ae86cad85c0d,2552,User_210,User_401,3099901,7e93182722fe70a285538aaca5d05d849ccf35fd20bf8b691324e0c344a783af,2026-12-18T12:02:07.828412,0,normal
09a0a404-ee91-4686-b9da-eaa42471e74d,1520,User_254,User_198,1150767,ec03181405d3c61bf391a3e85c92ddea870c867d64e85fbf7c2e9064a2726e47,2026-09-29T10:34:19.828412,0,normal
02142291-bf72-4d78-a1db-5b27959262c5,1960,User_173,User_147,2254432,d360f3e5f40cc20ecadb4d29063df1d754eb7946eced2b217c47ada1f89b89a9,2026-08-23T19:20:15.828412,0,normal
96b027b9-cf82-4201-bba9-afba5dc286e6,2733,User_192,User_57,4152504,1b685c51c0101ce5d0d50cc7edd26ffdafc57d48e30f2a1e693f09a2f32e5d98,2027-05-07T01:04:16.828412,1,duplicate_document
0a7665e6-d48e-45df-a2ae-255c72578441,2841,User_296,User_72,5238602,f6a4679b11fe000c0224c2dabbefdcf3c508f3fc8a47e137286558cacd20d66e,2027-03-20T19:24:59.828412,0,normal
8fb29803-6ee7-4068-9647-aa19c57e57b6,1808,User_308,User_364,1718363,f2b95e20b5160167ea08485431f79e15d0168c5dad1fda08c9b4fef1119681c6,2027-03-01T23:37:56.828412,0,normal
53c0f5f7-d00e-4055-9c5b-70d4f8222282,1132,User_10,User_296,1665951,54ea4f647fa3d3e1e91cb3ae2cbd74515be806167cd541e21c2f24039831e482,2027-07-25T02:13:23.828412,0,normal
791a5c85-b7e3-4e32-84bf-bfeda6d84296,2567,User_125,User_85,659618,558cd8fb6b6208546681908a046c40aece4bb938aeb4dbeed65989c932f2e811,2027-05-02T13:23:07.828412,0,normal
ac901542-9b7a-44fa-b785-6460e0a43fb6,2109,User_241,User_54,3474430,8bac9e04eaa88a56ef495cd02252c0efdc444abea9eb0075b9662c7e816ac833,2026-09-04T15:28:03.828412,1,duplicate_land
19c55bb9-4e91-4baf-8a64-e3b8a57cbc06,1426,User_322,User_443,3947149,a540e07b8ffe963ab523d5275eaacfad56901f6791ef92e2d1b37a91395ad402,2027-05-17T02:49:13.828412,0,normal
62f8d32b-f678-43c8-9e5e-058ce5b7bfe3,2029,User_171,User_460,4478850,3c1bbb0e0fa52cb44bf5e26ee9868a2e6e77be8a36b58324003f845d7236450d,2026-10-23T13:56:38.828412,1,duplicate_document
9933c58d-a192-4268-9903-15cc76a3e101,1484,User_369,User_30,4372387,0b8eed0e2b5b7a2ecae066fd0d8538fb31e45f18d545f7bccc14b093a812b434,2027-01-26T15:35:16.828412,1,duplicate_land
3554c9ca-57c3-43e9-b701-6aa95afd93bf,2255,User_129,User_79,397295,7307cfab6a6642a3a1c5717f35f22763aabd160f67823ad1ecaa81b31563920f,2027-08-08T23:26:57.828412,0,normal
b9536d6b-a474-4868-880d-d03a353031bd,2233,User_398,User_228,3868903,f56abc09cd8a680940827a149733aab6631264c8cffbbdef44e2ac449593c47a,2027-02-23T18:39:43.828412,1,duplicate_document
7b84ec9c-3861-42e0-9ed1-39ee5611159f,1906,User_281,User_178,1275048,9dd613077c0e06a268337da34ea829475360f0eda855d41484ce7e32a8a1d975,2026-09-18T01:39:35.828412,0,normal
ebd6a6f1-95a3-4253-bdf9-8df8078b4fb8,2498,User_250,User_319,285904,0911a7c8f4370d0df1ad05112b554a27ae1c7c1dfc11c1097b831acceb4783ae,2026-11-17T05:16:34.828412,1,rapid_transfer
aa7a71d3-fc0d-4ba9-8248-1bf778b0db2a,2421,User_228,User_146,985598,edf1f21e4c8c6265487a2eca7d5b3c4f7cb5dd361b99851ffaaa1aafd7b3624b,2027-03-13T06:20:59.828412,0,normal
51b891ca-184e-44ac-aafd-5f2c8bcab4aa,1762,User_440,User_54,532786,f8450e01d7ca8484be6fa25ebee38716d2c553a3209b246de004157b9a21522f,2026-09-25T18:45:47.828412,0,normal
f49d05e5-0794-4610-b89d-94c7afdb03d5,2074,User_278,User_358,2623155,336fe62fcc205b518651f92186de427a15293a356072f4b1c7e994d1fe7968d4,2027-07-24T15:00:29.828412,0,normal
c0f82e62-5947-49ad-8546-ce4586624ce8,1247,User_367,User_97,2946261,af564427f8015ef8e230dc9b6dc118963bcd2f1c879398185ff4ea4e0e156a59,2027-02-18T02:32:33.828412,0,normal
7fde1fc6-7d83-4bc8-95ae-0d6dc0e4472e,2648,User_445,User_208,505822,7489069f69b6fc2a9088310c900c6ed05073d2c10354e32d4af7bb67cdbf4dec,2027-03-30T13:15:55.828412,0,normal
a0fc1569-fb16-4af2-93b3-498636d1f8ed,2962,User_451,User_390,1446142,69d204666fede878096719f4a76e22c2cc9ff873ce898614b8864df3fa27c0bc,2027-07-01T03:11:20.828412,0,normal
b1d52e2a-234c-4d12-af3d-0a88ee212671,2783,User_444,User_402,411704,f30cfdba7a54b4b4a1d994d37d2b34247c16994e16ed832f93c9d6c06b69fce0,2027-04-05T02:46:32.828412,0,normal
1cbd1f32-ff43-449b-b765-3d3cab59f963,2564,User_352,User_350,280251,8fb58d78051003db77e60d74e883b7973e533dd2ce11d47baa225a1f0eab421f,2026-12-31T21:16:42.828412,0,normal
81c0fbe3-94db-4662-bbc7-6a83809be1d1,2848,User_256,User_90,5129034,05c144e4cff311a6473dcd6035d492e101419503af027e4a886adc22991f3e2f,2026-10-16T04:59:08.828412,0,normal
2c54930f-8160-4115-bf41-c696870fac4f,2794,User_55,User_357,443169,6dd9b0553ccefdf2d759d1e90072e0d1dbfe521c0310397405dce9b1f14d089f,2026-09-04T15:18:16.828412,0,normal
07f0d932-2fbd-487d-83c7-0db7f712b584,1572,User_88,User_414,661197,b52e518c37c21035a1fb6397ce0224996245e84ac60f344702e79871f9da7f14,2027-07-02T00:17:41.828412,1,duplicate_land
73d6ce12-920a-4d8a-8b98-ea937f2a356d,2437,User_12,User_74,3131492,42fd900e8284e915f37361e379ca58ec7725f382a187c49e26706fb6d322b388,2026-08-20T10:25:30.828412,0,normal
9e8c0d19-b215-452e-90b5-59271f2e660d,2128,User_158,User_122,4224426,8b73eb66b90660406519a432d060e4fe859a8e090700dee75d395d7051a29862,2027-05-10T06:29:29.828412,1,duplicate_document
fa390126-5d0a-440c-afb5-a577019d217a,2852,User_262,User_177,3773597,af6990ec929322bdd2f391db2daf8b3be36e64f1638535d90e83a2179f9c98c9,2026-09-14T21:51:35.828412,0,normal
8d4f09a6-e386-4f28-bff2-4d8842bb0fed,1674,User_278,User_367,857523,2ba2625617acf1b662d467c1f8372c7618f6a2dbe13de024170d21a80df42fee,2026-09-13T12:28:42.828412,0,normal
a4d16d39-0815-4d92-aecf-d776c131f69b,2794,User_357,User_236,472912,6dd9b0553ccefdf2d759d1e90072e0d1dbfe521c0310397405dce9b1f14d089f,2026-11-27T13:20:22.828412,0,normal
71c2c993-8649-488c-b792-4003d54d2593,1538,User_456,User_401,2797265,2b605326398d8cfa939840fcbb5ee2dd2b92e374564bc9f34e6e2e25e8898894,2027-01-12T13:54:58.828412,0,normal
972b8999-578f-41fa-9664-1d19516cfbb0,1944,User_342,User_66,2398446,10bacd7a276bf62dc48a5412e99ea73b3528972802807249e35989fbdfa1ae4c,2027-04-05T09:37:30.828412,0,normal
89ae641c-c230-472c-ab8b-b81e26e3dd3a,1081,User_232,User_158,1571424,ebb89ccf1f86c0b408225fa54fe266e83ac2a3f8a41e6981fb2cd76035d0b1b8,2027-01-18T15:04:54.828412,0,normal
1572aa57-1786-4c05-be6b-259a51b166d2,1416,User_355,User_373,897308,97d196b353850a59e386c397b77cc63a2d277124a16b9b3b9a172c5bc053de8d,2026-12-20T13:21:34.828412,1,duplicate_land
61a54028-51f2-4fee-916b-022950d89d04,2847,User_210,User_479,1616840,fa4b3d27f6319d1663bf62185ac341152e3e72b90dd99b57dd3d315ea7ea4e23,2027-01-27T10:58:00.828412,0,normal
88b785f0-fa8b-4a4e-86de-1dd391b480f2,2420,User_177,User_258,1148199,43edc4a692b215aa0954a2850085ed92924bdc471dec82fdabed04747813bdc4,2027-06-27T23:53:45.828412,0,normal
640a9ce0-e568-4501-b27b-f87714a5aa65,2598,User_176,User_117,2827817,64ba81a51fe757d9099ae4e35ce936ec4c96427f28dc3cabb75ba38975356b5a,2027-04-05T14:26:29.828412,1,duplicate_land
54651403-87ac-43fa-85aa-3a1ef516ade5,2170,User_93,User_74,4122408,9925a4d14d4c619f8f8aaa3783f6e6da6ce99598dec387a073f3553c191d2c46,2026-10-25T18:18:51.828412,0,normal
d3ea82ff-7ceb-4466-8bc8-a94f3db2e381,2107,User_139,User_90,5527977,0cc6e8b74e89a1e1ef66073bf9b841993e4a8cac1a09a52de295cc2742e769f9,2026-10-21T02:19:49.828412,0,normal
102f10de-d1ac-44e5-8adc-b7b1876e455c,1055,User_193,User_426,1212201,a636d9489321508d608259976aa5e030dd9b6c97db93bea17ee2127fd6465758,2026-12-31T20:03:09.828412,0,normal
e04035e2-68dc-4d90-b6f8-fed2b506aec4,2197,User_131,User_407,872011,56c2ecc6d4e2cb9c4f4e3efc2a017437676440832c61b518083c07ed9b8a2f5e,2027-03-10T02:53:50.828412,0,normal
629fcc3e-3f7b-4c01-a516-93c9c5e6cd9c,2981,User_105,User_272,1199553,6d7a47394a6004a11777048edb7b14915aa72b73ca6ae9054ce3d02ee6971c03,2026-10-03T01:32:49.828412,0,normal
bfe0b2fc-17a0-420a-aff3-b38649b96a47,1540,User_28,User_429,5182257,4e280065832f46f813acc62365c2ce727340c91099cb2ae43bc1b78597fa238f,2027-04-22T15:34:44.828412,0,normal
fcef730c-3532-4465-8187-3ce4d4e583d3,2540,User_238,User_130,2898577,dd12597a5da02f93c7226b4f04d2059f5abc5df7bc15501d17d9776fc586a43a,2027-01-03T08:49:56.828412,0,normal
e6a45786-88ba-44c8-968e-0f846ce422e9,2826,User_407,User_323,2721663,e65bdb42ad855e82309f3d12429fd20a34fb159059b61fc0e5bc3cc6c8c9b557,2027-02-06T10:53:56.828412,0,normal
79c03039-3589-473a-ad50-4c6ed98a6fa2,1265,User_185,User_355,3437579,5993a6407eb02651f9360fdd940d3321251e345eca026e96390a1c6d13ecc9af,2026-11-12T01:01:20.828412,0,normal
e81b5904-2a7f-4824-bf49-8eeba50db7c6,1228,User_200,User_375,3763114,c7d6333db754d87e27f8494aa5370e7e4a9b492b5ef52241ff3381b433903468,2027-05-09T12:38:05.828412,0,normal
9505a91a-4c43-4faa-a593-9e84a8792afb,1705,User_255,User_141,1306798,0919e6d8c30926353ae4a150d9fda48206cb0f8e9fc0da64efa77ce3509f2db0,2027-03-28T23:59:59.828412,1,duplicate_document
eadf99e0-6582-43c0-91b2-4192a9686f5f,1729,User_464,User_107,3981109,3faf337c89342d2f53d12549117707730188f4e2b05e4fdf353502193a1f668e,2026-09-12T20:20:33.828412,1,abnormal_price
04a11511-19e8-4b60-ac9f-d06c371a5cfa,2465,User_477,User_124,1594824,da9bbee8333f55638e364c98217f5c88bce3022b614d00a3775f6e3ba037f533,2027-07-21T03:37:43.828412,0,normal
f727865c-d81a-4d76-8473-9cc1bf0115e0,2611,User_271,User_384,678846,2130ba2fa812c110ae6cfaa434342a89b7a2c61dcb21775d0ffc35644e6a8a34,2026-11-22T10:49:56.828412,0,normal
adafe870-fa95-477b-b662-b81f114c30d4,1107,User_212,User_474,3021461,627335d22d4b409388a82ea5f4377bde7568cd36361a91f22a75414bebdf80a4,2026-10-23T22:37:54.828412,0,normal
3b9aba8b-56f4-4150-b640-a107b2550f23,1147,User_307,User_228,1578712,fc5709876ecbf9217b56632b145f22d72fd97fc63b23c2188c01333192c74a9a,2026-10-27T22:23:49.828412,1,duplicate_document
f429420c-c0fa-484c-8c00-f05802e4a7e3,1596,User_221,User_423,3724478,38218f799fe717c127fae8621b57ddd5853301cc106903ea6cfdb1ae0bfdb00f,2027-02-12T23:30:40.828412,0,normal
93735c66-dfc8-4937-838e-e8c471f0b457,2782,User_452,User_121,4011663,4d6c4691bdf7656762f13cc93606cc564e5cd3a527d4f4212ca5d574c488c59f,2026-10-16T09:01:19.828412,0,normal
ac39eccf-6d6c-46d1-9287-b07b85f78a6a,2496,User_148,User_92,651495,9ec5b4485a5cad57cab78c6d913ab6b0229c08f0cb3b9825dcff4edd5a244b98,2027-01-23T06:04:32.828412,0,normal
5c4bb9b3-6564-471f-a058-cc62b7816064,2757,User_333,User_264,1378307,a68d384c21c7cd91d11bf5659c04eebbdcf9cec5bb2717960d8ab35f3b90ab05,2026-12-13T00:08:15.828412,1,rapid_transfer
637c7aa0-321b-4aa3-a6c7-d44427d95deb,2856,User_345,User_87,306126,65bfc06357e251657252bb62ee9e685931462df9d0cb6296e6ae1513d39e61f3,2026-10-02T09:24:09.828412,1,duplicate_document
f52c222c-2118-4cbe-9008-b8ebe75c8841,1376,User_2,User_155,2447830,2ee40c2abd891b701e487beed1b62d05ffe294e26c90bb856b32a1293edcc1e3,2027-05-03T03:23:21.828412,0,normal
5e823d7f-1bd4-42d9-b7de-2ff6db982f94,2718,User_470,User_220,1359529,f25a493ca42e2b180bc4d460e5a5f4e1b9ac6ce179ee16c51c7978f5e655cd3d,2027-03-13T18:25:48.828412,0,normal
41d29896-3b6e-4dfb-92cc-fbc83efe36a8,1383,User_324,User_93,3166047,74186d073f36fb51e1a98c6f0ee6a38966a5cfab3e01a07788cf70cf789bb6ae,2026-08-17T22:14:22.828412,0,normal
d9e2f40b-2b51-4f9d-b55f-a2e769d2c61e,2948,User_462,User_383,1807297,fe73fb00799f27447632d64bd8deec9c07b467041eb07614beb6870b7ea68f72,2027-04-14T15:31:36.828412,0,normal
78e4efb6-6196-43d6-bfb6-99de839a0ffb,1704,User_295,User_105,2322832,6ef23698fb48a3f1ad3317dff2ca46192bc497bf7e3ad2e0a6fc7e5b9b7be81a,2027-05-20T20:45:05.828412,0,normal
e89cbde7-67e0-414f-b636-83892e21ee13,1846,User_38,User_212,3589766,b560246c7e55e06859b46b4e3a89cecf7ade5f774ba4f5c782133194dedb8013,2027-06-04T17:13:21.828412,0,normal
edbdb84e-b8d4-4d37-a089-2707ff4d7d2c,1467,User_159,User_434,4350623,560e283fddb3727daaaec4ca5482a150f25011062f34cc10841f6a09f57b1f92,2027-06-26T11:19:59.828412,0,normal
ce855c31-fd2c-4eaf-afdc-548c6e4e4e56,1576,User_199,User_308,443423,a93804da9c12457a53cf3ee873994560d52f1ec156df2f78d0bac7952531d934,2026-11-06T22:47:29.828412,0,normal
9d7f08ac-c47f-4850-b819-d31c95a61697,1993,User_392,User_25,3530632,3cc89e86bc5e51bd8780a17eb46a4de229adc61d43aa04097c78b9dc9dd4f719,2027-01-27T01:59:15.828412,0,normal
7258339d-a187-4b1a-8901-98a084a82b87,1534,User_360,User_191,2680467,5cc3cd8535f1450e2aa4b80008258e162fc8627714ec007bdd2c2e4e02459a81,2027-04-07T09:01:54.828412,0,normal
147014c8-5912-469b-9ad3-fc966c4ac478,1936,User_296,User_184,4843238,9ea31b187022bdcdeb57f7a4150fce1260828bf363a34a4dc83e537f1571b3c5,2027-01-04T00:52:59.828412,0,normal
6831700d-33c1-4282-9ad8-93b9a0f73c7c,2538,User_81,User_482,4306552,01288414d9c6974ceb6a01846082e165c86f176699f175cc2ed04c6084e9cc60,2026-09-04T10:12:55.828412,1,duplicate_document
475ab52f-6e69-47bb-bf38-32580f69e009,1421,User_307,User_440,2294586,5ff8c9eae7edd64f08000d893f2e875fbc084e119e446061ba8548e143f0e4e3,2026-09-20T02:07:12.828412,0,normal
b5ca2e28-c506-47c2-ad60-cb61168a6c18,2271,User_72,User_322,1495137,7a4b573c0e58ae23884638a99d643d3ca413fa38450d621734947cb78e277d53,2027-07-15T12:46:41.828412,0,normal
4c39806b-26d3-473b-8996-9497770097b6,1622,User_430,User_94,533864,5d3e3a3f6a42935e9b91f5b2485d3effe7e854da8123e1b605b4f7af3c7adcbb,2027-07-02T11:50:13.828412,0,normal
2114acf2-81bf-4215-843c-12f954b65d73,1194,User_307,User_145,2593812,1536ab6b800c6ec36f30f711926fb74fcaa4a571fa8c3c5b29f76c98c2ff91dc,2027-01-29T18:18:45.828412,1,duplicate_land
de6d4039-0b56-47cb-930d-5e2ec8d2c755,2861,User_306,User_426,422534,33af7a980faba096285ae4f050d960712865cec204b4c8940bc743cee12e9d22,2027-01-17T14:37:46.828412,0,normal
f78f20ce-20a2-4119-ab96-6548b6017c2d,2596,User_450,User_236,450009,6fd6b03e4e88e722b258cb94903f20ac3608143572aeaf862260c928c31af951,2027-04-10T16:19:32.828412,0,normal
c5cdc34e-d115-489f-8235-7c6c094b07ec,2887,User_178,User_455,575766,1271ac02f911acc00c0990f530b6462d61a9d4cea714c4cc0aa0b0ab52a42197,2027-04-10T08:57:47.828412,1,duplicate_land
e5199cba-c9e0-4f29-b761-196bef94f4ad,2260,User_391,User_229,4208036,7a1adfe6e11014a0f9f0e9e30148b2b208a9e4a52ef6af30b33c16169ec14670,2026-12-07T15:11:38.828412,0,normal
132588ff-a383-4a79-9d38-226967472b56,1398,User_182,User_96,5151145,f9b461935158b8892a933bcde6627a76b589c291978656f55ea70103c63b76b0,2026-09-01T13:36:20.828412,0,normal
cc02baab-f4c6-480f-a52b-727c22e25469,2855,User_51,User_134,4104456,460e26cbfe4c59fb9b0c339fcb0c10377d4f4b5d13028d7907324fa95e696497,2027-07-08T23:10:05.828412,1,abnormal_price
10e19f57-cf70-446b-b1c3-9cbc611e9c6b,1107,User_474,User_98,2891923,627335d22d4b409388a82ea5f4377bde7568cd36361a91f22a75414bebdf80a4,2026-10-03T01:17:03.828412,0,normal
90e0cc66-3997-43b7-ae9e-306490ab9d7d,2314,User_480,User_309,3223397,ebb8f58e99cea7a83096ed7c38ab1b716878da30690b22c279b6f995ca4dfb2d,2027-01-31T12:21:39.828412,0,normal
62164905-979b-4fc8-9d3b-7237bddeef6a,2453,User_435,User_70,2889888,6f6b8f65ac2c0132eaef4196cc0c8772cc2a3bc199a1174ece5bbe60b6a2f4a4,2027-04-24T12:48:43.828412,0,normal
094a809d-08e8-4557-a261-ecdfeb555a32,1180,User_377,User_473,5313601,f55b006a38e17978cecf0e691bb207a2d43190839b14f7f31f310c8422e7fa06,2027-04-28T11:28:23.828412,0,normal
5f0307ec-8b8d-42a2-8f2f-c3d3c32bf9e7,1674,User_367,User_490,702841,2ba2625617acf1b662d467c1f8372c7618f6a2dbe13de024170d21a80df42fee,2027-01-06T16:58:35.828412,0,normal
d08487e3-1cb0-4cba-8e4c-6282db3f6593,1584,User_123,User_497,3609041,8073643acb30c17d60053b684087cd6fe10382ac7df9e7e1c1a92e38a08d4f5d,2027-04-22T19:40:21.828412,0,normal
be964150-2c96-4cf9-baf5-d9afe1209c1d,1288,User_407,User_248,3262079,12a67d23fb605bfa759d8f2a25841dde3f4f144eebb2302922386d097ac51713,2026-08-31T00:14:45.828412,0,normal
5495e386-fe8a-4293-b55f-17f2b86548a4,1644,User_366,User_126,530260,3dc4527d296dd6e250ca12b3d0742abbe00044715289a8c2a4c58cff72ea919f,2026-10-21T01:32:07.828412,0,normal
08f90df2-c864-4a13-8641-375a1ae8d535,2478,User_162,User_51,3753623,858b95b47609513ce7a93b292542228bfd1469076eacc2cb5bef28aef904f47d,2027-04-19T06:11:55.828412,1,duplicate_document
7a6d10b9-b933-4aec-866b-faf5fe4758d0,1218,User_476,User_358,1447096,77428d35de8dd470d3c45010749ec359981bdfbbf5748a0c553fae9ab11cd25a,2027-06-16T10:26:26.828412,1,duplicate_land
9e07de4a-70be-4cef-a683-8cd7b989ea01,2119,User_332,User_25,356663,2b17c5addcb05bde9ded547ccc24876f725f78a97801760673793817d1255e43,2027-08-11T18:35:29.828412,1,duplicate_land
83716212-e672-4daa-b463-4161b8ac915f,1903,User_140,User_478,2809854,daf159dddafdd92ee09d7b727786c7bb5288e6ead5244e0d3f29bc3fd9a5b315,2027-01-07T00:20:23.828412,0,normal
70636836-101d-46bb-aea5-e5121487df88,2636,User_213,User_222,4883513,ab4f302ba2545681203657ed7551d5b0a5ce6b9365c0373e2479075d9a55622d,2026-09-06T10:34:25.828412,1,duplicate_land
556d4f12-ff88-4eda-84d0-fbaab7c9a147,2205,User_149,User_355,2169111,7deef00a0351a3ea2e3ae87bb8a8518fd27d08e0ca14c0d41a10ca985e38e126,2026-10-21T11:13:23.828412,0,normal
84e246bd-5df1-4e9f-8e66-b08165be653f,1166,User_464,User_490,5074330,e1330a1ca2e640e122662ddfa23bf61c1a51d03de099fdea52d5d313192a20db,2026-09-14T21:52:45.828412,0,normal
4d180bb9-fd4b-4b20-b13a-84e1b17ecf35,2004,User_166,User_17,524888,f0376777eea36adef3a209b96f0aff2f13d616e1008b935129bc41466d5ac3b9,2027-01-12T19:21:17.828412,0,normal
b31d9b15-9f0e-42be-b87e-13f4e26d1d73,1813,User_221,User_415,4339603,9e93b01e4f67702dd9ee59e0db06ff56ace42cdeb98fbeb93ad8bd6261f08eef,2027-05-24T00:07:49.828412,0,normal
e6c2a43a-aa58-4d1f-b36d-cb1f84d65ba5,2698,User_234,User_397,4113703,1cbaa8de452af3d6cb6ea30bbdf06dfd576d88ad07de65ba11502689dcbfef36,2027-03-18T14:02:23.828412,0,normal
6f10c306-e380-4da9-b921-f1f9a99de384,1456,User_218,User_457,193083,582f1e167e3f715a75af1cb994ac42db62e8a52094011ac694e7be8b4ec4bb91,2026-08-16T03:41:58.828412,1,abnormal_price
b2edd625-2fdb-452a-9b00-93d11200bbd2,2588,User_466,User_263,1997596,ebc2a4abe36eb8095c4f051f3c176534cd941a0e3039daf579fe6083b6892618,2027-06-23T02:50:28.828412,0,normal
c5e0bedf-fe54-4e91-a7e9-cd692dd5562f,1942,User_231,User_417,4378421,ba631539fdc4270bb6d81b2d3dec3709d76bf32c2e6b2c109fdc6f1f3b6ae70b,2026-09-28T10:28:13.828412,0,normal
6efaf060-d30e-4da3-be17-73127402b7bc,2775,User_111,User_215,1051494,01aaf38c2f04ed307b4b795b79b33d6f61872dae9bf9906907f98a5458b1d04f,2027-04-01T10:52:01.828412,0,normal
825607a9-6e3e-4a4d-b786-d537a93ee600,2553,User_297,User_79,4032681,794692cb0fe38788ddbea8225229eb35dc6b6e4dca876418e6ebe6be604b7668,2027-04-09T07:31:08.828412,0,normal
487d73c7-a03a-4ec6-8aeb-8e82df6ae79c,1838,User_128,User_263,3808358,e17d6b894f3f5093e1e03d04364ee7af01e7fc8aa3670bccde28cb99b9324a38,2026-08-14T23:47:40.828412,0,normal
d357c1ab-57e9-4d55-be26-1b392b63a906,1836,User_144,User_444,761834,87cb1dec4b74a288296dc14fcb4f5e459c5be5a0ca5f9f1b1f0a5b26ced9a49e,2027-03-25T04:02:17.828412,0,normal
8bce848a-e985-4975-8eab-7490925e27ae,2382,User_10,User_356,6355983,9c46a588ff68f6d77029ba18dff2b55b043abfbcf8eca2235ff17d9b52b11d03,2026-12-21T11:10:56.828412,0,normal
e7e49527-d06e-4dc3-b641-8a4b420c7394,2277,User_118,User_121,1935498,093f45a4c606f59363bcce2160a8981f3e6a8924d9e841afba5c6b8e6ff86119,2027-05-08T06:43:04.828412,0,normal
d3012992-ab59-49ad-9790-d2f7281bfa2e,1488,User_407,User_89,2833025,d24369b3b7ab4dc0b21c18477394835c82ceb515d2b17006443398782263b6e5,2027-08-11T16:07:06.828412,1,duplicate_land
5a82b820-dbe4-44ad-a83e-58f668717835,1084,User_117,User_221,2657276,d90c557ebdda3bfec86ba6c9f4413ac4a353b1575cc24d5b79473cb5a0577caa,2027-03-16T10:00:27.828412,0,normal
8d379487-df17-4542-84f2-c1fccb3e783e,1988,User_30,User_277,2699983,adee973882678ee28e72045b5ca2b35247c79f57e3b1e791e11c6488084c303e,2027-02-22T13:37:24.828412,0,normal
a0ca03c5-0ad0-4298-bb7b-4c529e18b10b,1374,User_395,User_312,1099787,cae68793e302a0c24729550dd9f630f9e5c489faf0c58b791333488cdca11b13,2026-08-25T17:10:28.828412,0,normal
ce388757-6f00-4771-9aa3-763c70b20dfc,1518,User_80,User_45,3264489,04b567bb52382d2254a9b6e9be152da6ba5b1066e541158205e93d83169d4187,2027-04-22T21:21:50.828412,0,normal
3e9b5844-02dc-4587-90de-d0bccb22ab46,1679,User_137,User_423,1749630,18bf114db47f3f53f2075ade6a9bf45bf67dd736dc0f7e1ce48f0b29c4008ba6,2026-08-18T06:35:09.828412,0,normal
cc6704d6-26c9-4c95-8c7e-ed18c2be6063,1909,User_63,User_230,2252048,7e947c5fd932418454165b1ec4a5c0d16c0a8866d1792de0fe57a6fbed44b368,2027-01-24T02:47:19.828412,0,normal
b1d9184b-77ea-48cb-9274-8b7eac404631,2543,User_196,User_268,4506282,fdca332848d82ffb40873ad50593f0585f592a2a6fcf8729d65609daed38c36e,2026-11-18T23:47:37.828412,0,normal
a7532fcf-81b3-476f-8f91-8fe5231c89db,1376,User_155,User_79,2481834,2ee40c2abd891b701e487beed1b62d05ffe294e26c90bb856b32a1293edcc1e3,2027-04-01T00:16:06.828412,0,normal
413f4292-9a95-4308-8d5d-daf6127e34ce,1595,User_194,User_343,503250,d36ad5f1a0871289457678a3bc1a8baf279ac4390543a77d0569c9164b29762d,2027-07-12T01:31:17.828412,0,normal
cb3361e0-080e-4c7b-aad8-bf41358bfb23,1558,User_106,User_121,5009012,7221e36aef47b617048beb0a0ab1c1a41a87338538a6758a7131c731fecb270e,2026-08-19T07:06:07.828412,0,normal
246a9113-9891-4e19-96aa-e715896b0877,2299,User_126,User_317,3176677,26d4f411fdce33fa0837d8298e0988a18001b84963a2ac6668655a3444d6696c,2027-03-31T08:18:12.828412,0,normal
688a23e2-0f32-4540-bbb6-17464ee970e8,1810,User_337,User_141,1229934,d4a79358e83a517c070b17306d8154b35082072bb15f14164167ef351c4e3bd2,2026-11-04T07:27:25.828412,0,normal
b6b40dd6-31ef-4cc6-943e-a6590418062a,2077,User_260,User_497,1342083,34c494b8119492dd18684ac06c1d414c9a5a2a7e37348657eb59861d32c44ee6,2026-08-26T21:24:46.828412,0,normal
2fa38112-056e-4870-945c-9280406d4cbd,1969,User_424,User_233,3975048,dbcb5f0bff2e380b1864b44216b136b5dfcf9c2a6332540b46b4bf7e9ee55be3,2026-12-14T20:13:41.828412,0,normal
e3d233ed-d94d-4e56-a19d-b82857e9e571,1515,User_500,User_297,2955427,6407aaf82b3b24fea9b244d0d06cf816031bf53cc883d00cb809ded9f200eb5e,2027-05-03T06:17:49.828412,0,normal
c66ac24a-e747-4c97-8217-107613f8cc16,1624,User_21,User_358,2043786,32b1e75456fec4aeadcb39c673c9e89b6ab7d8a3e7f47fe03cb33f0b8db19c87,2026-11-12T15:48:12.828412,0,normal
27b37d28-6cf7-4e2a-83bd-207b97f4b3ab,1041,User_118,User_164,951638,80b2f5dd20626f8b2ea47a5823a525d6972dc82a95ec4cb0da6741b18f3ba589,2026-09-26T23:43:49.828412,1,duplicate_land
8a35e275-11c2-416f-8b2e-9dc042bc303e,2353,User_154,User_68,3104232,483f4adc05cb32bfb6d71e1da954e3d641be9bc05d8ea1e3a2b777236bfb9870,2027-07-05T04:07:14.828412,0,normal
ff30e645-4fdf-4334-ace9-d1e2f6f3b643,1484,User_52,User_9,3224342,88613e927796d15b0cb804955ad8535178b371ab7a6f965007025e3161172983,2027-05-11T07:17:48.828412,0,normal
0cc00b74-2f01-4d58-99fd-d627240e61fd,1817,User_248,User_277,2207363,f8dc57836122464bbe14d73cab3567cf54aff4daa826b7c41c529bb042f3f2af,2027-02-04T12:57:10.828412,1,rapid_transfer
89886da6-3c17-4126-8047-4464c9a7f62c,2006,User_246,User_434,5445605,dd35725f4c6bbcbedc61060abdb5a80de29ff8903c486c3256804dced0232418,2027-07-07T12:32:50.828412,0,normal
8b38799e-b55b-4582-ab54-2c0f4abcca43,2364,User_198,User_475,1626183,a5b09e252c78051be0e0974dfd946061ae03c2b1cfcac6e45d959a7ca413029b,2026-12-12T15:25:18.828412,0,normal
37813fe4-6786-42e9-bbbb-77acdc4f673b,2076,User_55,User_47,1472568,a1ead4b872f81834f7c0f451d711cf574294b244ebf3d7fe829b165268f75992,2027-01-22T11:58:05.828412,0,normal
b7a871be-c6fd-4693-a893-27f705b54f93,1839,User_54,User_4,75942,0b69a22506a1430ea802ec791a3b5ecad5bc00f81cfda2103a9558c2a481bc09,2026-10-19T11:50:38.828412,1,abnormal_price
7a07b15e-e850-44d7-bf02-09b852642afd,1480,User_326,User_463,3926462,fbd7f75510b0daab8f59592fe93ce68b3ff1000475cb76d860af5539835aff40,2026-09-17T05:11:01.828412,1,duplicate_document
9064e8bc-0936-4b09-b83a-2d97f22e2947,1905,User_445,User_285,2967099,0c722d61ff55d6709c564a75993d5c8962145e23d09bd2da7a1f09b04a4fa8e0,2027-06-14T19:40:13.828412,0,normal
1f49b5d7-b139-4f42-89d7-83465ee12e25,2530,User_245,User_128,3223636,92d21515fde50b06168ee9627bf4235aba9d65e04d88778feefdb6a96f233e31,2026-12-09T08:29:03.828412,1,duplicate_document
90c1240f-93b1-4ecd-b79e-46d8bee87140,2479,User_305,User_175,5259227,22166529db78122996bd3fe2c06b97a6aebbd31ca243f485fb11e7851c205fe4,2026-08-19T06:39:14.828412,0,normal
ae058298-985f-4379-bbde-3eca7d3bd3d2,2070,User_39,User_257,1996807,38c479864b513692827da900f2bd8383558b5d50cd52741a245b8bbef88caada,2026-09-28T15:48:32.828412,0,normal
290d133f-5e86-469a-855e-46239b4307b2,2927,User_275,User_494,1540821,5c426d04e2914f68abc88750440f06955ee4a1cea50dbcec5016a4ab1c0ac74a,2026-10-15T04:09:51.828412,0,normal
a6622cf1-e341-4e83-8052-c6329f208ce9,1975,User_4,User_16,3087833,79789b88a68aa18afab5147f7fe375d001dc7054121d022c5ac26e05e5426e60,2027-03-09T00:17:21.828412,0,normal
4e3d6bd5-b31f-45cc-aa23-b2a19aa766bf,1814,User_398,User_441,1503470,b931d02d84b291d0efae8fa3a9339ef31d54a0ac544f900ccd559d51e452bc53,2026-12-24T07:17:47.828412,0,normal
655cdc96-3dd0-4a14-b97b-52a1458f58f1,1766,User_158,User_450,2876536,758fd4e45973d512feea03517d2f0552556661e38b32d1971da123f131bcd679,2027-02-20T07:26:57.828412,1,duplicate_document
4acd30dc-f7fd-42bd-ada3-99566a807eff,2815,User_178,User_414,475275,c96eef99ff82f4673d6c5e90bf4f9e4b4cc74d1ed3ed04f7d0e6110f9cf3eb58,2027-02-26T23:27:29.828412,0,normal
9e3f618c-f9f5-4856-96af-de3921862030,1899,User_377,User_212,3180426,d8b6649fae040874c93f38f04de09dfb9f2dda6ca505306b55f759d853a6bef1,2027-06-19T00:36:11.828412,0,normal
98ce1edb-c0b0-4f80-a8f6-4e5767551cb0,2513,User_281,User_374,4400523,518abb0fb4f63fc370445f7b5bbdc2dbf6654de1f66e7c9fb6a128c4c26775d7,2027-02-23T02:12:07.828412,1,duplicate_document
2e430412-c37d-4b6f-8dd9-35af24b1f28f,2722,User_1,User_336,4108699,91b893acabdc999163bf1a62a24fbf202a927d45e73b85628ddfa7484d5edd60,2027-02-14T10:23:43.828412,0,normal
593ab364-4f0d-485c-976d-cbbf529f959f,1983,User_77,User_341,2535133,3c751a3314b796659b141e8cce184a9a41bbb3115c90cefab423a00b88ccc9c1,2026-08-16T04:27:36.828412,0,normal
489307a1-f32b-4b87-a205-563e9e183d08,2698,User_397,User_231,3769191,1cbaa8de452af3d6cb6ea30bbdf06dfd576d88ad07de65ba11502689dcbfef36,2027-07-23T07:47:11.828412,0,normal
e9883935-13ec-4b43-a43e-a582b190204e,1569,User_79,User_192,31115503,8a052f2dbf403a8b18435c5e84be00bb54fbd1be340b958ab0c26d32f72d4daa,2026-11-29T07:23:18.828412,1,abnormal_price
c5d6c123-4190-4f9f-9503-e04fab63053e,1925,User_413,User_304,1362071,93007eeef31aaaf5e6bea9b9715672a0b429727916594c36f4771f81db259dbd,2027-01-05T15:05:07.828412,0,normal
41f45a0d-80a3-4289-8773-40836e125da1,1226,User_135,User_207,4686630,55c147b7d5885c6c210b5ed452bb16144722a6b70d6abbcdd2718352d273e1b4,2026-09-17T12:38:00.828412,1,duplicate_document
a9650bbf-d67b-414b-be4b-de46dcaf275b,2856,User_345,User_62,4308081,82db57a626e69f0187d0cac2ced3ff24a84f74170fa1d24eff19b9d219b682eb,2026-09-28T07:44:45.828412,0,normal
14fef2d7-f0f4-469b-9e6d-f2134958c983,1708,User_197,User_437,2201090,70dead447034e689e45b136b03e422d3056e51fec91297422a7b2474a11b4528,2026-12-05T17:44:00.828412,0,normal
8ee41774-5e66-4be5-b1f2-d5c058cf4fa6,1285,User_426,User_381,1778618,f408c33cf51ce69f5f90b6c80dcc23d1af90c6bc4c79a74ef328298da0a9a18c,2027-02-27T23:18:18.828412,0,normal
378bc147-afea-4b5e-9424-29c710415a37,1606,User_428,User_47,3256936,3c42fbafed271544dc0d95639afc3f435bfeef510365bafcecffda6b72266bec,2026-09-12T14:35:49.828412,1,duplicate_document
498eaf65-4cbd-48ec-8eef-e28b7a434cba,1132,User_296,User_339,1700599,54ea4f647fa3d3e1e91cb3ae2cbd74515be806167cd541e21c2f24039831e482,2027-05-08T18:34:02.828412,0,normal
51c84025-0e65-40c3-b3cb-e117b4c16fe6,1891,User_156,User_252,1804606,67ed56bf12c7f13ae1b7878d2935f37a866a86d7f64a30fffd46fc782a7c1f19,2026-09-17T17:38:13.828412,0,normal
d2c23e61-b7b0-4522-a4dc-b11675ff8442,1219,User_134,User_29,2533295,64fe6feea2f2ccfb4ce4f07a6ebe9fb792e523c6413c448eb1f1f39aedf8245c,2026-10-18T05:10:17.828412,0,normal
c40a4105-dc95-4bd2-95e8-a6352586c14d,2550,User_76,User_88,4682567,47a56388757b149f35acf4509fef5e4c092d7f76722bf899ed5f1e299bdf2827,2027-02-07T06:38:15.828412,1,duplicate_document
cd060b8f-5238-4fe8-baee-c7009d8710ec,1522,User_405,User_118,1700225,1d53f49cf5921b406a3648303226b7b98a4fbffee71739c5f8395d605a6e4c4b,2026-11-09T14:44:12.828412,0,normal
58104ff9-ca1a-4bbe-9eb4-56bb58a381d2,2982,User_484,User_205,3310327,5f8652801d2342e40aaaa776f7833b7324096b9cae3352c527e99d16199e352e,2026-11-23T01:29:16.828412,0,normal
77f418f7-a26b-4e93-b2a9-e755d490c905,1179,User_89,User_232,866993,53717e9250704447f1cd9fd91d3222af58b0acac41bf81ba4c776498690b0960,2027-07-21T17:54:58.828412,0,normal
f6bbae33-46df-4fee-a76b-1910ecbae984,2062,User_239,User_282,1571454,4cb3251959fa8128d3554f1ccdd8bb7fcf6d6f81d9266346fe502473484c301c,2027-03-28T14:28:11.828412,0,normal
e5843cba-b1e3-4b1e-8083-40c3bd7a1c1e,2047,User_240,User_119,2696463,aa413ac8f4ffa7ca6d5018d68aa018954f1be1852d77fea54a380b1786372e35,2026-12-30T13:09:45.828412,0,normal
8f7133be-7415-48d6-9854-da49bdb7c791,2318,User_76,User_149,1782116,5127c92204276d085cf0a5a2a4e37061c5838669ce3511fb8f8e4f0aa6d2b466,2027-07-05T16:40:27.828412,0,normal
a6dd5b69-a445-40b9-99b4-c63fb34daf25,1694,User_121,User_25,3606319,7315ee2f0ebe415c12552e0600bf053e0293167dee41080dc488a381a4eed432,2027-04-15T05:29:18.828412,0,normal
9a1ec7bb-0b4b-4aba-9999-4cf93a09b989,2399,User_162,User_245,3072475,95023bcb8cc90b5045072e3873103b3c2504646e7f1c44b325e4d18ffc9c70b8,2027-03-17T13:04:30.828412,0,normal
a01cdd5a-54e2-4544-bcac-e8fd5136130d,1086,User_299,User_171,1033025,a94aa99bd3ce365a5b9f0ab794d7234ead3bae3522d170450567a23b2d1d0a67,2026-09-27T14:34:43.828412,0,normal
9b9447fe-4986-4d12-a086-b7fb459dd7cf,2132,User_164,User_26,27752648,0e6f2106ab431c993d42ef5c4121cde7ab6aa54bd15cebddc267dc4c60d15371,2027-04-05T04:41:04.828412,1,abnormal_price
5d847bab-434b-4e4f-930e-1af6f58f9a84,2959,User_143,User_315,3664354,2024603ef371bebabaffbe3f6a5ef5aad129d7241760b3a061b38af9e90e0b88,2027-06-06T18:51:17.828412,0,normal
44b60189-f237-476f-80f5-b34640cacb24,2126,User_438,User_289,3332679,3abe2c446879ace8d950bcde1ddbc4c1af7970910447441342370af1c396454b,2026-08-29T01:57:33.828412,0,normal
9a8b4783-4efd-49d0-b87b-1542c1df0369,2856,User_62,User_480,4992720,82db57a626e69f0187d0cac2ced3ff24a84f74170fa1d24eff19b9d219b682eb,2027-07-01T21:18:50.828412,0,normal
f8d2236f-51e3-4d28-9508-40fca8b62afe,1709,User_459,User_429,1686496,38218f799fe717c127fae8621b57ddd5853301cc106903ea6cfdb1ae0bfdb00f,2027-01-03T15:33:03.828412,1,duplicate_document
13c86aac-7d99-4262-affd-bc50ab09747e,1544,User_28,User_18,3087872,1f51f3702a4da4381d43d06e2ea2e3da4db17e5d4c322b33c9f6398235112d41,2026-10-12T11:00:21.828412,0,normal
df726a90-2776-46cd-8ba5-a7282d85da1f,2949,User_85,User_274,1978581,e06902bdcadcd7d26e497da7a81d6f16f6f986533165b8d4057b5f35cc155942,2027-04-06T12:54:01.828412,0,normal
30ef8abc-f794-4c69-b96b-535004cf387f,2001,User_36,User_95,4211471,5b4d1c39dd6fd073f9f6a24b4fdb4113af8cbc9bc79b8af623eb6eb78d1eaef6,2027-06-16T22:24:57.828412,0,normal
6ddcf147-153c-4a51-8eaa-31f303b119a9,1287,User_318,User_240,2907673,c7666ed9f7912a5ecf39938230c0a74643d27a4f2c0ce3153bdbae5a8d8dc820,2027-04-23T18:54:20.828412,1,duplicate_document
b38f9170-91be-43c5-9712-7ee326066a6f,1208,User_131,User_35,2486156,5dd37eab8574a0a8625b7ed6905c6d6caf251d373c1bed8e120e7d62f55f0cea,2027-03-19T19:37:39.828412,0,normal
17752642-324d-4cec-99c5-42b9362f881e,2401,User_298,User_207,4217084,4e222d4049272f9b98d1364dbea02bbc2926028a06b40ac0427de9c195a161da,2027-06-24T13:54:29.828412,0,normal
b9649d45-1923-426b-b826-38972085bc65,2131,User_385,User_425,1805181,ded3bdf7d847a06a65fa0e2be3aef2e8ed45c0a0c03f6ce93f9237b13a7523a9,2026-08-20T20:14:39.828412,0,normal
2c56120a-48d8-4f47-8e4a-e5a8ae69e855,1461,User_326,User_191,322035,a2879a2324537f6373d5999e7a896c97efcc68f7a44a6609c4ac4ad5636d32cc,2026-11-14T14:26:39.828412,0,normal
1b65f13e-15c3-43b7-92ea-9f32e510773c,2647,User_355,User_499,4820884,d2a026efdb4311ae23071e819c2f2caa645fcd57009f38e9938710cb99b3804a,2027-03-10T00:18:31.828412,0,normal
7ae596a5-a852-4693-80cc-ff8ec2d39092,2882,User_15,User_18,2929097,f7ebebb43a254d1be6c5ccb186cb52f61a21f919f80e55d9b31e8ac56bb2b72c,2027-01-01T17:36:06.828412,0,normal
548b28aa-7c2d-45a0-aece-4bb3056fadd7,1233,User_472,User_487,5503709,fe5c7db3c15927c5709dfd61e0506d5a51cdb0d939d6dc674882f4aa575ff9d2,2026-08-23T05:25:15.828412,0,normal
df4c6938-f7f7-4028-a380-aeb86ad88dfe,2086,User_62,User_22,4072517,f06be2e3325570323f463753dc926fc8d1ee6f9015dc026c1cd43c567bcb9339,2027-08-09T08:04:17.828412,0,normal
e9d19f54-559b-4585-9969-fa62028ecbff,2062,User_282,User_412,1651164,4cb3251959fa8128d3554f1ccdd8bb7fcf6d6f81d9266346fe502473484c301c,2027-01-08T21:40:34.828412,0,normal
a74e1a6a-1879-4d6e-863a-2202cc0ac744,2219,User_290,User_292,1878334,598c9d62d3501c0e10a5dd3df705f8717dc0518f4334b80e29a3ff6ef85b968b,2026-11-26T09:42:42.828412,0,normal
1b16b3c5-c995-4730-beda-a9217e1e6d5f,1653,User_363,User_213,4281880,5f88dd5ecb7e09c3f7a23a90fd52febcc49d653ce469c53af1cb8c1ab347a498,2026-12-10T23:26:31.828412,0,normal
036b1b94-76d4-41ae-a136-9c6dca76c8fc,2130,User_304,User_101,3997307,e51257fa8397d2a08f5f2d549a07e7db57f0a691543edd6a53baada898b02e87,2026-12-04T01:50:41.828412,1,duplicate_document
e837e0c4-e0bc-43ec-9ba6-c5407d805d67,1735,User_52,User_386,4094472,92d2f8fccfc7dd09bf3c2748266481a243f450cc4dbf79edf7616dc93a04bdf7,2027-02-16T10:38:16.828412,1,duplicate_document
e4f22370-2d54-4d4f-976a-82624458f2a4,2001,User_95,User_93,1715801,92d21515fde50b06168ee9627bf4235aba9d65e04d88778feefdb6a96f233e31,2027-05-09T20:19:56.828412,1,duplicate_document
131f944a-9a8c-46ac-afbf-39958a732258,2710,User_152,User_112,4284032,c272ee792cbc7123f5ac7fe3e372efe738425ba76fc7f3b1e6059de3e86c75bf,2026-10-15T07:03:02.828412,0,normal
7a7b39df-e2b9-4246-b127-0793c7926348,1915,User_480,User_227,3828943,6f1d47ff0c69dc794dd8af5083fb1b27c5b428104043c35905372f961883d546,2027-06-05T18:42:13.828412,1,duplicate_land
2db7aabc-b21e-4b50-9354-1b428b7cfbc4,2898,User_122,User_69,2518020,ae996351237027ea0d0bd48ae5a2bce1c7afa30a1b514c0d01340e7517dddd7f,2027-04-17T18:20:06.828412,0,normal
0f4bd2c8-0190-481c-94cc-1837042f02a2,1393,User_421,User_94,2896219,60036eaf914f09b88726bda9827777a6eb5ee263585122d59c893346a73546dd,2026-09-17T13:23:44.828412,0,normal
7916f30a-de9f-4d06-9ed0-775d2ca6626f,2324,User_56,User_466,4269486,032da26f34876a45501a91b5cee28339759e8b774dee9122634b0af4d3b52480,2027-05-28T10:02:29.828412,0,normal
20bdbcf6-7595-4c8b-b804-e8a16cf63903,2552,User_401,User_326,3155900,7e93182722fe70a285538aaca5d05d849ccf35fd20bf8b691324e0c344a783af,2026-10-06T18:35:30.828412,0,normal
70139f50-0c5e-4d09-ac15-96ff7bff2f16,1807,User_237,User_190,3540636,113d9270e7051574653593f8d70ba0b36d5c26cacedbd532b4c523ff9950096d,2027-05-18T11:03:20.828412,1,duplicate_land
bfc7092d-2136-4183-80f9-b82e49b839a6,1427,User_238,User_44,3573436,256fbd5d200d81188105890b754d8bc7e5492a803aa1a3adaa60cecd21f3fe16,2027-06-20T14:19:32.828412,0,normal
09a61b8e-393a-4079-b7f4-46747768effc,2626,User_296,User_237,3350677,ebb50ffbf6a1a633bb78a1a48b54af8e066773e9ea2962ba8b58e5fc577b63f7,2027-02-11T04:19:45.828412,0,normal
3f31f7e3-3282-4bd6-b29f-91eac3e8db34,2434,User_237,User_425,3079058,1803ab3152e9271b5d4611741a5c4de4ab66a3f8d5c941235cc8fca2c120f5e5,2027-07-01T06:59:56.828412,0,normal
15fd2711-d69b-48d5-bedf-4ac547b9ad85,1096,User_299,User_474,2124866,c40b9055a26ba71a911f3227d9265712cb5aa0e530a3b016cbe93f2b2cfb1395,2027-04-13T21:05:15.828412,0,normal
64458399-2d64-47d6-832d-6d7a32624b3b,2998,User_221,User_271,34121340,21690f9809a5a35b2d9e51bf8fd7b32c13876640fd22a56fdece8ce7deb38e0a,2026-11-12T08:48:14.828412,1,abnormal_price
d11af0c5-7f9a-4912-9010-54ce49e9b042,1309,User_394,User_487,4103768,796e8818451a7e12822a623488f3b40197a32a3f5fb92f8a309fbacfe3610fe7,2027-02-20T08:16:37.828412,0,normal
f93a63de-b5f8-43a9-bea9-8f3f0038b411,2571,User_319,User_51,4817598,e9745201c0c8c61c4fdc13e4f3e0ee98c7668d1df03f4a93326226fa53dd46e7,2027-04-22T17:37:54.828412,0,normal
6c4c350b-5b2c-41cb-964f-6d04940d2a23,1198,User_136,User_405,3188832,69c8058714a9ca8cc715c4b8075860b6f852624760e4c32cb913f07450db0a73,2026-08-18T18:41:11.828412,0,normal
1d3691af-08dd-4034-ba17-7a11ae36991f,2867,User_66,User_200,700855,cf53fda53987a341c952f3b1c89ac4fda90f1c96e9a54bc5069e820111b881e9,2026-10-24T14:01:00.828412,0,normal
c6e95961-b4ed-44db-9b15-b1182f0fbcfb,1457,User_411,User_103,2767276,f171a50945786871bf9892b0cde09c80be43c3459aeb89d38ff6023250dbe552,2027-05-28T02:58:24.828412,0,normal
8af7b3f6-2648-46f1-8e60-5bc44173cf65,2334,User_448,User_293,1844321,15c1675f4ec969e5b7f7b630c927eeb51d879c430065687a4d3aed6c4eff7e6f,2026-12-26T03:38:56.828412,0,normal
06119029-09f6-4ca0-b776-f5c132be1f71,2197,User_407,User_405,1029420,56c2ecc6d4e2cb9c4f4e3efc2a017437676440832c61b518083c07ed9b8a2f5e,2027-02-13T03:53:08.828412,0,normal
b736b2ec-4c67-4f82-b0a8-be2f58720141,2460,User_149,User_144,3121612,697bf10b86f351818c57c4df36ef359078be9c8ccccf3a8bcdaa3bb8866dcbc9,2027-01-15T12:52:56.828412,0,normal
a07e928d-dcc1-4cb8-a0ed-77614ce994e6,1016,User_476,User_253,3741672,59119f430a5f75540c8bb3932c0f9e86e089acd694272874f5c67dc066569c6c,2027-03-18T23:39:47.828412,0,normal
f12ba7ac-51ff-4b3e-88e7-4831fd7b47c2,2014,User_414,User_208,4185903,8328bf63763a37bdacaac7c0b2eada5c0d63861dc5c0a250bff58c728bde40e7,2027-08-03T03:33:43.828412,0,normal
83360a81-9844-4e02-a38f-496eca31441a,1562,User_399,User_342,960102,59a3813aa715105ca63226a76b4fe19081963d5c0e9ae553629befd1ed5bbf68,2027-03-01T14:24:03.828412,1,duplicate_land
5d19c47b-c9a0-4632-b80e-eb611d7a31f0,2012,User_231,User_268,2272163,7fa79a3628f865519ef53a70a21da4aa2184b27ab4c72120e83a06ddecca8218,2027-01-15T04:54:16.828412,0,normal
e8bb70c7-1248-4f09-b71c-f8585ffca0b1,1196,User_390,User_458,1389465,f22cc949707ed42fa7e94fe40794a65831a7b5798339a98085e6cf2ec9750185,2027-06-06T05:52:05.828412,1,duplicate_land
62cafca0-cb28-4f71-98e4-66ff563aed8e,1646,User_189,User_346,3801239,9b90354634214ef9250bb2eedbc507313c9ea945e368e40a0fe27f1fa5890658,2027-03-21T13:43:03.828412,0,normal
b3c60514-026b-44a1-8439-76d0f2894714,2373,User_240,User_303,3776410,bfdbe33b922701e5953c089c88fc2f105b7e665343e7844133ccf104ebcf04fa,2027-03-03T19:38:09.828412,0,normal
bc84bb86-b9cc-4297-b117-0b347468dd03,2753,User_498,User_479,542077,5418bca8d32ee637b14775ac054e9cc29a95dd90388241e815bf884bda1e6b44,2026-12-24T18:09:05.828412,0,normal
8468e830-32e2-400c-b3cc-d5022d8a6830,2078,User_437,User_466,889464,d2014cb425c1b314cee8f35c35fd51955484a5130fa9d1867ffed9e6315f0c3a,2026-11-24T14:15:23.828412,0,normal
006e1032-582c-4c64-86e1-6e7e8a41c5cd,1522,User_118,User_358,1390105,1d53f49cf5921b406a3648303226b7b98a4fbffee71739c5f8395d605a6e4c4b,2027-05-29T20:16:20.828412,0,normal
5f385a31-0b0b-4515-8764-7e6678f54a9e,2875,User_120,User_57,1325022,841ef4febca69d8595e82883669b18bd72342b53e2a0f911a39e404146dbaac3,2026-10-04T15:54:36.828412,1,duplicate_document
a5c067b1-c948-4dd6-8d83-fe78a3e71fbf,1026,User_246,User_25,20870360,9321f2452c5de387509909638695032c48353f137f1cc170470cac2f89447879,2027-02-01T09:04:38.828412,1,abnormal_price
973baccf-a76e-4576-a839-5efc45b42751,2572,User_295,User_438,972217,d80050576e3aab3e32091cc8909e43f6ff648d85933f2dc08dc4e5d2898a34c4,2027-06-06T08:58:32.828412,0,normal
6b211d8f-e0b8-4465-8896-d9b1178308e6,1480,User_326,User_303,3054643,66b172021600b88e033d269389245825bf7bfe371d411974ee38539391919018,2027-04-11T07:02:09.828412,0,normal
873fa909-0e81-417f-bbe3-84bb6f4f10c2,1589,User_230,User_164,2882785,462d94f33e1594058a7f472efe5c1955f3192b170419df155b2e16e106fb679f,2026-08-25T03:59:10.828412,0,normal
954768a5-d5dd-4a3b-b70d-5cdbcf0d257c,2554,User_8,User_440,3799318,bb31cf871e6354e7782bd00c9ac0ec1cf5dd75a09020463b78c4f3db70883348,2026-09-05T02:15:48.828412,1,duplicate_land
e637a2bd-d8fc-400b-8663-bd00a548b6d3,1414,User_179,User_65,2422346,b2268b9a80ce50031169f7309ff8d35525bd2fe694623da6c12f8b34318efb02,2027-01-07T08:57:36.828412,0,normal
7963e345-76d3-40e5-a111-433a5dc02bfa,2447,User_64,User_498,3734855,9bebf1113623b37ec83012340ec37c6bf4481fe48658dd114a7d1f1c23a3ec88,2027-02-21T03:56:17.828412,0,normal
7af0e608-e8fd-470a-aa53-5327503a926f,1966,User_136,User_500,4005481,5f22f44899eca9a98878b045d3954e62140ecd72ec83bcc4c3fe8316ebc32f01,2027-05-29T04:31:13.828412,1,duplicate_land
e39a1fb2-5429-4487-bca1-9ed2566ea551,1268,User_345,User_270,3532928,13f4d402ae39962a4c3a235c46c3ec2c157c04c12cf41c5b4e5911cf06445dc6,2026-10-08T11:16:35.828412,0,normal
878e659d-3017-49ac-ac07-dc7ec650d0e6,1164,User_140,User_392,2903309,4e51a6d801beb7de05dc5527e6add54b5beed521cf6c0a7e39f297e7c58373ef,2027-03-09T09:45:10.828412,0,normal
0e0280d7-f272-4545-9772-2b14a1fd567e,1157,User_199,User_31,2708834,3a6fbe5c6f2b23de86935003901a9f7e15874e21c561b47e86f13447642a75bd,2027-02-03T07:25:15.828412,0,normal
0a073f54-d2bf-4f7d-bd30-42e33f08072f,1258,User_106,User_321,1790834,5db748d45561fe38d56281f928f864a4347526828a20430daf77dded88ec5fa7,2027-04-04T05:31:05.828412,0,normal
7715c7f1-3e80-40fd-8b2b-64440d577392,2922,User_43,User_347,2139459,8fbe3f8b2224b2d9934f38a778f0f8383a1e5abd4d698d24f9d8b8c4d9e90b8c,2026-12-16T17:07:22.828412,0,normal
02376c1c-4d4c-4ce9-9372-2fea8dbb1291,2770,User_194,User_409,674566,168fe0262a364024bf40f8c767e8622d4c112b3857227178586f6c4077ffe220,2027-05-05T01:55:28.828412,0,normal
81fbbc75-e5b9-46f9-a3cd-40c56b02cd91,2100,User_157,User_464,3613355,93007eeef31aaaf5e6bea9b9715672a0b429727916594c36f4771f81db259dbd,2026-09-06T12:44:36.828412,1,duplicate_document
c5f2301a-c903-4be1-a5ad-eb98ca97d2b7,1414,User_65,User_325,1974221,b2268b9a80ce50031169f7309ff8d35525bd2fe694623da6c12f8b34318efb02,2026-11-15T18:48:35.828412,0,normal
8838cd30-b48f-4291-bec0-cb1f5a9b4a99,2970,User_169,User_452,1760106,fb35fdae8354304327dcfd736e03f036822a7e68500e15f64ee863fce7c280ae,2026-10-21T02:46:14.828412,0,normal
a40d0c9b-09a1-44e3-a38e-c0b77864f929,2731,User_173,User_404,1043879,bb33860707584e359f6977207bc128039afa01a14fb0d6dbda359adb575449f3,2027-03-24T14:00:16.828412,0,normal
549b34cd-2c06-476a-bde2-3c2a5385fd6f,1506,User_177,User_80,4183858,7cd7f49311616c2b25b25d4473ab23d4f9942c2ebd414a54dd82d183f9a440d2,2027-05-25T09:28:14.828412,0,normal
edf3cf71-568f-4359-ab5b-d3350579b162,2514,User_85,User_95,3238541,de2ec60dd38a7621aa1cd27c1e611e4cfa24a93f73486146d5998c0a4572ca5f,2027-08-05T13:35:54.828412,0,normal
20ff36cb-643f-42a5-8306-9656ca60cc1c,2508,User_338,User_293,1723549,610fb7b117c8c709c07821acd96ef66b9387ea629f723f5e041cab954b41576c,2027-05-08T17:14:08.828412,0,normal
0f461358-07f7-49ac-9fbf-1cb9872f2cca,1528,User_454,User_390,3026025,7e737395b6f4beb8b33d537790cef89f954435cf93f510e44b1146fa87e65bc1,2026-09-08T03:46:33.828412,0,normal
0cf5070b-8b9f-407f-8f52-7863970ea7b8,2420,User_258,User_392,1137787,43edc4a692b215aa0954a2850085ed92924bdc471dec82fdabed04747813bdc4,2026-10-29T06:36:59.828412,0,normal
02a58289-ca4c-4076-8b1c-85053e44552f,2048,User_20,User_109,3202482,9c41ad9b6c48eb3cab77ecd22b86b2de46e07f61228975197180354d2408a181,2027-08-13T16:42:03.828412,1,duplicate_land
24de271b-6519-4bbc-a470-79adff802ab9,1348,User_215,User_370,1773150,46e4b9aaa939e4e8d04d69bf01e402a7be2e9dc709fdc9c412069237e90e3ab0,2027-02-26T23:44:22.828412,0,normal
2a06f659-e520-4b79-b6a8-f1739d2a74d1,1072,User_473,User_4,649245,a82526bfd5d9111f10702792aed3de2519c3f0e04393ab36d1e42d3816922c3c,2026-09-18T14:42:32.828412,0,normal
eff9ad6c-acca-48bc-a147-b06d51bc47b7,2840,User_367,User_323,365757,2336527cc4ee31a68bcdf1dd912164e26c45800ef5db1d0302e0309b5337d5cc,2027-05-16T21:36:58.828412,0,normal
79d47a0c-4e90-4110-885f-9bc2d59b1797,1035,User_92,User_414,1682292,d58bf80653ca3b6dae617256b8e39e711d07fa973f6cbed659d0148ca5e0e530,2027-06-17T02:37:41.828412,0,normal
5f89414f-f674-4abd-a0cb-0e8a7e9e4ffb,2890,User_205,User_426,1597284,b793d98d1a59fda6b9e36aef24f3808f7ef5ae43a1d1e783d70813ec6e317004,2027-01-07T11:36:38.828412,0,normal
ed648ce9-8ca9-4a99-bb0b-4c6617f1cccc,2626,User_237,User_159,3794815,ebb50ffbf6a1a633bb78a1a48b54af8e066773e9ea2962ba8b58e5fc577b63f7,2027-07-10T21:43:24.828412,0,normal
d43076ee-581c-4234-a6b3-f2cc16efd643,2332,User_38,User_147,4142120,b3e46f3e471f16ef68d65cb71c33950a092202d540bda161435500be4413dcec,2026-09-16T09:32:55.828412,0,normal
227fb6ca-3a28-4c29-8275-82b30b6f73e3,2162,User_311,User_386,4120502,9686c00f54dadac928c96aca122ab011b399ab20c347020534d850a0746376d3,2027-06-20T16:27:39.828412,0,normal
52dca382-6c1e-4588-80d9-0dd2b1e347a9,1238,User_276,User_423,5377947,b9a1a95ae9dd31e9e5110614f8b93f13355aaab3507d505a83a185b246c43c53,2027-08-08T14:30:26.828412,0,normal
14548972-9fca-4daf-82b4-72f99b4a6776,2799,User_458,User_434,2242742,9be0ecdff8d919f5fce5ae9cc00068a26ca818c4b4374c451143338aa5380be9,2027-05-05T09:50:41.828412,0,normal
c8683fb0-7343-4f60-af5e-e41580de4fb2,1541,User_105,User_351,4296157,ec27840734c551f4858273e01efd2fc7c86fe83c0aef2b8b6752f206f5f30446,2027-08-08T12:51:43.828412,0,normal
5285d820-a0e2-49f0-a00a-3b05ea0b20f9,1914,User_487,User_267,4472843,9c092d2e829cca4145d458458918d888053e676b970679e40732ec3a7d69c483,2026-12-03T10:42:13.828412,0,normal
2dda5496-5697-4921-a7d6-e12eb79faff4,2193,User_277,User_438,5764667,61d33ec7614469d31cb4fb847d35946ca888c6fef7e2b83c24cf7075833366a5,2027-06-04T21:00:42.828412,0,normal
e57c99a0-65f8-4c5b-8045-a6f30efd5c20,1316,User_487,User_164,1399315,30018839a8e8b96919c898c301954b17d93f7d7936b8bc5e0d53ed9c75f23767,2026-12-31T10:58:04.828412,0,normal
d85fe3a8-ca0f-4a0d-86fb-3e0a28723eaa,2620,User_92,User_86,3326823,2a8098d3ce04317599c897c236f74f6111470aaa32664a2a3ff541f1a669e6df,2026-11-08T13:17:17.828412,0,normal
e095c35b-ee3c-4164-8a5d-17361a7a86d1,1418,User_209,User_157,5303184,0ab9fb2486832ac5cf9d61ac8da783f171ac67c87e3861455556a46adf53aca9,2027-05-14T02:27:51.828412,0,normal
d6a14be0-5508-4fe0-ac05-2c810f39a1f6,1014,User_8,User_242,2067268,f69a5965ba812b8ce8c870d3b805ed92bf87b6e1484a14c0dff0612bdd0d8382,2027-02-20T11:23:15.828412,0,normal
c87d86e3-d888-4066-a396-1b2026fba553,2830,User_237,User_89,18541,7e4524148909b6f9eaa47c009bc5c2ab7a8392e12397f5da9f9425c5bd4c9f9e,2026-09-21T17:30:45.828412,1,abnormal_price
5f903387-01df-4589-b5d7-a423d0ea1906,2745,User_52,User_464,2129618,baf3c2d7a3f91c669cc06ef91463a9294863f2e3f6bcf49e54ab9f6451d882f3,2027-03-31T12:49:50.828412,0,normal
099a44d4-d211-42c5-bd62-27887dfd72b2,2516,User_422,User_231,1064962,39ad15a2ffc9f37c2a19808881965197ab21e93ab72488e86d45872caa53d10a,2027-07-25T14:41:33.828412,0,normal
45abd861-6437-4455-8ad7-c673a74d1792,2558,User_381,User_181,2312454,988d67a99a130d3c4a0503e544ce0855c7f8af6c5d5d75ec2480c12706bca560,2027-02-14T16:44:16.828412,0,normal
dc8c4263-e667-4c1f-911a-25fb96800e00,2013,User_207,User_350,1649210,bb8557d6a086c40920d8e5900791ddd8e7de158a8efda75a6622361c776ee7e2,2027-03-08T22:50:30.828412,0,normal
2d8a2f17-ef2e-4e76-b6eb-3f527647a78d,2583,User_436,User_201,3522121,1d00ddc4fb3c9b3924b819c96029ca0645327701cbdf442134342a7ecce41b59,2026-10-02T04:25:13.828412,0,normal
d55b7726-203f-446a-8c51-1c41e021bb3c,2074,User_358,User_406,2527341,336fe62fcc205b518651f92186de427a15293a356072f4b1c7e994d1fe7968d4,2027-04-15T07:05:49.828412,0,normal
f6a5f040-0eb2-4c63-8cf7-2c48992715ff,1113,User_463,User_473,4659533,d7218345a2ebe5b2c31757fad241e166ca28f3f735131537e037502dcb0136d1,2027-02-02T17:24:16.828412,0,normal
cb33b33d-b5fb-4a56-ba47-dd8dfeb765e7,1010,User_53,User_473,4652247,e77bdda0abc5630ce4b3b15f93876300375575124aa6631562b584a5996ff029,2027-05-15T20:16:22.828412,1,duplicate_document
e0bc140a-e42f-45d1-9c20-cc5e387cefd3,1311,User_38,User_166,2244992,32b1e75456fec4aeadcb39c673c9e89b6ab7d8a3e7f47fe03cb33f0b8db19c87,2027-05-04T21:35:34.828412,1,duplicate_document
5bb5f665-9eca-4c15-81fc-aff7e276da30,2940,User_450,User_202,1382473,45eebf7edbdbe06ca74023cacdac027521e16cdcbb08f092a673661e1f707a49,2026-11-08T00:49:07.828412,0,normal
02335a52-87bb-49ce-8f9a-0e0a3c143f27,1485,User_156,User_268,2179196,35fcf1985b04edc01d0d65b2327a2c0b3b3cc4362aff0728f6487ba88a93edeb,2027-05-30T07:20:02.828412,0,normal
ecb7cbb5-4271-465d-bd9b-1febb861b0dd,1787,User_135,User_289,2014044,d95178acd91b2148ab362f8ba5372c90123cd9e187e7464e95295cdf951a0404,2027-03-16T17:19:43.828412,0,normal
bf1044e0-0059-460a-a771-0118c3956e4a,1862,User_219,User_234,686658,fca5ab3d7ee23d2fd6569d2318ae7f3614f90790bdc9fe604223b3ee7bec6041,2027-03-24T16:18:31.828412,0,normal
eceb43c0-9c69-4ffe-81f0-3c17c8f802c1,2692,User_276,User_442,3388236,00363f56d77903ca77598756a1dc71b5b65416b4e414f88dbaac8efd711091bb,2027-07-13T18:21:54.828412,0,normal
02dec14c-f74a-4796-b52c-fc77bacb34cb,2688,User_18,User_120,4079153,d81e989f219f7a3db33680a0054732fea3861990a2aa4cfc354b51b40a57d87b,2027-03-02T23:30:16.828412,0,normal
989f6014-dee4-4223-be72-600360460363,1437,User_129,User_140,4518588,669fa07e1e0d1a7edbb14448e0362c395d979ebd5f2eee7777cb2fec84c7fb9d,2027-01-25T05:43:21.828412,0,normal
48dd2ba7-122b-4d30-8de2-dccd0287dd94,2405,User_95,User_209,1409730,76c7cf63e00257424534eca664fe336738f10ddd5819bb88323356cf88238202,2027-04-14T08:44:13.828412,0,normal
1fd42351-5030-409c-8185-184508c2c8da,1804,User_386,User_213,2132562,5315fb72d7dd10c16905767ef9fe2c89f436802fd42d2aefacdb8141e8b8e532,2027-06-25T07:07:15.828412,0,normal
42177205-5b97-4b6d-8872-fd4370bcdaaa,1451,User_285,User_121,5536497,cd03727928265c1f59e609eb045d70b9ce452a68946221af640826fded6047e8,2026-11-17T06:40:38.828412,0,normal
03426c3b-2bd7-489e-b463-fad7f62d7c79,2393,User_311,User_105,25461260,90c20dd99ba6f8e71074cd507707c41923467522271b026c485eac9a37236698,2026-11-17T02:25:10.828412,1,abnormal_price
5e30eb4f-9117-43d0-8172-6d25a3ecc9d3,2725,User_63,User_310,1033900,dd57c5677da8bc55bdda407410acdfa2fc89864076a9e251ccedd309238ab2f3,2026-09-03T04:34:45.828412,0,normal
a6097312-0e31-4ef5-baab-3ff14f3ee733,1368,User_286,User_58,4446091,e86197f1542f2be8517316cb868bb2a5b6b5bced90b2d80b2d66c9f37674049f,2026-12-20T12:57:42.828412,0,normal
d33a48fe-54af-4875-bd69-8b7ee4d64a2a,2526,User_1,User_444,2867934,18f57292cb4a4cd953049c337cd5b243c9261b77cc43a14a5819fa6b089328d6,2027-06-13T15:19:59.828412,1,duplicate_land
fe1105f0-e6ed-4f2d-8abf-ab0b6a9a4cc4,1767,User_322,User_35,2216659,1326018651f2ad0b1d9ffdb163b4a32c9ae8941d0a9638b17f3f6e0ca1eb2b01,2026-11-11T00:43:53.828412,0,normal
cb1eb31c-c0ce-4236-9d1a-d16e9a741843,2757,User_264,User_438,1652133,a68d384c21c7cd91d11bf5659c04eebbdcf9cec5bb2717960d8ab35f3b90ab05,2026-10-11T17:06:32.828412,0,normal
e7661031-f283-44b2-b899-b6faa7a22f1f,2755,User_401,User_362,3217742,fe80a53df07b21e29d9920af428164897264c3773a4caa6144d1e5705d3968e2,2026-11-30T05:59:34.828412,0,normal
53137ee1-8316-4496-a0f6-4534d69ee98b,2530,User_245,User_373,590741,b5b7a63f06bcc045755fc7ebd932a7bdfdc4264e401c93349611af2f1dec073b,2026-12-03T20:28:32.828412,0,normal
446f957b-d9ea-4de6-bf0a-32f00dca5aec,2167,User_373,User_115,3818995,4e8294fd0aff4c1b228cd862635af77a50125c076d61ea2fd6b0b73a862eff63,2027-05-25T01:30:33.828412,0,normal
a7cf36e9-eac7-4c82-8df6-b20ec88da661,1009,User_468,User_183,2981949,3e1aebdd12553f66ed99b1a836cc1521c63a491e49b4d76426552c219d707c07,2026-12-10T02:52:44.828412,0,normal
0f83e435-223b-4043-9e95-28e00d5bd394,2572,User_438,User_398,906625,d80050576e3aab3e32091cc8909e43f6ff648d85933f2dc08dc4e5d2898a34c4,2027-07-24T20:22:47.828412,0,normal
efc92ead-8767-45ed-92d3-3b5d4c6fe09b,1800,User_31,User_14,971269,3537557aaf4e1b8300e2a2b6a169683d0fad6f0ea24c3a11211932b318a29e8b,2027-02-07T06:59:17.828412,0,normal
cf08cd1e-e082-4a6f-b742-9c25fdc8bcc7,2933,User_36,User_296,484383,a1778a9579cbedb390973973e51638b7f843a36e7a64cfc824da651c5ddcabc2,2027-04-29T09:32:41.828412,0,normal
5d43d450-ba79-4e97-86df-53cb283c8ef4,2940,User_202,User_46,1335366,45eebf7edbdbe06ca74023cacdac027521e16cdcbb08f092a673661e1f707a49,2027-06-06T00:49:45.828412,0,normal
1e33881f-ebfc-4383-81da-c253bb4660ca,2853,User_398,User_26,4061876,7f4dec992d8428a14d63a8092ae1124012644e36d566a4873df652b855060410,2027-07-24T12:15:26.828412,0,normal
2f5ea02f-f4ef-47e0-9955-45014e518458,2991,User_245,User_320,945889,b0c1e02f525a3992e9a7bc3170b498fcf3b7f29ae3bd3abd042e5a27ba182067,2026-11-11T02:57:47.828412,0,normal
818cb5cd-84ee-49b1-a4b3-c80836f1a156,1544,User_18,User_453,4133205,021b18cd97642797398af0c8e4ed11963c19b42dac4ca0c3ad10284a0196f601,2027-03-06T13:11:47.828412,1,duplicate_document
924ac6e0-98f0-4021-bbe0-98a686d1541c,1866,User_34,User_450,386998,f638ce62ea1dda8b7f433c72a84b313f614043ee26305b5d63d21766c1fe8847,2026-10-15T19:48:58.828412,0,normal
ba970e33-8452-4661-a27d-b06ee98d91e1,1876,User_453,User_36,2506000,35e409a88088e7f455f79ea433a34c4422e29dc03ff3c2e6bcc23cab59ad6c23,2026-12-20T04:05:37.828412,0,normal
49e53324-ef0d-445e-95aa-36ad6c854168,2655,User_227,User_148,362589,b3063fad583477174ae3654439082bade373e10c7c0a4ad6e271869215cf2062,2026-10-23T16:13:22.828412,0,normal
1b92ce0d-f32f-45a3-b7d7-5bd5e5263556,1822,User_130,User_232,2951536,69895900c4f82d7c5d4f4e7630c0a086887295416603c526675d51289c8af190,2027-06-27T09:36:18.828412,0,normal
57f1ea66-a539-4a82-9a6c-a7899632e886,1306,User_433,User_247,1518793,b2a2bd9bdbb6deb1684dab6bbff97b48cb7c64bb40052408fa2546314a4b2410,2027-02-26T15:06:22.828412,0,normal
067fcbd4-f097-403f-bd35-9157e0bf8500,1151,User_318,User_13,368529,380e445b35dab5c8b0cc471b4e597e6679102c2304148d602f4380fa35212d03,2026-08-14T05:30:21.828412,0,normal
02920840-29a5-440f-9015-1016a88e2baa,1740,User_242,User_376,4636221,724fc30eb4a4ec40de0b383140012fdc5f713f168b72516222440d75146dfb6a,2026-10-05T23:41:44.828412,1,rapid_transfer
2a4e5812-4dc5-4c87-9892-ca56dfe789f2,1176,User_357,User_74,1964746,8af13de5e163321d32671da371eb811d2ac42697fdfec6a483c7fa8f53b4d69b,2027-02-11T08:33:13.828412,0,normal
edad57b3-ae88-4d8e-a39e-dcc6f4af5080,2319,User_404,User_468,1982453,f579cea1964005982926bc565ceeb0c342d323fbb50e5ae94978488800f139a5,2027-03-01T17:39:40.828412,0,normal
54be375c-2d77-40cd-9fea-6f81cb05eb50,2226,User_461,User_318,1301508,7c0cbd0b5c44e45c95e02b63c23da688f116e2b7d230d6c5595ec0dd9cd5254d,2027-04-18T04:10:20.828412,0,normal
0dfab4c2-08ff-4cc6-b7da-45aa6aa12991,1134,User_250,User_305,5286207,77b9caf0e1dbeb97dbc8d5a5b41b91d77c09b403d8cca4a3d2498edf5d4a7663,2026-12-03T17:27:33.828412,0,normal
1fdc7c33-5d9e-403f-9c3e-32021f21cd16,1472,User_410,User_31,4437221,e102f24c38d85b316ca1d0164464588a9bd6235efee7546d5d8a56e0af909ebf,2027-07-15T10:56:09.828412,0,normal
95f0c3ad-4be3-47f1-a302-c4ffbbafdaba,1430,User_124,User_414,4576776,cc0cea90309206264a3702533000858c6e305c6ce34a6d3e344de7061b9a9199,2026-09-01T05:50:26.828412,0,normal
26ee18c3-1f11-4755-adeb-65e15fab24f8,2383,User_280,User_499,2625466,df6998e0a0b07816fc7ebda5aff24dacd47fd8deff360d9e2d44653ec822b8b2,2026-12-24T23:52:01.828412,0,normal
0271cb27-905a-4c46-bbc9-75448bc30602,2263,User_172,User_202,25664133,6e266ce17801814b79cf5972b6c5ed34066f191c01fff3f7d1c9d5e6a5be3043,2027-07-08T22:12:41.828412,1,abnormal_price
ff112ea4-c88d-4584-8800-24a861328fd0,1900,User_437,User_424,3474170,e2fd00e643dabfcba38b79d290109039863785a075bb0016325bc8308f89702f,2026-08-27T22:31:52.828412,0,normal
b4deac71-610a-49f4-a572-12fca9bc6bb8,1907,User_369,User_299,3920065,93464edc62f1c2a67a394973998bb6dd19632b964e5baf34a0fc083b49a3c0bd,2027-01-14T23:38:19.828412,0,normal
f6d6f414-e661-4ea8-b89c-419d032aa417,1842,User_312,User_395,1029761,e2b3943a49800ad793979ce7c913679d9103fd55d8ab9e236901fe06fb470dfa,2027-06-10T13:22:42.828412,1,duplicate_document
be558fb6-a7b4-4c7b-9b61-8c628db70d53,1235,User_387,User_289,5771621,4697f62cb1851107788c6f80e7ebf7179f22b1768f9687ae3d001ffda1d6de09,2027-04-07T01:13:26.828412,0,normal
0eb99b9a-6566-4405-af40-8e7f156bc03c,2436,User_499,User_447,2596410,14fd07f178b8b0165a4ebf88869c4ae42ce3f877eca6b149a56d918c665a6130,2026-11-25T02:17:43.828412,0,normal
5a68b12c-0e99-438e-93fb-c37a9f78df25,1963,User_292,User_491,1621164,de0f2fd2f87bffb89a4689dac7e94dfab7ffd95581d3c45918cf9ee43c48aa6e,2027-02-01T18:42:01.828412,0,normal
43ad842f-1765-4e0e-bd4a-433c2a9fd61c,1159,User_64,User_364,1067730,92502fcf103bdf331317ec857b6fdb8a7c443bd56bfdb539f54789a815575599,2026-10-03T03:12:07.828412,0,normal
57fa521a-ef8c-40ca-9c01-768a2245ea59,1931,User_360,User_76,384572,d34ce55ffeedcc4ac96c8c07999c33454bd7c3f3b4d0bcead6e3187f12c3a662,2027-08-08T22:31:40.828412,1,abnormal_price
4750ab54-4bc7-4234-b013-39dde446f2ce,2547,User_301,User_92,2332737,6384810e0fd6fb330a678bcabe5a3e99fbb1c371200bdfb2cc5a06f5364dc931,2027-05-26T00:49:37.828412,0,normal
a1b4ab33-e049-4512-8123-2531ae1472a0,2819,User_135,User_437,557906,0b2e672ef3186c94ea3fc464c775868ba40efcf4e5bf7620bd8b91cfcd9d7812,2027-03-05T18:53:27.828412,0,normal
d5637da4-420b-4ab3-8f80-3412cdf5b7a5,1362,User_263,User_30,2798167,72f36342baf164edf15a8aefdf6f9fa47b84ec162c62e90cd318e77857273313,2027-06-27T05:11:33.828412,0,normal
85ef2a9d-904f-47fa-9564-da6b141d8a82,1329,User_177,User_37,490312,9e97451d46fceb5c61ae1cc2803cd0558de918f588a0ce2388ed536f97c29697,2026-09-29T19:29:06.828412,0,normal
f1a1c1d2-1cc9-4bc8-a219-56e07bcaf610,2505,User_33,User_216,5545074,98a297be85e2253b04c270de3b1f8a9cdb7d367ff9215a1a280481564898dc07,2027-08-06T04:11:12.828412,0,normal
84cc40f4-c215-4a26-9c8a-8a14eac5e773,1920,User_221,User_335,2171897,cb9916edfdf7b7944e3d3b176ad2070f6b97260418c2497b0f770001a08e8176,2027-08-05T19:13:03.828412,0,normal
3e532b5e-b39b-470b-8dd6-a0a298b868a0,2579,User_281,User_11,1487603,121e496e97b5a30d08e34e4e4cbce68ca95f28bf97972915047d08173a7cb4fa,2027-07-25T14:14:39.828412,0,normal
fb3b236b-de28-4991-aee8-95efbd30fbff,1397,User_224,User_48,5236252,a45e55738ac8cf5579bd737c79b2a8a56aa13de9796f017d724eefe48f0a25ec,2026-10-13T23:47:52.828412,0,normal
0e9ba7b1-7762-4284-8801-13b3c61c804c,2301,User_418,User_40,5043246,2578a5ff22a7cef6df78d7d819619bad8cf205f1a8528809d30c7022619a9917,2026-09-09T17:53:21.828412,0,normal
819059c4-985f-417f-ba92-21ada4839787,1381,User_333,User_353,3037340,df4959a27e7137bf7db39e83bbafe43bb7c30c0893f2b53fe6556eeee75369b1,2027-07-22T20:12:59.828412,1,duplicate_land
efad720f-af3c-4a74-b4cf-75f2df6cdc20,2437,User_74,User_323,457514,fa97c9a36e0f48482bea2db7ef304ca42af570758a14e83dda1ad39ce4e4442d,2026-10-11T12:39:54.828412,1,duplicate_document
aeb6b947-4d26-4ccf-a07d-e9b4602074e5,1065,User_449,User_397,3664039,cd79c6e1840aae74acc3e2e604d2647a35737088777300058be4db9a56929d90,2027-04-22T10:15:00.828412,0,normal
176a15c4-d5c6-4ad4-9d23-be374cc7773b,2073,User_449,User_84,1218908,344827d3c68ff707e441ed4fe12c023017b1fc2b55fa4ad1fde1f06b5fd563ea,2027-05-24T06:29:33.828412,0,normal
95a232ae-2e6f-4210-8818-2e3ec9d45632,2505,User_216,User_109,5297253,98a297be85e2253b04c270de3b1f8a9cdb7d367ff9215a1a280481564898dc07,2027-04-26T07:27:50.828412,0,normal
a555df76-91fe-44ce-99d1-624f8765437a,1073,User_147,User_341,1063118,f1fc52c8f5b0272ad5ebef5182a89f2ab1c8ee229d2f0036dae6cb876732f4b6,2027-01-01T11:16:57.828412,0,normal
9c258d9e-cf6e-4463-b444-d9b33134cc8b,1512,User_259,User_248,3444571,839818d90b9f697def8c3ab8c95e83fbf42a209328f6174d605a52a404600141,2026-11-05T17:58:31.828412,0,normal
9d0ddb72-c621-4e38-aa69-2c686cb013e9,1685,User_287,User_333,4544700,f2d300aaac15c028e76975f6907c9a7e876eb181a97b2772c76577e4ba347292,2026-08-22T19:53:03.828412,0,normal
e882cf0b-784c-4662-833a-e387b58c800f,1295,User_162,User_154,2765745,ef9c9f8e23f4846baa55a2a37a61e511950a5f205f365a9972b2edb7c3f4d878,2026-09-27T19:47:14.828412,0,normal
031997d5-52a0-45c2-8501-82ff719d65e1,2465,User_124,User_460,1287808,da9bbee8333f55638e364c98217f5c88bce3022b614d00a3775f6e3ba037f533,2026-12-27T20:45:28.828412,0,normal
1162273e-206b-49f0-ade7-7f2dd635d68e,2004,User_456,User_292,4358918,4a15204a09cd495a13972203c02b1018f1b50fafc0525a7641a917f60f6e882f,2026-12-06T15:48:11.828412,1,duplicate_land
d4cc0dce-c2e2-403d-81f7-34182b6c8e9a,2827,User_207,User_310,1935878,caee2da1cae453e385e080508454c79d23299eaf553d595271aa627f7cf2feb0,2027-02-05T22:46:44.828412,0,normal
ebfa8e95-f4d6-4ceb-9d14-65170c472555,1995,User_371,User_242,176674,584d3da0cfc39a44a25870c5deff80efea0901ecacf0596209944faadc43ec04,2026-12-19T02:06:28.828412,1,abnormal_price
bc7351c6-40e2-4e91-8067-4d33f287c401,1877,User_139,User_213,4589059,7528f44c8211ff2acc37f067d10843ca8e3ea328a8bc10dd41a5fdc3920ab354,2027-06-13T07:19:44.828412,0,normal
8cb3042e-cebc-424b-8920-37ece5daf410,1771,User_15,User_421,2165742,a7ab3e57a07b8ac5fe57d48fd2e9678c96437698f3791e20dfeefbf4ac64e308,2027-01-05T18:30:55.828412,0,normal
fdf5b017-0d1f-4268-a0fa-3aa360c018bb,2075,User_183,User_159,3056678,0985fc383e0769dba5f0fa74f60567f8d4dfe6058e3ce1b523c2080138a164c8,2026-10-17T10:23:23.828412,0,normal
c437301f-b27c-43f3-9d49-c3899b2b369d,2836,User_272,User_168,2886165,097d476e9e5bae5d2bf7fe3569d412dabddd26f63fc33f5dc2b545a0f8a9b594,2027-06-19T09:13:27.828412,0,normal
376b473e-ad15-4d88-b75f-1b1cf80d65f6,2961,User_198,User_118,3793925,b9b2c86f536792e1229768b3cf8f0d19f97530bbea3789507910179cb361dbfe,2026-11-26T13:55:42.828412,0,normal
35b9a1d0-628c-4beb-aba6-d999a2f8eaee,2797,User_365,User_181,2729094,4984f30effd16c7f709dadcd401cad7bcc4aca268df88c709ccc14ef87ed62ac,2026-11-05T19:25:14.828412,0,normal
55583360-d3d1-4ad6-a99e-1fd26a247766,1039,User_399,User_154,4310860,720092dda00b31942cb565f55bd905e32652a0b454fde44fda1a3e968cd2d942,2027-06-18T00:18:07.828412,0,normal
ed3875c6-e72d-4aac-835a-31984b0ef1ef,1626,User_166,User_260,360303,938d92acf42baf2eda21b7ba435fb474b3f77781df3c429b59c0cd95fd8cae2c,2027-04-18T16:07:11.828412,1,abnormal_price
e3027e5f-6d4a-4f09-a3b8-49b80001c4e7,1906,User_178,User_157,4451884,c19ab6a03a491204750e939661b358cb2d34a5bab5063fa8b3c6c294b3b18504,2026-11-17T17:25:24.828412,1,duplicate_document
c7ba366a-7d16-4177-808b-387d8f691046,1025,User_461,User_64,1446039,4a603a73eb5fc714351b74ee0329354d7362579ca1ce588fc3cf94c67e496ddd,2026-08-20T10:20:00.828412,0,normal
2a276f8b-f6f3-4e71-9efa-a9d2cb281634,1381,User_151,User_355,2914609,5baf3df8b8303627b58fc6dc34878941e06de909a768173a5bfbc43ddf4b6f4e,2027-03-07T02:47:52.828412,0,normal
49816d3e-97b9-4bce-96d1-98da99b05dcf,1468,User_83,User_126,547212,24444ae52b5832103ea78634fa18a0d5c1c3fcd542f9bcadd10641d7a4b709ec,2027-04-12T18:16:52.828412,0,normal
86f3682f-cee9-4c5d-b21f-dcf536375f7e,1307,User_58,User_305,4754091,2e4251797510d46e58158b16595b1955a2987b2cd1542a4409056f5fab22a54c,2026-12-15T19:19:31.828412,0,normal
4fba5099-4597-4a36-bdbd-94de6c83a937,2930,User_335,User_291,3462390,3ff194aee254d9258d350b39179ea8f6930ca1239b3717ba8aaa753d1187dcca,2027-02-28T20:55:33.828412,0,normal
ead8ea1a-9d1f-4479-9bbf-ca5ff929ce9f,1303,User_208,User_365,2043369,3ce18d6fc21dc15f22726f7f18191fe8124a42bb76fd92c3d3812ced1334c1d8,2026-09-29T21:47:11.828412,0,normal
adbc3d27-9bdc-444f-a215-f980445e8022,1154,User_269,User_379,1432804,7c1aa1ef941f12d8ebeb2fb6033e029141db3e8c7a0d0225acc9d0cd561e4964,2026-10-14T20:43:04.828412,0,normal
0dbe260a-2049-4593-ae67-93e17fcbe82f,1844,User_469,User_219,2258956,e9453c54eacf126ddaf57c571c000c8daf04ce251980dbcb16a2aaa8d2a451ac,2026-10-17T07:52:26.828412,0,normal
a3028fbc-ed45-4370-99c7-12cda00361b2,1615,User_142,User_298,29691732,47337ec2d09500a98c8a3ea604569711184c9c756aeb9f40ee0f279cea3aaf94,2026-10-06T10:48:27.828412,1,abnormal_price
ae91287e-d855-4dd4-8014-7f4a9ba47258,2496,User_92,User_180,609042,9ec5b4485a5cad57cab78c6d913ab6b0229c08f0cb3b9825dcff4edd5a244b98,2027-04-24T14:28:46.828412,0,normal
1a870fd6-5d42-48ae-8f6a-7ad9083e787a,1029,User_273,User_427,4115655,273fd9f93ae292181b0975f18538bb2325ea4208b5595062b415ed3844ba025b,2027-05-30T21:15:49.828412,1,duplicate_document
8bc0c233-0847-40ec-85b5-af3bad9c8a4b,1973,User_307,User_110,2706355,10e4ce921c7500f71a92f35e7ef4055e664a38a45d6ffa7a644dd3fa6aaa68ea,2026-11-17T14:34:40.828412,0,normal
b3160fae-3d60-485a-ad47-8c9556f25331,2268,User_322,User_145,401972,e1b67c94ccda8f75ccf13510f6f6192a607e96974a9aa42f064773c75cdb228e,2026-09-18T13:31:25.828412,1,abnormal_price
23e2ce40-6fb1-4b56-8be4-00b5a204565f,1586,User_74,User_291,3500788,bb27c27ace1dd11b11debe8b760d973d372c288bc995c5f54a186851774d2394,2026-09-07T10:08:38.828412,1,duplicate_document
82c7f877-d1d8-4ff0-94e6-42cded5dbf33,1875,User_228,User_35,4605391,7d07da4b3af173a820fa396a0c2f84d2fa388b24f9186edf996c186ddbfe8e48,2027-01-13T00:04:16.828412,0,normal
4540bb05-3c3c-4f03-b0a8-5130c181780b,2362,User_387,User_83,1984156,3f037b5b51e17ce539f07cbea5da24a9554bdee1177394fb00379fe6c50180b1,2026-10-21T07:10:09.828412,0,normal
d1f059d4-a2bf-46d7-8a36-3edba5be576e,2292,User_44,User_439,1312352,f86481b49741f79e002a851b6bf99d1e4f518d75d6fec6df3351a69983bc9506,2027-04-27T11:46:49.828412,0,normal
5f112a4a-fa4a-462a-b057-8167ff515290,1949,User_289,User_38,3691360,db8264b0e3ff23afd05e86560d4ec70f247d31a78d4c5d97d9148fc8683ee6a3,2026-08-22T16:44:57.828412,0,normal
dc492e57-bd43-48de-acef-b7510210fa20,2307,User_63,User_247,1797056,872b29fd69670a433dbbf5f4b8cda2e954dc2808c20e2dc3c3ec4107b63c45b3,2027-05-18T08:53:40.828412,1,duplicate_document
f122b1c1-2b9d-4ebb-9812-470dd39d5312,1912,User_431,User_473,4599845,ad37a866618aa0bf535b7b1a334ce7c1b09aa7ae7170c9ea0c0e1957dd406a82,2027-04-17T14:18:42.828412,0,normal
9054cec1-9fa3-4689-9ede-e077c9f69bbb,2625,User_397,User_436,1250520,f0db5785a56b91578f5b524d4b72809639f54ff510315f7b167b3f6d8edd1bfd,2027-07-09T18:27:57.828412,1,duplicate_land
fd09b522-54df-4827-808d-8a00cf0ddd98,1442,User_476,User_148,5060500,758fd4e45973d512feea03517d2f0552556661e38b32d1971da123f131bcd679,2026-09-04T06:43:50.828412,0,normal
46080451-6d78-4c1b-b83c-6988ea7344b3,2832,User_216,User_339,3426272,f8ca00b886cf60a35c8e34b897b0b9821ea89e44b1e5aa006f8e5f3fd57bc7e1,2027-03-16T17:46:51.828412,0,normal
5e963a90-45ab-4072-8185-28b34d96cd44,2608,User_333,User_29,3364193,681ccf4f374d350489321c8a86b877127fe487f2da59d0aafd58f3a8d0d7dbb9,2027-02-20T19:15:28.828412,1,duplicate_document
fa3d16b7-22ca-4a0e-9e2b-bb56bb888b28,2908,User_167,User_364,6627765,15baf5630e83f61316c030241925899d7b1ba77901398a6a66a9364b9c985e11,2027-03-28T11:33:31.828412,0,normal
f951fa42-aa8b-42cb-a752-06ea17a5a4a2,1022,User_3,User_76,3183869,fbfaf037b26356983e0ba10624358795ad511fc844a71f5c595925405df246cd,2027-02-22T11:29:05.828412,1,duplicate_document
dc1727cd-fc52-406b-b276-53712792d1a2,1563,User_337,User_420,3318559,b33df4f7b4c68b41f4c9dd10080581bd0abca78416d6c8712d2d38262906eed2,2027-02-21T09:03:48.828412,0,normal
ba53cd65-f194-4f5a-a1f5-5794cc0bf1bc,1289,User_82,User_18,616322,b48ce8e4068be55eb8ba3ea052c1e334bd64eea2cc75815c1caeb6b056e0c058,2027-02-12T17:49:31.828412,0,normal
b124880f-e79f-455e-80a7-8197542356cb,2952,User_486,User_493,5417584,31413f439ca0f4b94d4f1a3bbc76cc7c198d66ad7420659b8365f0141c5cfbec,2026-11-14T22:45:40.828412,0,normal
62e51266-5dd5-4589-9cab-5818bcbc3b28,1558,User_121,User_463,5370679,7221e36aef47b617048beb0a0ab1c1a41a87338538a6758a7131c731fecb270e,2027-07-13T14:17:07.828412,0,normal
8e5952c6-f437-44d5-a4f0-969264f7bbf4,2786,User_447,User_195,3397279,faf45b39f1c040ecbace2b0fd978b607a66f86bc83447fc3ffbdc3e73bd13702,2027-03-18T07:52:19.828412,1,duplicate_document
4b19c9fe-ae15-423b-b85b-10cf86504a46,1129,User_62,User_157,3919710,a69f6113631c45428d55d10e005508aa302fe4d2082dfac232ef39ce13059ded,2027-04-05T11:03:44.828412,0,normal
1628e060-25b9-47c3-91c6-cc52051aa15d,2710,User_112,User_98,3807163,c272ee792cbc7123f5ac7fe3e372efe738425ba76fc7f3b1e6059de3e86c75bf,2027-01-20T01:24:06.828412,0,normal
7fbeac5e-9714-4a2b-b0ff-1331eb62951b,2709,User_275,User_88,2912909,ee017e3982482f2ff22b4748cda8a56fbf246f8b747337abe686dafc6fda30f3,2026-08-28T19:56:15.828412,0,normal
d449a124-e18a-4ad1-b77a-ba6acef27ae4,1860,User_433,User_166,4913740,bf43a3e99bf877e8db5661b655bf5c19aeae627beb82fc327db69aa2952ae9da,2027-06-11T18:44:01.828412,0,normal
4cb23665-9f44-4b8b-aa0d-451c17442545,1164,User_392,User_339,2776551,4e51a6d801beb7de05dc5527e6add54b5beed521cf6c0a7e39f297e7c58373ef,2027-05-24T21:03:36.828412,0,normal
db99b3ae-5a09-438d-b988-906ccefbf0e3,2114,User_210,User_213,3895872,830294a154a0f56012c98e7dd0ed555501af643b47548ebac636670f07715ae9,2027-06-15T18:48:25.828412,0,normal
ddbbeba8-e5ef-465e-86a3-97ee7167d32f,2315,User_175,User_6,4499012,4c3760db345da2c9ae3d6e42c8da48d3f7e6f32ac5c48371c3de64e1313225c1,2026-08-29T00:24:33.828412,1,duplicate_document
eec86a2c-c16a-4535-9fa8-46cdcb87c11c,2422,User_111,User_210,912136,e66eb692175928d3406eb288b63c190167723e62bda8af2f23626783c0ff4650,2027-08-03T04:24:11.828412,1,duplicate_land
03fc5dd7-7dad-4f5a-8b91-2d36f9abbe33,2837,User_173,User_135,1464317,cea40a95de04a82d9c2b32c6606df20a0ff5de74b2e2246bfc8f8e223d114b1b,2027-01-21T21:35:51.828412,0,normal
4603b356-e21d-4e65-afe7-c449ce4fc099,1215,User_403,User_232,1916787,af537e868671c329b8ebdaa7f55232dde49763d3c00d626263002aaefc72f687,2027-04-16T02:02:22.828412,1,abnormal_price
6a71d839-e1f8-4d4e-8d19-63d8d41ae88f,1972,User_410,User_218,5252042,71bf4c3e5384d22fdba7c3e96c1b70f6b73657ce9654ea62f7c2b1b3d1ee519c,2026-12-29T21:35:45.828412,0,normal
cfc3fee2-33cf-4fa7-8c62-11030da3eab7,2772,User_215,User_118,5582154,f5b367a95ab2dc37a79cadc9f6851e23c363f519d01c6fe96591802f5922be47,2026-10-20T14:53:12.828412,0,normal
4fe3c2d7-dab2-47e1-8ada-057155686d25,1605,User_218,User_96,3417573,fe91f44e523891e405538e445114d10b171e1d48afa02b291b235888db8c7f4b,2027-07-06T03:43:00.828412,0,normal
a82a0489-2927-4277-8195-bdffcaf8590d,2394,User_126,User_252,4390061,030cb1bd98d4fa1acb1f8e40982e363f76beb8574c7611ab621e259bafadc996,2027-03-24T07:20:42.828412,0,normal
e432e065-17d8-46da-a0dd-46f7b9c9c434,1035,User_414,User_173,4069074,e2fd00e643dabfcba38b79d290109039863785a075bb0016325bc8308f89702f,2027-04-15T01:50:02.828412,1,duplicate_document
667b4a58-a7aa-4db5-9607-5bcb3b075ef9,2719,User_381,User_183,549459,3d60c085d2615ab308fccae72b7b10c4efe2c851da53f643064287369d3cdec1,2027-07-30T18:01:21.828412,1,duplicate_land
ba0c99b5-8358-42d1-82c5-6f409bd67dae,2072,User_174,User_292,3511583,221fd1814091adf7094870aa0cc382d6a8eed5c63a03fba429b6749ac8a6c3a3,2027-01-09T20:14:29.828412,1,duplicate_document
6a925108-4c32-410b-95b7-8c941e4d48b0,2922,User_347,User_295,2028580,8fbe3f8b2224b2d9934f38a778f0f8383a1e5abd4d698d24f9d8b8c4d9e90b8c,2027-07-22T18:16:23.828412,0,normal
d5c66517-dac8-4664-b8f7-c457c5df37d8,1861,User_79,User_37,5196742,0124fd78856b9dc22cfe8c2716838bd304e5a24b8d6da7a42ed28d24811679ef,2027-07-01T05:05:23.828412,0,normal
cc9a007b-9428-4795-bac4-63ba7ed34b49,2160,User_463,User_224,1095365,0b34a1c1f9b875c6a1c235fc7b0148eda64e9d38bb46370ca259697003d23a7e,2027-04-18T21:42:13.828412,0,normal
b86ca14c-4337-4f18-b939-ff8d2ac18f6f,1135,User_458,User_362,4339510,b0bebafd313c187efd4adcb83c6622c28a43c742a7a3b12d6903862341acb909,2026-09-28T16:47:56.828412,0,normal
36985c27-af48-4f31-b757-d409cebde63c,2519,User_356,User_359,4321111,9ff8cc9a55ca630f63b00f0b13eb882166616ba44e29e9abbc19597613db8371,2027-04-05T15:26:15.828412,0,normal
0b0756b0-e878-4a2e-a6bb-95089ab8e4a6,1488,User_428,User_63,830559,77c7b0055d09bf6d108772e1ebbeecdbefe7096c7b03544f213d440be55096bb,2027-01-17T08:22:52.828412,0,normal
f320c5ac-6e89-420c-aafc-5041aec8bb8c,1802,User_151,User_418,3213853,ef56d1d58eee64be0628f90446094d5e8c1eb9ba2b98b9bbd7dc9add6684743f,2027-06-30T10:36:29.828412,1,abnormal_price
db2a8e17-be89-48cf-8fe9-87a4fa420bae,1202,User_90,User_168,2173936,fe431a98b6ed5e8a95f063f8fbb3fe33c4eaa90e6a3eb7276c0c93b12d52bf5e,2026-11-02T00:10:02.828412,0,normal
ff62de9b-19f0-4f54-8115-d2bb47697c6e,1574,User_392,User_495,2637160,5baf3df8b8303627b58fc6dc34878941e06de909a768173a5bfbc43ddf4b6f4e,2027-03-20T06:50:18.828412,1,duplicate_document
a3637619-71ee-460b-bd7c-8e3ba50b7bb2,1960,User_147,User_305,1878681,d360f3e5f40cc20ecadb4d29063df1d754eb7946eced2b217c47ada1f89b89a9,2026-12-16T15:14:08.828412,0,normal
ee227400-00d1-4ebb-87c2-5c7573cbbc04,1702,User_205,User_281,1831727,c3c0c66a924112557376feb4de1e5e84628dc1461196db9a347de2d3783f99df,2026-08-31T16:08:08.828412,0,normal
fb797ef0-9c0f-4a34-89bd-68272e31f29c,1268,User_270,User_102,3467301,13f4d402ae39962a4c3a235c46c3ec2c157c04c12cf41c5b4e5911cf06445dc6,2026-10-16T07:09:01.828412,0,normal
34066516-4012-4e67-b50f-46e9da628efe,1878,User_443,User_348,3767474,78df7110e8bcb4f6c0f017264db49692fba395b0494ab2144efaf861180043d9,2027-07-03T05:04:04.828412,1,duplicate_land
155342be-dd60-411e-8370-373e701a9736,1193,User_97,User_196,1511719,8b365b90e36ee230a08626a85f0f8bd4cfb8be4281f6c2874c3997357b75e345,2026-11-01T17:42:30.828412,0,normal
ad14a3d9-1b15-45ed-882f-f52a95adfc41,1924,User_107,User_29,2931527,fbd7f75510b0daab8f59592fe93ce68b3ff1000475cb76d860af5539835aff40,2026-12-07T14:57:32.828412,0,normal
5f4970a8-245b-4fdf-9923-2a454ef899b1,2742,User_301,User_434,4338052,cbaa48d780fcfbb9f9e6bd9f5c167ef12f36aa668141b1e5ae4c50299cbb7579,2027-03-29T15:02:28.828412,0,normal
37913dbc-57cb-4bf7-841d-683679b6faad,2369,User_243,User_212,637781,4771a12979bff70b2362f155a7739ddee5a797c2f0fc5bb7d747f287f09a2f2c,2027-04-18T01:24:02.828412,0,normal
9fd74a08-2e89-45c2-8d54-ed13c262b8cc,2990,User_107,User_344,3795586,e6fe063217664ea620713a6bcbe522c1250efebe5246c3986105b353f9015481,2026-10-02T14:39:19.828412,0,normal
beef16d4-a92a-4bfd-b4c6-3f6f27265e41,1751,User_407,User_98,1436976,4ad4e5e6a2cd194fd4298aa866861079b692bea35fd8bf0903d76dd24fd876ef,2027-05-10T22:15:11.828412,0,normal
c62ad74f-abd7-4356-8d27-8d9708c1cc1a,1781,User_333,User_347,2147582,1c6095b31c1ec07ac9f48aea20563c974ac9008431f417eeac1ce7287c33c373,2026-11-24T16:01:34.828412,0,normal
29ab4fa7-2131-4ec3-a65f-f9049f5595fb,2076,User_47,User_313,1424153,a1ead4b872f81834f7c0f451d711cf574294b244ebf3d7fe829b165268f75992,2026-12-31T19:19:53.828412,0,normal
24906d76-6cd4-4ec4-b584-e7ee1d20a966,2569,User_146,User_275,1287050,45167e678aaf61fff6b90589e8f587b1a0e75dc85e8ee920350988bdf8f880f0,2027-05-02T01:54:12.828412,0,normal
534134ef-3c93-4161-a142-77b48ef90007,1745,User_58,User_201,1340277,0b71fc41d309b94a3f584415e6deb264a1934508433863efe90f3a7830b17b3f,2026-10-12T18:48:52.828412,0,normal
7c85587d-0fcc-49c0-99cc-e82580a8c1a3,2183,User_419,User_359,489916,331a8b1df4701ff47dad9300219a2049a0ebe4c632b2ff853c8baaea7a387800,2026-11-07T16:08:54.828412,0,normal
4c391617-596b-4c1e-8564-05100338a004,1801,User_411,User_338,16668750,4a2b6d52e450d0005a5bfd0f97c3e4e67437418449b6f79fb5f936969f804976,2026-10-30T23:15:42.828412,1,abnormal_price
6ac388d9-36a8-4dd0-a561-680ebc0737e8,2601,User_122,User_10,1338128,d0f3ce933ba407ab6aae6c7706348018883c782d4122aac862b4a19807f70916,2027-05-04T10:40:31.828412,0,normal
d4008846-1c84-4459-ba5d-116cf5346064,1238,User_423,User_178,601637,a636d9489321508d608259976aa5e030dd9b6c97db93bea17ee2127fd6465758,2027-06-02T05:43:51.828412,1,duplicate_document
77dbfb8e-653c-444e-9aba-ea8cfcb3ad5d,2819,User_437,User_138,478419,0b2e672ef3186c94ea3fc464c775868ba40efcf4e5bf7620bd8b91cfcd9d7812,2027-07-06T17:52:55.828412,0,normal
4c19a7b8-0df2-4f2d-9a19-dcbc219e1dd2,2848,User_90,User_19,5283351,05c144e4cff311a6473dcd6035d492e101419503af027e4a886adc22991f3e2f,2027-03-16T16:27:13.828412,0,normal
cab4b23d-3052-4600-88ff-17066837bd1a,2063,User_8,User_241,1286372,1af7c0aaf7f7c0fc612797a347a471916bf0d9b257fe35d8943289b84ec4af5c,2026-09-20T08:20:58.828412,0,normal
deb070f6-ffc0-44a5-9775-4105f1c06191,1500,User_173,User_108,3379309,b9b5389d830ce54d9246705cf4ed5fb8462f635c8a913245af5449c75912b92c,2027-04-24T13:29:24.828412,0,normal
ae85f855-ed45-46f8-83e0-3ec16e353add,1702,User_346,User_389,908372,00095f10e6cb25791c5e11d856949ba8ea2e161ed6030dd1a69096042b493e5d,2027-06-28T04:17:50.828412,1,duplicate_land
05e6d363-784a-4caa-b40e-05f970c16839,2168,User_99,User_247,1076296,4cb14cfe2314b2f35a99a4b781e846c7a9783fa6213e2415d8c25ca23e4644ec,2027-04-21T09:21:41.828412,0,normal
e14e2990-171c-4464-ac2f-183d63475654,2481,User_281,User_388,2964905,a0593f6c3006b8e9c8309eaa80301af4c24457a4b012c605edba9c028cc0586c,2027-03-11T16:33:45.828412,0,normal
aa0c40cc-5554-4cf8-8dd2-80813b67f633,2987,User_16,User_319,1297141,48e042f095cd76d29826fe0710b0eb0156b098f0d183917afb3be2d4bcd61b53,2027-04-18T01:50:48.828412,0,normal
b6b3fb39-35db-456d-9329-0945fe49dc11,2438,User_139,User_347,4578705,68700c956d92e55376ec702f6fb76ffd7c427365804b2d776af1e6705f8d5d8e,2027-03-02T17:24:36.828412,1,duplicate_document
15e774c9-325f-495d-a43a-476d99538bb0,2056,User_71,User_396,1050770,e6027a7726e88700f5380ea72ecaa4daf7caa8cecf5c3627e0665816875936c1,2027-03-21T10:45:12.828412,0,normal
635431fb-9d1a-49cf-a0fe-0c0dd5a48f92,1582,User_432,User_166,2033588,7e923635b7114de852224ddcaa1602167aa374ce3a2682068c959bc51a681461,2027-06-27T18:54:14.828412,0,normal
a21e9296-3e37-4446-849c-48b522430b0c,1786,User_79,User_391,2312232,318d436cb44606169e289ec1398afda9c867b29797d1c6cbb5fb2dc96202160b,2027-03-11T02:14:03.828412,0,normal
90d3cff0-27fe-4153-a96b-1e9090b792fa,1920,User_335,User_402,2340960,cb9916edfdf7b7944e3d3b176ad2070f6b97260418c2497b0f770001a08e8176,2027-02-28T15:51:45.828412,0,normal
bc73dbc9-49e3-45e4-94a4-e421530f36ff,1209,User_381,User_363,1405831,4cf8b8c13f009d074e4a9ecc98abc18a02ee14e3aeaf4ccf92e92582603c7468,2027-02-06T02:11:58.828412,0,normal
baa5bd25-498b-4a14-9e01-7e6489950aab,1723,User_19,User_274,62202,d1f83375f31c60ca84cf079118d772f7ef931ed95c23f93b39c624c73444cfa8,2027-03-03T01:49:11.828412,1,abnormal_price
8968fbee-d976-4a1d-81d1-a00753f66e4e,1949,User_500,User_285,804881,7fe6a92376d9b5c958223525c6eb70fefb999a12b258b66ccd7b607980819329,2026-12-14T14:48:39.828412,1,duplicate_land
b048e544-d059-4b46-a86e-941811814c83,2129,User_391,User_339,1734685,e3ddf9e10047a5b485c55d830ff3548e1cc01dec963e56c4a3fe8ca7676495e1,2027-07-11T00:54:11.828412,1,rapid_transfer
37d67782-8f91-4d43-a0d0-95e96f6169f1,2692,User_442,User_104,2953730,00363f56d77903ca77598756a1dc71b5b65416b4e414f88dbaac8efd711091bb,2027-03-16T09:09:23.828412,0,normal
b8244375-24c1-40b1-8b83-0cde8946ba47,2585,User_232,User_375,330190,0b4363bced4659b41d1da50030a2a45d9db781c65d3c6de87693d1ff1f7d9614,2027-06-22T03:32:59.828412,0,normal
594165d6-46f4-45f0-b3a7-bbb5edb3f693,2940,User_46,User_14,1335366,45eebf7edbdbe06ca74023cacdac027521e16cdcbb08f092a673661e1f707a49,2027-08-04T03:52:24.828412,1,rapid_transfer
a994453f-c513-4032-a7df-1d90d5447342,2804,User_50,User_483,3484518,1b8bd23c3f4e72e6369b08eb1afbb01dbd57d3d29986a8aa7838a44a83101df8,2026-09-27T05:49:45.828412,0,normal
567ecd37-b0a1-495c-829f-78f84e5a899d,1560,User_125,User_406,3187340,a3bfebdb1895fc42900d28226969ceea4de82aa638cb2b38cf12b752843062e1,2026-10-19T17:31:07.828412,0,normal
8380adfa-6c04-411c-8687-e39d9ba354f5,1308,User_354,User_392,2890566,6c6cde38d804948ca664690ce6d2ed4c8d3f59edb0c9c6f8ac66b3a9c9dfb552,2027-03-15T06:59:35.828412,1,duplicate_document
c58b6e65-4bb5-488d-99a7-95ccd9106557,1787,User_289,User_404,2181828,d95178acd91b2148ab362f8ba5372c90123cd9e187e7464e95295cdf951a0404,2027-03-30T21:40:09.828412,0,normal
032e58a4-6c64-4925-8799-841dd99e5032,2788,User_450,User_216,4367272,76f24084047b8b66ae2c8ca34b0f5410e243b4e4b6aa91cc097264552ec715a5,2027-01-24T15:25:36.828412,0,normal
c30ca8af-9342-4860-a942-e4f4e15bf7ef,2422,User_293,User_288,3148081,d4446341682a6771773f035648c308ce18abed3e7e03234ff0610d82ed19eaa2,2027-02-08T16:44:07.828412,0,normal
8e6b7a74-2dff-4ff1-8b6d-2c9f5d12eee4,2185,User_443,User_51,4146705,6777c29e7705bc810509eb9bfbcfa83bb3d2b638e364ba986164abe5839e7322,2027-01-09T12:41:31.828412,0,normal
fb27f8d1-77a5-4638-a7b2-706678b7b17c,2890,User_426,User_361,1305165,b793d98d1a59fda6b9e36aef24f3808f7ef5ae43a1d1e783d70813ec6e317004,2027-03-09T22:20:39.828412,0,normal
21de597a-3249-4a7a-8ac5-68e6709d52d0,2861,User_426,User_438,473256,33af7a980faba096285ae4f050d960712865cec204b4c8940bc743cee12e9d22,2026-08-25T11:37:22.828412,0,normal
bfbcb2be-02c9-4882-bfbd-95b6226e4fb1,2882,User_18,User_168,2458707,f7ebebb43a254d1be6c5ccb186cb52f61a21f919f80e55d9b31e8ac56bb2b72c,2027-06-23T16:45:31.828412,0,normal
67ad6987-c877-47df-b204-54c7d22d3be2,2395,User_334,User_227,3810293,0671ded5d552363a4f2c901103752d520d661211a4c842c95d66a41ae885dd86,2027-03-21T18:49:54.828412,0,normal
8099e112-23e3-479e-ba20-b39a47185e7b,1682,User_481,User_58,654677,e3564ef646298e03c513de3083fdc64229ca4dac1fb8d861db813d405878219e,2027-03-16T10:38:47.828412,0,normal
1dfc99bf-1c04-4611-944e-0db41d6786cd,1105,User_315,User_130,3446252,39772536d4b9fc5ddcb19097520747c7606b5e8965a5bb21860f024564eeb589,2026-10-08T06:42:23.828412,0,normal
5b3fe5b0-602b-4a2c-b0e2-390cac507609,1491,User_166,User_260,1858806,7004a27ba265a17ed2b745a0fbe46490e8f7374924bc332a811e84f1c5d1840b,2026-10-21T11:11:24.828412,0,normal
2dc1cdf5-af18-4c77-b155-fc699d4d2792,2374,User_495,User_178,4245181,415d400498667d730fd5986cd01d3f18f1c9b550b3e6c52ec27c6a5267b4f555,2026-08-31T02:09:22.828412,0,normal
aae7c830-0bb9-482c-bcf6-82ffbf6c0a1d,1032,User_32,User_28,4803200,c8137556d70cf7689512333db28c0076eefb76d5dc46c5155aa172d039a71081,2026-12-13T04:58:15.828412,0,normal
0e60bd26-c3d2-4a00-85bd-3fa615e3f511,2227,User_468,User_36,144772,605f3dcd5a50b9ad9c1068bbc4ef86d8dfba9c32f6f977adc1ed8cd06c518cb0,2026-09-01T06:04:30.828412,1,abnormal_price
bb5b1c24-8081-456e-a724-378debd020e8,1488,User_63,User_92,776643,77c7b0055d09bf6d108772e1ebbeecdbefe7096c7b03544f213d440be55096bb,2027-06-24T05:43:39.828412,0,normal
b28f03fa-da68-4a28-bb14-887ce4080c73,2622,User_139,User_203,5089887,1891db1038a59d75933b6a4c629c39428f6e9d0b01490bbe822766779fb052b2,2026-10-25T21:23:40.828412,0,normal
d3c27b41-5555-4540-97e9-1adefe277472,1845,User_358,User_308,1229713,ed7b3ca68b18bc20d0e0fd32cec130674bf223ccdec6b8106ebce14bfdef390e,2027-02-06T07:34:29.828412,0,normal
92760155-800e-4115-9571-f7fe236623ba,2285,User_216,User_182,969657,03c534afd047503983b791be36e88119d534b9304362c74f66e1ea34ee2c10b1,2026-09-02T01:08:05.828412,0,normal
aa1fc253-c630-4ccb-a2cc-f78d4696935c,2375,User_233,User_249,1230185,f8fbbbb65d8faf8e5a9a04de3e70143dea78167f3bdd0cc99c268cd8088dfa8f,2027-06-14T18:40:40.828412,0,normal
e8058db1-18a9-48c2-8dcd-c53fd62c5e49,1067,User_113,User_371,4764644,b4c0bf3aff0403e12ba657100231c8bb53606cffee2080208fd137a6831184fe,2027-04-24T10:59:23.828412,1,duplicate_document
0bc2ccf2-7192-48b8-bc9a-0e91c7a5f2e5,1589,User_164,User_159,3263087,462d94f33e1594058a7f472efe5c1955f3192b170419df155b2e16e106fb679f,2026-09-11T07:29:25.828412,0,normal
5580edbb-077e-47ca-93b3-6a0e79599409,1502,User_63,User_434,2986691,ce20ff5c289e873993e3bcb67d97b638ca898562771731ba0dc9bd960fe93314,2026-12-27T12:32:27.828412,0,normal
518a787e-dc81-45f5-afd3-4ccce8742df6,2970,User_452,User_387,1698381,fb35fdae8354304327dcfd736e03f036822a7e68500e15f64ee863fce7c280ae,2026-09-04T15:08:33.828412,0,normal
0fc15291-e5f2-42b0-9bc2-4385ecde49fc,2353,User_68,User_78,3012847,483f4adc05cb32bfb6d71e1da954e3d641be9bc05d8ea1e3a2b777236bfb9870,2027-04-13T15:25:06.828412,0,normal
5cfbc987-9fc4-4af0-ac06-675a88f8f991,2613,User_190,User_461,19353502,df336434f026052a55345d1171c48e5fd9ab6a95aa6cad29e98029de966ddd41,2027-04-07T10:01:37.828412,1,abnormal_price
92af51ca-3300-473a-a28d-50b23f6f5ab0,2270,User_51,User_120,2551672,34496d6ef185ed270d0084fe820467c29daa1e2a1682fcaff547aad65d99a325,2027-06-17T01:36:13.828412,0,normal
9a421f82-5909-4384-8d2b-6f4ac4b44991,1133,User_318,User_281,2832409,51cabf79154adc8a9e468735151b334dc260448f72fc5794800c6459be209a55,2026-09-07T12:36:48.828412,1,duplicate_land
b2c790ed-b15e-483e-9073-aba1e3024c1d,2252,User_139,User_308,2244488,41eed841cfa8904df800d37f6c2954e271b3333305dd5ff298a5221c134e03f2,2026-09-24T11:49:50.828412,0,normal
3e448138-ce03-4e02-ae99-f7d1344359a4,2272,User_18,User_52,1968515,07f383aa3d4433f2d146ef53093f4608fe1055f67e8126e225dbfbec7c4c7cdd,2027-06-29T09:52:27.828412,0,normal
2a6b9e0b-4ba2-4806-acf7-c51693c9c53a,1696,User_335,User_169,1764005,7cfb6fb1623884eb7f960a88dd6c3066343a16a651dbde4d7869c05c3eb31150,2026-12-14T06:14:20.828412,0,normal
ec57461c-8955-4e0a-8623-8689ce5d1bb7,1894,User_479,User_228,4563721,2e5bb28f53147741b6418c4c56b734d4c9c4de914bcdb12dc3b94a44e23246a8,2026-11-03T12:39:28.828412,0,normal
0730ef04-061c-4d61-a569-3e087ebe7325,2156,User_112,User_497,3378596,a6a73cab442c5fb2fc678051721a32e8a0d49803cf8c20f2467a278ee18af727,2026-11-06T20:20:02.828412,0,normal
9979b1f1-c1d8-4419-b065-3c16b7b7c160,1955,User_183,User_349,2681337,2cffb434ccb79a0ee1bc9ff6625172cd0a700dc7e879efac0183a705e89ea76a,2026-10-21T07:40:32.828412,0,normal
ba28edac-d7da-4a5e-9f79-926038dcca54,1522,User_358,User_489,1380161,1d53f49cf5921b406a3648303226b7b98a4fbffee71739c5f8395d605a6e4c4b,2027-06-18T11:23:54.828412,0,normal
508e9ccf-cefb-46e4-b079-35bf254ec3ba,1401,User_295,User_124,2030195,c5002a4c1a4c99f3beb13769d167989aacdde56d16194ec0c3583b66422634bb,2026-11-19T10:46:30.828412,0,normal
64e233da-0cc2-438d-af48-fe735c15e113,1153,User_35,User_353,4269689,50b00a4f80baa4802cae3e159ca09d9b2b1738cb64e2c41f83f992475dbff02e,2027-08-01T04:16:45.828412,1,duplicate_document
75eb894c-14f0-423e-b375-ec3b5017a3dc,2874,User_59,User_271,4079791,629af7e57b47605201d9783f5d620108d45791db02c79d7c9868b4d7b2131c52,2026-10-03T23:14:07.828412,0,normal
8e7aab68-58bb-4e88-abec-e0e59d6d7802,2095,User_377,User_135,538266,9eb385b104e5e47bd768ab994297ece97f05532ffdb4bddcd1ad68431a23f9c9,2026-12-03T06:28:58.828412,0,normal
7686af0d-c7b1-4ac9-8fbc-621f0924e7e2,1253,User_416,User_169,1261449,560697c5a363f94bd69bd989bcdf7fa8b9803c9982ee7087cce3f7831a3c4558,2027-04-03T11:40:34.828412,1,duplicate_document
93f09662-667a-4944-bdf0-00863a1327e1,1938,User_472,User_32,3166929,281248cefb5f2cf61b15981c574730082940227a08821126c412866c004cfdfc,2027-04-26T16:49:38.828412,1,duplicate_document
e9064fbd-4a22-453a-a56a-23b462e777bf,2931,User_438,User_242,3980566,928b8e212ed9bde8361163823d4db568ded515bf57e42ac961cb2421facc6556,2027-01-15T14:13:54.828412,0,normal
c53d4e08-5e8b-4257-9dd9-686116322c10,2354,User_370,User_373,5627196,238b3a183776366ed91db76eadd524bd177ddd6df6ac23615628d065d9af5a4b,2026-12-29T02:30:48.828412,0,normal
1337e3b6-ccc7-4cfe-9390-9af1a83475b1,2057,User_172,User_446,5841067,d3c2a47864f1d220e865454474d10b94cab450d8a742a81e8e5da3018f38068f,2027-03-20T04:14:10.828412,0,normal
1c3deef7-3d0f-4a90-b8a5-9fdeddb5d61d,1493,User_132,User_78,4185406,aa5848bbceac3bc4b2696fff000c0de29727db07019d53207a36cc9786272779,2026-08-25T18:18:11.828412,0,normal
8d82dbee-13af-45da-9f51-fb1fc4557337,2222,User_92,User_157,2383983,f10c1bd8d66012533e3438f387a7ae110b6340aee61f17d24c25c2e661b85b4a,2026-12-01T18:24:43.828412,0,normal
65b224b5-a5c5-4979-b5f4-0aef16b916c6,2185,User_149,User_59,3264735,5550fa229f2815ce3e669f1969f1230b48ae955a5845c055cff1bf88f9748ea5,2026-11-01T05:19:07.828412,1,duplicate_land
5b6c2043-dd84-4b78-85a7-d88525ad2a77,1835,User_280,User_493,940617,2a6e0f98bece0f9e4fe36213f45803ebc845c4f9485b65280af47af7c11bec2c,2027-05-04T00:37:29.828412,0,normal
71c23f11-279e-4a7e-8796-05830ce8c9a9,1302,User_25,User_277,1421248,240b13111ecb39a8bce4b2b13dbd569901dc82c59096c03a4a0a48d6f967d0aa,2027-01-15T20:36:06.828412,0,normal
80c7de53-9453-4656-8880-263467715a1a,1243,User_125,User_306,2207575,386e04195e05ab66d01613c2438d9a4ad8ca8584e4470fcaff60bee8957d0efc,2027-02-11T06:41:22.828412,0,normal
39616d69-e00a-429c-8845-06283f3654d5,1067,User_113,User_63,3715089,491a66b3300164417245b6ca18fc4a5687348cca7916af828c9b7bc01c810451,2026-12-01T19:07:36.828412,0,normal
c06281a7-2776-4449-8eea-e5bfb3d5b2da,2690,User_160,User_213,2720957,9a51fb246f642f1aa9f5ec90c066452ea06513670cfea352e96aec5dc99f2fe0,2027-04-29T10:09:50.828412,0,normal
124d8223-49fd-44a9-a7dc-0a3ae7a717cf,1392,User_184,User_154,1192558,86b2e81196b7ce9215db4115343ce76bca7ae4c729fde704150e63167e317cbd,2026-11-22T01:13:49.828412,0,normal
4e3c9a73-4f65-4516-a617-07bc9a734474,1805,User_287,User_337,2623431,0df9376f6d204a42c49dfc31df34ce442fa58a8a6e7f4546b4bb09e1797bf2fb,2026-08-14T11:03:49.828412,0,normal
f5e4a370-dac4-479b-af71-b40f06a34530,1042,User_4,User_413,1319286,4d65aa9feb1018879c92f172eb23312f81be93bafb59eced6c6b6ada345faba4,2027-08-01T01:14:40.828412,0,normal
64765140-6cb5-4bdb-988b-8899cdef4ee7,1399,User_320,User_127,3062188,bc9b4315871bb75a1804f2b3e13a5f49a11729962ca42c47b09e2c60ba39da16,2027-05-07T21:57:06.828412,0,normal
6e728de3-e685-4cac-8969-c0b5fd555047,1431,User_204,User_134,1064048,be4909bfd1d21038956b5edb34b3529434ab8534552fe2e42f888e324776ab2b,2026-10-12T21:13:44.828412,0,normal
082731d6-4c05-44a9-8b43-c46e57ba8119,2755,User_362,User_50,3472507,fe80a53df07b21e29d9920af428164897264c3773a4caa6144d1e5705d3968e2,2027-05-10T14:40:10.828412,0,normal
7750c013-e1f2-4e4e-9265-edebcc586d2f,1517,User_153,User_337,1729651,37c621d3b2505085a7b501782c42e2c5d851fe391be3c7aa39ef1b77e5bb84ef,2027-01-22T01:55:13.828412,1,abnormal_price
04bf54de-5865-4bfc-b5b8-93b8b7a1304b,1214,User_13,User_56,1394064,53216d0e8f121d13ed326abdad69937b4cd91762f66183ec9ffc932456ec942f,2026-11-06T08:03:01.828412,0,normal
bf58aafb-3950-4d95-b170-788f0ea516f1,1857,User_277,User_83,4792821,7f90a7f03537366c3e828ac7461028a0daaafc651b52844d50829e7dbde74a6d,2026-08-14T12:33:32.828412,1,duplicate_land
a818d4fa-ff42-4ef9-ace5-9c570f299734,2760,User_425,User_399,2685292,4140e2cf0be66ee4c8f0199727e6bef509df97474e8393c012db2aedab4e3755,2027-03-26T17:12:47.828412,0,normal
ae06d49d-9806-4893-87b2-1f711bb975fa,2752,User_112,User_23,1197644,ca97d19563ed07975abb1de522027e038184883b6b5463d10546aa4cef2f309a,2027-05-24T02:23:18.828412,0,normal
14634307-a1d6-443c-9f77-2f95a3a4e327,1719,User_327,User_236,5530835,94bea97e339afcb08082df7a8c107decbd4c75cd72153b99108f1285b02681b1,2027-03-05T21:37:21.828412,0,normal
6e4130d9-7e5f-49df-9fee-1dc7dd48d629,2424,User_311,User_459,5296179,0a1835057dfe1fd422e3a8d5ec34782cc766c388f3dd67f2db5d45b526a4dedb,2026-12-03T11:24:50.828412,1,abnormal_price
1eda30e1-617f-440f-aae6-ab4629a4eff8,1870,User_34,User_251,1206000,ac4f4edaa23a6419e34803cab2fc1ff541a38c9de2fa236a6f864f89ef95d680,2026-12-06T18:05:06.828412,0,normal
e9d32ed1-4d36-4d11-82c3-f9972fc5e4f2,2340,User_217,User_398,673600,6259ad1f0c61db06e4aeeae0707f6d09d8e1bfec83d008c633538e2bc3204eb4,2027-03-26T01:57:28.828412,0,normal
499b6df4-badd-4d81-a582-d4de8af04aa8,2470,User_264,User_65,1004816,465114edf5cdb6da3daacc392a4e77e4bf46a768e8b317fe4f1b83bc8a4fe5e8,2026-09-08T14:03:56.828412,1,duplicate_document
12523037-8b4e-4fc4-a2ce-e1ddfa3cd2d0,1886,User_386,User_422,2393842,62b2f0383d801740604241627e3631fef771f58ab0922dc0240c14649729aac0,2027-06-03T03:31:06.828412,0,normal
a1f1c26b-c4e9-420d-9d90-1023e8faa0aa,2504,User_408,User_416,386192,758b8eeb9d8de77e57b176caba81c8cae9045848935c103c364902028ed81a9c,2027-02-01T18:24:21.828412,1,duplicate_land
3f28699a-b158-43ce-acd2-9c070e3827b4,2342,User_148,User_163,2048686,364598484c92cd02608bca27ef8b13140f11b3f871147db67de59d2bbef6a6fa,2027-03-15T09:05:42.828412,0,normal
af4b09ee-0bb5-424b-ac80-4e56e9c2510d,1306,User_166,User_12,2637989,aa6eaa99347c98181f35510b175e6b9433940640438665db33c69ef784e836a5,2026-10-11T23:32:00.828412,1,duplicate_land
f9f5302a-beb3-4e1b-b66a-cf632d2b5fef,1724,User_452,User_192,4726743,896956ef1b4f57fef43ed6359ddb0387f551e8261b076280d319680f0c26920c,2027-03-01T06:54:47.828412,0,normal
48358612-2eb6-46a3-8aff-00747821b812,1399,User_127,User_59,3114191,bc9b4315871bb75a1804f2b3e13a5f49a11729962ca42c47b09e2c60ba39da16,2026-11-07T06:03:18.828412,0,normal
7e99530e-a4c9-4cea-9e77-2ad875b215e7,2899,User_139,User_119,2535837,530d5c2db09b0f9301f917f1a1f8a9788e98b1072958c04267a0efb013b6d773,2027-01-14T01:22:38.828412,1,duplicate_land
abb61ccd-5479-4e33-9ad9-a737cb53c4ce,1640,User_398,User_251,1286136,039cd94b0e365eff9048d6c57b938adbb4d649b96ba099fe071810d38ea5f8b5,2026-10-01T19:56:04.828412,1,rapid_transfer
e3a93ba4-697f-483a-88fd-2562bb225656,2427,User_292,User_260,2175603,ffe6abc80c25b5c91d3cc2dc7a82369316a8147ac91479d24f3d61fad6993be4,2026-12-20T20:25:36.828412,0,normal
db67ccd0-8af3-4f9a-8ba9-595baefb2dc2,1710,User_129,User_470,2771053,c04e6b071b7ac69fb71348ff8035898fbd540fc7da0a41246bafb69532f60ea9,2027-04-10T07:33:30.828412,0,normal
cf42fd06-8590-4989-872b-d791c1148137,1730,User_340,User_379,3301434,d353494f4b6d092d90d0e1899337e437e9d6064bc5a9d043fce221e303a96abc,2027-03-12T23:22:38.828412,0,normal
9efd1d18-943b-416b-8678-a61a75a8e27d,2740,User_355,User_423,2843127,ecc68b80416db0172aed88af1885239f9ae8fa63c1206ce9bf6633ba0012b6d2,2026-10-24T06:19:19.828412,0,normal
078cb310-d25b-4219-82c8-fedf0bc68198,1661,User_413,User_12,1276501,fdb403ce78b81fae4dffe12e1f5ab64459bd32d6b162f0a3a1e694b13d4a097a,2026-09-12T13:27:46.828412,0,normal
8004be7d-3cbc-426f-baca-722eda648d9a,1410,User_224,User_2,371126,0e28dcee6b675b0c3fa66d2e0a4dd757d33b4c6339d495c5d50e7f9725fb35a8,2027-07-22T09:37:25.828412,0,normal
079b0fa8-27fc-436b-a44e-b92aa7a3c8eb,2346,User_179,User_272,2911803,1b42b030e3e22b628816b010b7ccb086ae903e34001ad3b8cb5cb0eb356faf65,2026-08-16T10:02:27.828412,0,normal
ce793a14-a01a-4192-9ac3-90b2563ce4c6,2735,User_384,User_286,577695,2b3a6f1dbc6a983fb68aea7bdebbc8eb296a52b4a458ad63bff3b9b189cb7396,2026-10-22T21:24:16.828412,0,normal
0e02e378-8a91-4127-afd4-5f8be086ce4d,2388,User_18,User_414,1243595,1d05f6942d5f0db40b02b9e319dc2d9da19b44a7820b9e5658bea31f1391d5cf,2027-04-29T10:29:45.828412,0,normal
838fb1f0-0850-4b62-b502-84d1d9779a8f,1865,User_480,User_305,5004876,fe530ef47642efb8f44ffd8061f0c69fab89dadf5d99de6b4934de16f42ccc10,2027-07-26T14:30:22.828412,0,normal
08bc497b-5b2f-4009-922c-b529edb6354d,2082,User_81,User_246,4250589,a9da87ed09c987c0149d0bd6778f579ad1fe4dbdcc5b6ab668476216ffd5b622,2027-01-15T15:08:15.828412,0,normal
dc1aba8c-c1da-4bb2-82df-1a470718fe2d,2065,User_75,User_164,5243418,6816a50ea25b2c1d302463cb914c0fcd56ffa2a0896770007503e4870afced43,2027-01-30T01:30:26.828412,0,normal
363c7633-e863-42c8-a5bc-69893ae3563b,1734,User_481,User_200,1642032,5b83c5784ef229a0a4826bd07cae72b8ee0d6dac43e8636666fd59e2dd0a0238,2027-04-10T23:30:30.828412,0,normal
6c47a2df-08d6-4a59-8f0e-46f81a0576b1,2909,User_456,User_225,1048139,92d41fe77c9a5d081cd8b35ccf4920bcb448102f9b7e51cd0dcc0e3c92e0212f,2027-02-17T04:33:39.828412,0,normal
62f32f68-1695-4573-9976-9c279ed80ee2,2829,User_467,User_347,3506915,5aba8ff823c29a052799ca029cffb4b76b6f981d291da8e122ff895a246114b4,2027-01-31T15:22:43.828412,0,normal
a8067652-20f9-4f3c-8ae6-d1bc77454004,1198,User_405,User_432,3681814,69c8058714a9ca8cc715c4b8075860b6f852624760e4c32cb913f07450db0a73,2027-04-28T04:42:39.828412,0,normal
c77b5e7f-ecb0-4abc-97fd-6fc528a7e482,1052,User_400,User_14,2398302,d12aabcc57c907e1b88d75b1ae69e811bb8111301ea8305df4b9d424f25bfb8e,2027-02-01T17:37:04.828412,1,abnormal_price
56cc5c01-3481-47e3-8625-f408042da6b8,2131,User_425,User_150,1983300,ded3bdf7d847a06a65fa0e2be3aef2e8ed45c0a0c03f6ce93f9237b13a7523a9,2026-12-18T05:20:04.828412,0,normal
86607229-0720-479e-82e4-aea66bde745c,1351,User_169,User_41,4841362,495fc20f6dcd4a0998e1c0333f47480e0258d6070db4ec9c472be1da16d8e1cd,2026-10-18T06:57:42.828412,0,normal
78336965-b01e-4f14-9459-c7405fdb860d,1077,User_204,User_53,31033385,8da1ee2b5f4f44e2a572073fb4351aece5a1a3d46495f94b49cb8f8e46c94889,2026-10-03T20:49:08.828412,1,abnormal_price
a708bed0-d405-4883-adac-6302d9662a83,1410,User_2,User_439,367189,0e28dcee6b675b0c3fa66d2e0a4dd757d33b4c6339d495c5d50e7f9725fb35a8,2027-04-28T04:14:25.828412,0,normal
973d0b2f-7a1e-415b-be86-5deb5f7450ec,2598,User_329,User_132,498132,55eeb5179ca456499396748a27222ed00882df1d6a22719520d97d36a3db7dd9,2026-08-16T03:03:08.828412,0,normal
21329b17-d685-4eca-9b99-4892e7e72b7b,1791,User_446,User_310,22269845,d6ab21056355c185ffd268bef307e30b2971fc28d9d40ccfcd372cd47244befa,2027-02-17T23:27:02.828412,1,abnormal_price
1a1e27f1-4d5c-4e33-800a-03309fbc474c,1844,User_219,User_28,2497860,e9453c54eacf126ddaf57c571c000c8daf04ce251980dbcb16a2aaa8d2a451ac,2027-05-11T11:35:56.828412,0,normal
c866db12-80d1-4c41-ab23-ec48d40d8421,2343,User_2,User_221,3835884,3426d69ca01d530036b122cbcc60ef88d59fefdf29a0a73a580532080b5fbd93,2026-11-26T00:39:50.828412,0,normal
93d0fbec-6606-41cf-8de8-8396fcc2a895,1263,User_319,User_261,2720787,53a971230645683c5c4e68df9a819d36d8f6c0e7c46af94446a2ca33a39f0f17,2027-08-12T09:36:04.828412,0,normal
312a616f-23a6-4150-b152-bf4ed2b7db53,1626,User_166,User_274,1749577,938d92acf42baf2eda21b7ba435fb474b3f77781df3c429b59c0cd95fd8cae2c,2026-11-01T11:49:10.828412,0,normal
7f57bb62-6737-457b-bf52-309484e01540,2495,User_148,User_188,1628191,00743fdb7c956f5f76c4b91360d70af7181a718371bc47ef56d736c6338dd36f,2026-11-03T13:14:54.828412,0,normal
260ff28d-274f-49e6-97f0-a9bf342c3015,1714,User_163,User_12,2392640,1d901f27ab850c7339cbf96ca3b5861cede83a4632801c4d2e655bccfaf5ed6b,2027-05-09T22:19:10.828412,0,normal
6535061f-8d6d-4ab8-ac64-904a1aff4ec3,2729,User_109,User_314,4419086,ee41ac333c4f22d2b3cea3f64822f2ba929476ecbec31cdff65229ce8309e819,2026-10-09T07:28:26.828412,0,normal
80049deb-da58-4b16-ab07-9d90b7dc5812,1104,User_206,User_286,1440831,cd846c14fc301b08384c2616e1e825c4d2110c7dacd8fe2e6bf8f89757211718,2026-08-29T23:12:06.828412,0,normal
ffebec9d-58e4-43bf-8519-3ee655a4138c,2234,User_9,User_104,2939978,b7842bc800b8ffa353dd24836a699ad87172a580b25d98874f6a3bae8c5df2a1,2027-05-16T11:58:59.828412,0,normal
a317b343-0387-45d3-8630-525ea3169f1f,1200,User_213,User_135,1330928,c1423c13a337a59553b73ef3dfe5bdeceadc7a31a10e496241a4ee8446c73e2a,2027-01-25T07:48:03.828412,0,normal
72ea9a44-801d-4b37-be1a-1b7f992b21ae,1038,User_58,User_101,3493475,bde3f8064734b86dc9fa52fa08d34c191192482c559df402502a93c483d0745f,2027-08-09T19:40:35.828412,1,duplicate_document
f268d916-297e-4789-9e5c-eb947b5a7285,1481,User_52,User_366,3659589,cfd6988aa71a5954b2011fb31b2d879d67c6fbc4a022a4474935da4b9141c0c0,2027-06-23T03:56:53.828412,0,normal
3af75d74-beb0-4e6f-a2b0-814111097dd5,1377,User_84,User_44,1619364,5f33d073d4390d2d065b18ddb39b5ae800b0af7f968385a8737f6f51e3f7a806,2027-06-25T21:25:48.828412,0,normal
ad265cd4-7383-429d-9cec-668a7e1508f1,2023,User_161,User_225,396435,071f532e296eb7a3366bbae8c5ba39dd1478af0822ef990e515cd7d91948bfd8,2027-05-13T23:49:49.828412,1,duplicate_document
a35084b5-7550-42b9-acb2-634114749064,1634,User_373,User_279,4752608,17f8df6d45d6877cef53235d7059908e2ff7bb90d472b8e9d0f2c5c5528fb6ee,2027-04-01T06:07:15.828412,0,normal
90b32285-95e4-4e89-992c-29c4d5f3b811,2892,User_144,User_343,3637319,f72b44e39fb2a0ba05539756a2506b6fa647e3fee84d324a01a93071746f523a,2027-04-01T00:20:29.828412,0,normal
88d95a72-f143-4cb6-adc0-2c731d74ee00,2934,User_366,User_135,2393451,98952eef94e488b6fe7433e3f5bcf8fc00289818501b93c612b18e923a411194,2027-01-03T12:08:43.828412,0,normal
9550ab6d-a410-40fd-aa7c-96e8b3436ab5,2644,User_93,User_319,4483961,5fed288acc6d07fbe9aec621708b9f4e66f9249e24cfdf1633951aac18526763,2026-12-05T08:21:14.828412,0,normal
e1aebd18-d91a-493a-95cd-5cb255a23483,2291,User_116,User_410,1103267,26403c29a7059169d80bc78fd5dba4ce9328c27219aac1da1005623b54de42b5,2026-11-19T09:24:09.828412,0,normal
b75f9101-aa02-4a08-9406-4ced99e3dadb,1650,User_259,User_276,4959765,23b4c8325185ff9f4d622cf5159c36e5ab68cf1f5ce0e8553ae44a225e2fb694,2027-07-15T03:11:43.828412,0,normal
648893fb-4bae-4f0b-970d-149404655a9e,1598,User_207,User_241,1157104,ff8c4654de3a7e1d63989c596a49833dc445f4c832291ec67243e26468e8bedf,2026-12-19T18:30:35.828412,1,duplicate_land
def66829-d788-4cee-8b0d-b347a1a52638,1495,User_140,User_147,1127396,1ffefbe3c62095a84dc7b18b70eb595205da700a86d5f78ce8531435ca30765c,2027-06-17T00:18:46.828412,0,normal
c9916f58-312c-4bcf-94de-3b1e5f351b40,1318,User_54,User_100,1225543,0d8ec0b28937fb0acfebb85d4c351f0dc5a5e4a50c96d1e05bc4e4fd2d9aaa1e,2026-10-13T23:13:59.828412,0,normal
8a70afc5-ff9e-4db0-9a5f-3ab1cb222546,2988,User_237,User_384,3326837,643225e22ca31df6afaf6f6c7590445d6ab9ae2b87f55582f6ff51a04a9942df,2026-08-30T17:18:22.828412,0,normal
9a91b8bf-6b20-4b8a-a2ac-cc3a931e9985,1466,User_156,User_466,2758668,4140e2cf0be66ee4c8f0199727e6bef509df97474e8393c012db2aedab4e3755,2027-03-25T04:04:41.828412,1,duplicate_document
3f07f106-24e3-492b-b419-91279271b493,2636,User_264,User_213,4367466,e93787f4607b33a3e5e3d8256cdf6a5f4944901b6132050dff2df14dc05f3901,2027-04-08T06:50:47.828412,0,normal
b2587dee-646f-42b9-92ec-b7efc4a106e9,2660,User_410,User_71,1549931,842a1838f01fad0c3688c0b37a15cd78a8f43e83d2297485c6db03e68e34f2f5,2027-07-14T06:57:46.828412,0,normal
35d26f94-27ea-451d-a75a-11be53ca505a,2916,User_108,User_35,4773864,c31927663dbe77fde4af25c064e19d1d04819dbeb60b965eaac8b3459ff54d65,2027-07-30T01:36:11.828412,1,duplicate_land
07992d55-d3c0-4e52-97c1-920be6574c7d,1181,User_410,User_198,4538720,45a675def3054984e0db2b2cab82f9691e8b77cc8bafdfa5dc9daf00bdd99167,2027-07-20T05:59:05.828412,0,normal
7ab379ce-a3db-4e16-a357-c1fc1b220f9c,2376,User_269,User_77,1884042,d857dcb8556d50b1cb526d00ebfa04616fa3c9ed6730154b8dd17787c153d18c,2027-03-31T02:09:58.828412,0,normal
a306f8fa-0eda-4bc2-b61d-df06c05dbdad,1695,User_453,User_154,8344,e4946f1e2f0d5cfd2a3436a68d4faddb0740844bee1a7e1503830c6c17fa0c7c,2026-09-05T18:36:49.828412,1,abnormal_price
1bc18f94-f49c-4454-87ac-0e6aa72ea286,2035,User_15,User_385,561662,8f0abf3d4c412729f9111758b6fda9de35598c6c7527c304d05dad957b866ff4,2026-09-30T21:03:36.828412,1,duplicate_land
bdb76964-e2c5-49db-997e-01e55a0f4b48,1130,User_154,User_228,4264402,7824c05101760935bd3b45cc91861801cc3a19c5ad9d562d56af5b31a4ae6379,2027-01-24T20:06:54.828412,0,normal
8162dd23-bc99-4300-b21d-e190618798ae,2369,User_212,User_320,618863,4771a12979bff70b2362f155a7739ddee5a797c2f0fc5bb7d747f287f09a2f2c,2026-11-16T10:06:16.828412,0,normal
efa258f3-2135-4aa9-b7b9-64a719100018,2258,User_7,User_209,5414753,3257f1179ade3d7cb9c6cca3e8c9cdb47ff41cc884b60b3159a5da41870daa1f,2026-12-23T16:16:20.828412,0,normal
94effa1f-fd03-4032-847c-4d6b007d9b74,2014,User_208,User_196,3837840,8328bf63763a37bdacaac7c0b2eada5c0d63861dc5c0a250bff58c728bde40e7,2026-11-20T07:38:53.828412,0,normal
a5908ea7-12d0-48db-8eed-82a2a9e560a3,2711,User_472,User_489,1423668,aa13a14b51a4d13e01c4aaf87f0fa47f6db483588606bc14b54b27336fd19ffe,2027-04-13T10:58:08.828412,0,normal
2dee5a3c-956d-41e7-a6e1-b00261b98ead,2445,User_377,User_400,5384964,3b6cedf9bba18d429f9ba574f6a72a544274b1641e4d5fc53a523ce7d9e39c77,2026-12-18T07:20:05.828412,0,normal
9cbbd4dd-7e3f-419d-835b-821529f26248,2627,User_308,User_379,4521350,341728263451ec117703329cc82850bae114dcd281e1cabceeccf7cfb2793ef9,2027-04-15T20:26:33.828412,0,normal
315510d4-dfa9-4905-aa4f-a33dd79bafae,1495,User_147,User_135,929502,1ffefbe3c62095a84dc7b18b70eb595205da700a86d5f78ce8531435ca30765c,2026-11-06T02:41:09.828412,0,normal
ef929890-d291-45c6-97ff-2742a63cb2d1,1852,User_258,User_314,4011117,9741776ef77afe62e7c82faa4f0686ad06809ec58fc5d92a076242378d47b1fc,2027-07-04T17:41:04.828412,0,normal
b590228a-3b9c-48f2-bfa6-721c3d3e45bd,1794,User_144,User_474,5065574,52043e0d5708d8171595b759447ee4fb168d671d562d0f6dcf909a7a3c022ea7,2026-10-02T19:41:40.828412,0,normal
f6a58e8b-bd2b-426a-9b04-d83722f3ad37,2641,User_257,User_489,5123242,91d820084090d0c189e93f4fa4c5dc65c25e6805716bcb7231171f40db9212ea,2027-07-19T21:25:04.828412,0,normal
c2d3f7a4-ae00-45a6-96be-559095492d60,2439,User_442,User_96,2874567,72c5caebf58fa70bfaf100f0bc4223388b9d174416a1db45830c5d58c18f34f4,2027-04-15T00:20:01.828412,0,normal
6090e985-eb4d-4fdb-b7f4-1fa42ad86950,1387,User_431,User_192,3958996,7c66e01e227aba098694b798d341366bbb6c369e4332fdaa8456299884c7ee52,2026-10-29T15:08:08.828412,1,duplicate_land
974c2021-46fa-44c5-a6ed-faeff337aa51,1117,User_248,User_164,4843022,0f947f56eeab2dc4aa66933f05226d48e94188f6ef7bbf9c5a0fb995316bec4d,2026-11-09T08:50:30.828412,0,normal
a7bb1bb1-da57-4ad4-9af2-61e96689d356,2996,User_154,User_441,3458077,afdbb47df453bfb5200b5f1377e5b17d6d45ecd7954082f6de2e7f1204dedbbc,2027-06-23T19:29:12.828412,0,normal
78d6c235-56bc-4caf-8598-a845d578b6c0,2718,User_220,User_337,1396563,f25a493ca42e2b180bc4d460e5a5f4e1b9ac6ce179ee16c51c7978f5e655cd3d,2026-10-12T11:01:30.828412,0,normal
0efc5271-ce75-47e9-96e2-ddac915f0695,2668,User_286,User_500,4312808,0467b626196d52a6bb47eee6a73cd3450e948c9ed3d41573af11b10fdc487aac,2027-06-07T04:44:30.828412,1,duplicate_land
111e224b-2540-4ee8-a9e9-4a1bc87ab04f,1097,User_236,User_181,2595856,97a81ca0740d0465539f557a27495786b12abdf26de34ed035635088761a1ca6,2026-11-24T21:14:45.828412,0,normal
04adc487-9be0-46af-b276-9c75ddc11d84,1957,User_483,User_171,193922,acb088da2377071c8cbe0e592f6f09ede8a3fb8a2c6bef2e7d7ff4da38af17af,2026-11-01T12:12:59.828412,1,abnormal_price
ca814e70-fe9d-45ee-a2c6-c4135d7959c4,2519,User_359,User_409,3707216,9ff8cc9a55ca630f63b00f0b13eb882166616ba44e29e9abbc19597613db8371,2026-10-12T08:21:56.828412,0,normal
82eaf8ae-59b7-4545-b6b9-a87c60671a11,1936,User_184,User_451,5289606,9ea31b187022bdcdeb57f7a4150fce1260828bf363a34a4dc83e537f1571b3c5,2027-01-21T20:08:16.828412,0,normal
ef3029f8-318d-42ff-aac6-c5ea93eaac3d,1143,User_246,User_333,2215919,a425009f894584e0f67474381cd8f4e48cbb0024bbee0893729c833dc93b1a36,2026-09-20T09:01:24.828412,0,normal
3f9e79df-ce85-446d-8cee-685c39ec730b,2207,User_223,User_285,19065882,cbd5773dcb3338177f09aafdc49ecbcd57a9ea2ac4f78ab3fe26b702fb8f8e74,2027-03-25T17:02:45.828412,1,abnormal_price
c4642a9d-ff39-4c5b-a3f7-e866ed49d6c1,1106,User_178,User_295,4460128,ae2f46d755f2ab01b04e9e3b4f6f071a6dcce08af5d742b84518d7c53cfff2c5,2027-06-27T00:26:24.828412,0,normal
03443494-8737-480c-9755-06eb91728489,1318,User_100,User_487,1181415,0d8ec0b28937fb0acfebb85d4c351f0dc5a5e4a50c96d1e05bc4e4fd2d9aaa1e,2027-07-20T19:13:14.828412,0,normal
08edf7d1-9c3d-48d8-a15f-17f536e4a34c,2385,User_413,User_434,1454515,7cd6906403747e8d058fca13c17c50a307e85a6632f5e151def663dbb7f71cbe,2027-06-26T20:08:26.828412,0,normal
3e40e66b-f255-44e0-aa20-47b26e3ffe8b,1208,User_35,User_279,2128762,5dd37eab8574a0a8625b7ed6905c6d6caf251d373c1bed8e120e7d62f55f0cea,2027-03-13T04:26:39.828412,0,normal
31225936-7e87-4262-8dd7-5e5574fa3243,2766,User_181,User_117,3745001,f28ae11f16c89f080bad3d483f5d1f4900ab53c709de644f441826bfbe6c41f7,2027-07-19T21:48:49.828412,0,normal
fe403d35-9559-4f92-8de4-bf1dea1f5a3c,1781,User_347,User_268,4592361,e02c674c1dd80058de38566d5c73b3f201f4a3e37eae23b9a013eac8359cf719,2026-08-16T05:09:32.828412,1,duplicate_document
99097c57-c614-4b5e-bc18-e3c99be32abe,2714,User_108,User_225,3634699,c3e4d78f554d99b79ebbe6cbf6089973a7d1f0752977aa479e26d36ea5314220,2026-09-21T20:47:44.828412,0,normal
7890ae94-2757-4787-a511-2c644733f3d2,2517,User_92,User_349,38609175,65bfc06357e251657252bb62ee9e685931462df9d0cb6296e6ae1513d39e61f3,2026-09-13T01:00:48.828412,1,abnormal_price
cca3cf03-93e7-4840-b086-56266f56273d,2379,User_389,User_412,1865141,5380cb1598288525939e5bf78f04d1e7649316d38e8b93419338d0b6dcd84603,2027-03-19T15:47:09.828412,0,normal
88265c2a-0fa4-422f-bc89-7e0446a0e22f,2492,User_126,User_142,2140734,165dfaf74a3309b7f7e27d1bdc552a7d02d718780b504d2f64db1a5f44c657e8,2027-07-07T13:41:26.828412,0,normal
aced9970-3adb-4a16-9165-6bb3fe28dc53,2104,User_309,User_80,3564257,cba611337a868234c8d7c2030d90d63a9ead3b70fa9794a7b824cb1dd7e721ff,2027-02-27T06:48:03.828412,0,normal
e1858fa8-7e59-4c63-9701-feee067bd465,2298,User_477,User_364,573193,be4909bfd1d21038956b5edb34b3529434ab8534552fe2e42f888e324776ab2b,2027-05-04T09:29:00.828412,1,duplicate_document
8ed79430-352f-48ba-944d-4a284a2808ba,2756,User_422,User_16,4428461,60d9f84cad6bd3876ad1cef95a4277437d7b0dea7a456b807e92bdc77d8c32a4,2026-10-11T04:05:49.828412,0,normal
b51607b7-75c3-4d49-84fb-11d0388125a8,2237,User_255,User_484,1883068,da91fd3dd288ea703991205c3952bb209020c88536c4609c3af43f4e3849f160,2027-05-23T08:19:27.828412,0,normal
09dfe836-d116-4bf4-bd74-6977e1ae1302,2390,User_65,User_296,487950,4a9eb60f70c52e230d06815ea58de4f6f86db92ee3b8af4452b9532c0cd2279f,2027-02-11T06:38:29.828412,0,normal
a70ddcec-7a38-47a4-917b-f4566784a62e,2834,User_252,User_268,1319497,460f61a80ca098eff67071a36f8dace6daf17f356638436fe01f5f1a5e744213,2027-06-26T06:50:06.828412,1,duplicate_document
da42f8e8-63b5-4c44-a988-aa573295343a,2744,User_72,User_120,593508,f3dd7aca603a9b2ac386ab7738a315b77c3b5c278102ae4edea37b1885ac6a61,2026-10-18T08:50:38.828412,0,normal
8a47e155-a908-45c2-9c38-943c2a830a5d,2864,User_93,User_425,400558,33e25663073a31b9e25f1e74aceef362a6c45a83723cb76f6101c51a5ce656f4,2026-11-17T06:57:43.828412,0,normal
28f9a14c-1f28-4c88-b90a-6f28988cecaa,1032,User_28,User_404,5732742,c8137556d70cf7689512333db28c0076eefb76d5dc46c5155aa172d039a71081,2026-12-04T02:33:44.828412,0,normal
406918b7-d720-4218-b23c-41aea35477a2,2650,User_174,User_20,726929,dc2bf08eb94964150fe423f872375e5dd9480fef1b871eb1a2c5b5a6234e7bb2,2027-01-11T17:18:59.828412,0,normal
9fc1dcbb-ceca-414d-baae-8fde471f64df,2831,User_461,User_121,1022627,1a2e8b55baebd3e40930b91c50f546f52bdcacd3f16cf2e152a9288bff35584e,2027-06-08T10:11:07.828412,0,normal
a667ec65-9733-4750-ab08-f54ddb5beb31,1433,User_6,User_439,3321289,f8ca00b886cf60a35c8e34b897b0b9821ea89e44b1e5aa006f8e5f3fd57bc7e1,2027-07-29T13:55:38.828412,1,duplicate_document
379eb249-b19b-4322-9654-548c2692881e,2583,User_201,User_283,3568198,1d00ddc4fb3c9b3924b819c96029ca0645327701cbdf442134342a7ecce41b59,2026-11-27T19:50:23.828412,0,normal
cd4dc42e-eb6d-49ea-a7f8-7ac8bb581aea,1924,User_29,User_93,4114091,a50920d7c7eb53c354768596103476905a6bc2b92b22f421ce8a355b2dbf4855,2027-03-08T18:40:56.828412,1,duplicate_document
b4d202dc-c031-45e7-8da9-99699d34f8df,2615,User_434,User_132,1771440,5f546443ccdf6df48d7dd7e2b1e75487efc6dc731279fae3660f184b29f80b4a,2027-04-02T05:10:23.828412,0,normal
26267f38-6666-40af-b2cb-b8df75d626a3,1465,User_439,User_76,4207101,5842502a3d5bc749cdedd595bf5aefbccf43d3ee7e0c88fdf80a9e3cb6182569,2026-12-27T01:26:52.828412,0,normal
8ff52ea2-24ec-4188-98fc-36e2b2a01905,2001,User_95,User_331,23224630,5b4d1c39dd6fd073f9f6a24b4fdb4113af8cbc9bc79b8af623eb6eb78d1eaef6,2027-01-10T05:28:26.828412,1,abnormal_price
ff889753-2684-4a0c-a4a3-dd3944e16236,2477,User_165,User_420,1264111,0632ba640e4f734673294c851bcccbedd31225abfecdb254b206b8a4c3c2d400,2027-04-28T21:49:57.828412,0,normal
b117d1e8-8f23-4d98-9a03-3e1666af6614,2560,User_176,User_60,5304718,55421496812dcde0167da2f16b9a24c9f90a601a30a4168d4e39071dfe80ccbd,2026-11-11T13:08:11.828412,0,normal
5d21a927-bb46-4ca2-bf84-ad58f28fc331,2089,User_146,User_340,1939935,893de031795793ab179693971d8cdb38eaa1aa7ffb571251fa226d2c21e5428b,2027-04-17T22:24:23.828412,0,normal
cfa9c122-2116-4046-9d6a-454fd4b89720,2764,User_13,User_111,2321016,f5ced12a3b29e76a23e7c2c672f3f1b17c1f462e7076c8bd22feb8a5aba2dfac,2027-07-31T04:02:42.828412,0,normal
f94f9fcb-5612-48fb-b155-33314c12c38d,2387,User_458,User_382,4862044,998cd69c0d35a50efd92dcded1610543ac65de3d87dc0af6580f54faf2d3faf9,2027-02-09T01:21:31.828412,1,duplicate_document
4ab5cc97-c72f-465a-acbe-d153ceda5760,2178,User_461,User_283,401543,29b28eea402a221827d13987e2e049106039981d3871bbd3ce345f9fcaf4d222,2027-05-18T11:31:06.828412,0,normal
5e93d3ac-ca39-423b-aec5-b541468da182,2748,User_191,User_63,797381,f630f97b0aa9a6f7bbff25c59fb018d33bfcf4fb3be839293d4d6e7e7d6e359a,2027-07-12T07:21:33.828412,1,abnormal_price
7b24ab41-d327-476b-bbb2-97def2508ee8,2371,User_279,User_16,486786,e25c6cc05f973cbd30a282fd228c8289ea398fa62bccd019ae33b8912f12f5d1,2027-01-20T22:36:49.828412,0,normal
73a03002-073d-410d-a563-35e7780ce859,2098,User_442,User_114,4125276,954b2a0c1dcea6223b17fcfded97a1eba23d1812388be80d04474bb5eeceaa76,2027-02-05T10:44:54.828412,0,normal
fc7f09b9-a275-4fd4-a69e-8eca698d1cb0,2129,User_339,User_59,1626980,e3ddf9e10047a5b485c55d830ff3548e1cc01dec963e56c4a3fe8ca7676495e1,2026-08-29T23:58:56.828412,0,normal
69cd748a-cc7a-42e6-9365-acc6e351eb8a,1135,User_362,User_83,4560245,b0bebafd313c187efd4adcb83c6622c28a43c742a7a3b12d6903862341acb909,2027-06-05T18:07:29.828412,0,normal
fe0f1ad8-85b3-4569-a17b-771b8e2f5dbb,1394,User_365,User_281,832229,5de20ff7b5176e021ced7073b3bcb8f4067da7e28d812db7fb03a675ee9e3a32,2026-10-13T13:02:38.828412,1,abnormal_price
004b3ba7-c236-4fe9-bf0c-a68ad2d6621b,2865,User_307,User_154,4482777,de81c847e62a9806c15391d1d8128062dc859127ce0ce82d10503039fe018b42,2027-07-28T23:53:31.828412,0,normal
e03ed309-53c1-4799-9004-12337f70d82a,2118,User_247,User_462,249142,769ffa400744f2d0fc3a736f9b139975ebb1ced086884b555af0b73f12a9969f,2027-01-12T06:16:50.828412,1,abnormal_price
4dd986a3-c55b-4a4e-ab20-2219fe8f2d44,2608,User_333,User_210,2456069,0f9b701da556a5d3fdb96a30d67d06d6bb8233db0dc056dca7a1d051a6bcb5c2,2027-04-28T05:35:52.828412,1,duplicate_document
042cc668-6279-477c-abd3-99f35c1e8a5b,1146,User_475,User_114,4360552,dfc84838599e6f124fcd68fe5ed252c64aafc40bcbaf41148787b51cc6a9bafb,2027-03-25T21:34:23.828412,0,normal
eff80008-a6af-4f99-b243-9e38c26eae3e,2141,User_233,User_418,4397224,6ac6f6b2649a5e1e5f687a81350bac2c2cc4be56ff21c03f1d8055ed40821a64,2027-01-04T13:03:51.828412,0,normal
7732ad16-eebe-414c-88f0-904bb3da817b,1387,User_7,User_185,4222037,76f8594f67cb4282e6119cb3b3428ab01078d5b7f8c4962dc7d03fb05aecda06,2027-01-13T04:03:53.828412,0,normal
f66fa450-92f2-4721-939b-3d3380c0f5bc,2951,User_478,User_382,482268,288108d0e74742fb7e962873e87722e88b8baa078446ba425cfcd5fb47662b47,2027-01-04T01:55:15.828412,0,normal
5296b3f0-12af-45f4-873d-fb8f5f84cd4a,1254,User_64,User_88,1758575,273fd9f93ae292181b0975f18538bb2325ea4208b5595062b415ed3844ba025b,2027-02-08T15:59:35.828412,0,normal
a937dcda-849b-444e-b357-4bf2b36732d7,2491,User_241,User_456,1026096,5286567dcfce9f80b5ad7a0587fe05683a5920df5b65cf6356f0a6ffe877cbeb,2027-06-08T09:08:15.828412,0,normal
87f2e638-0d82-4ef0-ad92-5cd609d2e9d5,2460,User_144,User_60,3610505,697bf10b86f351818c57c4df36ef359078be9c8ccccf3a8bcdaa3bb8866dcbc9,2026-09-16T07:10:05.828412,0,normal
aab78d00-ba15-4769-b38c-cf3ed1a1a1db,2026,User_92,User_263,4001363,b3370f1266bf41d7085343b6f79cf167ce606ea9c4fddd80ad7063d4d0a1b6ee,2026-08-23T13:32:58.828412,1,duplicate_document
a9dcc968-4887-4f63-a32b-79c7bc90d02d,1037,User_342,User_109,998706,bd56c3f21bc51ee7646f9745c8f000aecefa28bbc8e9b2b98880490af93c1f31,2026-11-16T19:47:38.828412,0,normal
ca45ce86-1f6f-4d57-b172-62ae37630307,1192,User_170,User_230,1050762,2e78f1fc7e614c6ede8dd15a36b24d4cbe7ade4f5d59155a32f3f4371e6e68b7,2026-09-25T15:58:12.828412,0,normal
c8bb8f4f-16a6-4215-8708-5767d1d2b7d2,1562,User_165,User_20,2153159,241bb97ee77e127211dde247168a63de66a1be08f9cd2ccd7918afdb6ea07bb8,2026-12-01T21:41:39.828412,1,duplicate_document
be89854b-243b-4123-abd6-c15177ef2db2,1748,User_477,User_437,2903978,fdf26febcb0df3344d3b92e2150b960605dae4203e8e7f07ba83ce323645a007,2027-07-24T02:42:38.828412,0,normal
f6397406-ebd3-438f-bdf0-6025619359a2,1426,User_443,User_235,3639871,a540e07b8ffe963ab523d5275eaacfad56901f6791ef92e2d1b37a91395ad402,2026-09-03T07:54:26.828412,0,normal
d929e017-f92a-46aa-85f3-a974811bba6a,2477,User_420,User_456,1033473,0632ba640e4f734673294c851bcccbedd31225abfecdb254b206b8a4c3c2d400,2027-08-13T16:02:09.828412,0,normal
0922f2fc-7993-48d8-96e2-da4ea79b65a7,1048,User_126,User_300,2047027,ecfe3e1bcc2f54f470b2f8ede7dac74ed604b05e715a50440c2b6f3306fd9f18,2027-01-03T15:26:03.828412,0,normal
551e7f55-2004-4956-9bcd-c53f1253085a,2299,User_317,User_238,3179499,26d4f411fdce33fa0837d8298e0988a18001b84963a2ac6668655a3444d6696c,2027-05-18T02:58:19.828412,0,normal
dd57cb16-ddc8-49c8-b0a4-6cb6a2eefe69,2821,User_467,User_488,3602250,c28d358204baac4c122e106a42fbabaf7518185dfc8ecbd1df0d5adda78a4080,2027-03-04T01:58:31.828412,0,normal
a1693a33-ac6c-4f6b-93c0-16b8e3ade8ef,2500,User_31,User_36,1932891,54c52fb604c4d9b5060822c0e25705ae79ad3b3feead632d6a5e5d07589f36d7,2027-06-24T21:31:08.828412,0,normal
78588928-6680-4056-959e-6378203f47a4,2823,User_452,User_288,2759742,e21e893793471f45a636cadc62e0ad8b5cd8e81f569dfbbd9dd698075ac11f44,2027-02-10T16:17:25.828412,0,normal
7aafe569-8d95-4870-bab0-906b7d0270cf,1991,User_86,User_404,2089970,64e14c96db8454a1a2e5eeaad5758bb7b24c9e1e67e807f6cccd669437b32934,2027-08-02T13:59:43.828412,0,normal
ad900b43-e33e-4da2-9102-b71b8db0bbc3,2234,User_104,User_121,2646717,b7842bc800b8ffa353dd24836a699ad87172a580b25d98874f6a3bae8c5df2a1,2026-09-27T00:20:07.828412,0,normal
4d52ba46-c518-44e4-808a-7ac8ebd833ff,1101,User_453,User_378,2753918,d87e7caff9e4bd89b38ea324c9bfae021e482d5a223af6f123674292a3d581d6,2027-01-01T17:33:10.828412,0,normal
5c03f89a-2f86-4975-8b0c-33d6da3238ca,2805,User_173,User_44,1570226,35e57b276e13468ff5dca3d1b9905a97184cf83ff6b62da47bcbf71181135c4a,2027-04-19T00:11:33.828412,0,normal
e15baa56-3913-4fd3-a252-df4064b0facb,2135,User_14,User_201,73354,e2940e886ce6f597c9d4fbd6f04ee3ef5a91e23095dd2078a6cf765c71debd28,2027-05-17T07:10:36.828412,1,abnormal_price
12ad8c4b-bbea-4f94-8831-8c1d3649c0d2,2725,User_310,User_319,1163800,dd57c5677da8bc55bdda407410acdfa2fc89864076a9e251ccedd309238ab2f3,2027-06-28T03:24:42.828412,0,normal
ea59c469-d06f-479b-a92d-5acf29a5485f,2229,User_13,User_398,3844757,68250f70a4f6c58c880af1488f7bd7323fc5878bb405d60ca257b565dc3df606,2027-08-12T12:42:09.828412,0,normal
b3484e73-5147-43c0-aacf-190810ea410d,2532,User_160,User_455,392879,bfe0e178c37044830a460784310114e9faa0724c8ca4d8491c03201666cfa08e,2027-03-23T04:44:23.828412,0,normal
474b78b0-6ddf-4884-bd90-366cfb6edc4d,2109,User_158,User_443,2669650,ef56d1d58eee64be0628f90446094d5e8c1eb9ba2b98b9bbd7dc9add6684743f,2027-06-06T01:24:04.828412,1,duplicate_document
0b502cb1-94d6-4869-9233-102f06ec2b33,2383,User_499,User_321,2560615,df6998e0a0b07816fc7ebda5aff24dacd47fd8deff360d9e2d44653ec822b8b2,2026-08-28T08:02:13.828412,0,normal
4674ec78-766a-4e3d-8a48-f280f0488744,1452,User_30,User_167,4541062,d99ffdafa423c31acbb0831fb72843f16861ebed8e2de477ce72a2a3ce58a1a3,2027-07-17T11:06:27.828412,0,normal
1ec2f0ff-b07d-4599-93f6-39c88cc33404,1555,User_221,User_303,1660884,5cf859f92e7b7207029005e19470d24b59b528a8c3e75e9c4d6d9eb6d5a93c43,2026-12-16T10:00:27.828412,0,normal
40e4e10d-a39b-4ce9-a198-eba050ccca85,2778,User_108,User_157,3021115,53db0be38347856953c0d5973f0f2b56032bec63ed4c9ecd725e7148e599fbca,2027-07-11T09:45:16.828412,0,normal
b3415178-831c-4707-b688-7640cae422b6,1696,User_169,User_162,1958237,7cfb6fb1623884eb7f960a88dd6c3066343a16a651dbde4d7869c05c3eb31150,2027-07-12T07:25:21.828412,0,normal
8ff8fe12-e5ea-4174-9392-502fadab9f15,1611,User_270,User_405,2745856,62ed5ee141015eab1812d0a83ba35ce18e1cf4ff1d52da815f2f685cfb50ebb6,2027-08-10T18:26:07.828412,0,normal
fbe8a93c-78d4-4ab2-8c77-d1471f02e1df,1134,User_305,User_246,4946336,77b9caf0e1dbeb97dbc8d5a5b41b91d77c09b403d8cca4a3d2498edf5d4a7663,2027-01-23T08:43:14.828412,0,normal
22812dcd-3622-4d72-be58-b1ec3be7672d,1942,User_417,User_451,3597732,ba631539fdc4270bb6d81b2d3dec3709d76bf32c2e6b2c109fdc6f1f3b6ae70b,2027-04-19T10:00:57.828412,0,normal
f9ff1a6e-f209-43ea-9e79-8882a16b6ad0,2573,User_146,User_106,5319438,79d8329bcdf855a260c9e3b27f0e7887a3747dcccecb1a749d14cd1c2677fe8d,2027-01-01T08:19:31.828412,0,normal
79021ac0-4956-4f8e-8363-6f951fb196c2,2913,User_138,User_267,3687377,910ae39d8a36f40e34c7215cd496a6edc168e17c5c07b4ccd2ecb09dcbaeb9de,2027-01-15T01:47:43.828412,0,normal
ee83526c-4807-4632-8643-2bc1b478f984,1613,User_204,User_480,2648750,380ebe70730f69fcad82ef6ea3da34f07f800705a898fc5e11938429ab0b6caf,2027-05-06T21:40:48.828412,0,normal
7b535e1f-b087-4622-b859-0ce070ea13d1,2145,User_71,User_270,363359,7610ed09a75599f4120f10574cdfea7a30a22ac2c0a1ef2fcb3b7bee7bb3c5e3,2027-07-19T03:17:10.828412,1,duplicate_document
9b0a9cad-78f3-47a3-bac2-5d129335c5a4,1894,User_228,User_261,4826598,2e5bb28f53147741b6418c4c56b734d4c9c4de914bcdb12dc3b94a44e23246a8,2027-01-20T03:05:10.828412,0,normal
c5aa3ea0-044b-41ea-8863-42ec1fc7e509,1486,User_159,User_72,3171716,18bba5becfd1fab31709513909f500c0383e0b9c3b0299e1cfad95cf65e405d2,2027-06-27T07:55:20.828412,1,duplicate_land
3261d5a7-a9f4-44c4-a170-c920b1ffa79e,2085,User_497,User_7,4617032,8854e9bfc6836859483245b9128d09732b02f8c5ec71bfd1d0ccc014a432bcca,2027-04-10T22:35:59.828412,1,duplicate_document
2460b883-ed49-4e14-ba2e-f76a14f44c16,2185,User_51,User_194,4729219,6777c29e7705bc810509eb9bfbcfa83bb3d2b638e364ba986164abe5839e7322,2027-04-01T13:56:51.828412,0,normal
7ff39e6f-6f36-4452-954b-2b668f400072,1362,User_30,User_275,2684065,72f36342baf164edf15a8aefdf6f9fa47b84ec162c62e90cd318e77857273313,2027-07-08T12:22:41.828412,0,normal
5620b276-cdea-41d5-a93e-8d42a41f750c,2797,User_181,User_285,3033025,4984f30effd16c7f709dadcd401cad7bcc4aca268df88c709ccc14ef87ed62ac,2027-06-18T13:13:43.828412,0,normal
3cb54ef5-066c-4a22-9bd9-c9eecfc61a62,2119,User_407,User_302,668502,26ab12ab1e6b116423314b8fe182cc3e47dab3208582352cb7dd4272e63e983d,2027-05-23T17:51:41.828412,0,normal
023a57c8-a112-486f-8a68-048dbd9349f2,1568,User_453,User_118,4032303,43c9182d36dec12c0d8a2eb6bbb8a47ac235280c8a5109d5c391b1d25b91a996,2027-03-04T05:29:37.828412,0,normal
d572c1f2-19f3-404b-9cd2-cc080fe98fc4,2641,User_489,User_40,5004270,91d820084090d0c189e93f4fa4c5dc65c25e6805716bcb7231171f40db9212ea,2027-06-08T14:09:40.828412,0,normal
cdec0b47-e8b0-4234-b698-156be8154740,1337,User_157,User_493,1260346,126169491782ba5d8cc6f0fa30de3067389b40d0f57e5f00dcbad563603cd2ad,2026-12-31T12:47:53.828412,0,normal
1e564036-a2c2-48b3-a0c4-0bfbba0d3589,1958,User_379,User_464,2643266,160db44918e39653c3e9e9f6826269d4015110fe659fc92f1316fd355059b642,2027-08-04T18:21:19.828412,0,normal
9f1a573d-b15d-4a37-8c53-85f67fb46d4a,2350,User_387,User_400,5023013,67622b1bf0488bd7a4e3db912bb30acd7f1607900e405c2a72e14707206eae6f,2026-12-04T15:45:55.828412,0,normal
6ea321c5-bba7-4c34-8163-b0a953ee7b73,1913,User_455,User_432,4769894,cb7a9fad9c04f48ecd89af633658e64f018d6dc10e8ffe3c54c63924ee9d88ca,2026-10-12T03:37:46.828412,0,normal
c0fe5f29-ba3e-4b38-a712-631f55153302,2014,User_196,User_189,4434011,8328bf63763a37bdacaac7c0b2eada5c0d63861dc5c0a250bff58c728bde40e7,2026-12-16T17:07:48.828412,0,normal
a991c9c9-4c07-49d9-9213-f560f82c05fb,2936,User_74,User_360,534236,f797f59635ae90b647770844fc58aff46677a7a916de3ddb5502a8c2e199e2b0,2027-03-30T12:58:21.828412,0,normal
31ea52f9-a6f8-4084-9dba-afc9d8799111,1702,User_281,User_339,1868272,c3c0c66a924112557376feb4de1e5e84628dc1461196db9a347de2d3783f99df,2027-05-24T00:28:01.828412,0,normal
11f62cfc-50ef-4be8-937e-54f686a859d7,2425,User_189,User_4,382689,6bebf350d077a9d9497987b3d76317e587f26f0c8495f3065cd23cb3f762933e,2026-09-18T19:29:58.828412,1,duplicate_document
1e83eb15-8aea-4330-97ee-2fbb2d819d52,2298,User_477,User_189,4447553,c68d178008c93168bdc46c283d87623cb8aa80868e86941ec2540b6fbbd1a726,2026-11-01T20:09:23.828412,0,normal
12e73197-225a-413b-86d7-aa8316d95ae0,2941,User_41,User_8,4880752,39b80f331886ef24573ce3de1126dea76bb43d50d052a85f178ceab19efe7c4b,2027-08-09T16:17:41.828412,0,normal
5d3c5382-409e-418b-b85f-013eaba87f93,1291,User_391,User_422,497810,8177765d11696356637a388141117f31a5e577e2452961eb2a054a6086ad985b,2026-09-25T07:45:51.828412,0,normal
bb423b95-be7e-4a86-9276-5aaed52ba80b,2310,User_421,User_449,2398565,e39e7969f311d8c1179116e9a66979edefaa24137aaee9c92995a246517cef66,2027-02-07T10:55:28.828412,1,duplicate_document
f2d45b84-93ec-4e5d-965c-06c3262aeadf,1329,User_37,User_450,488189,9e97451d46fceb5c61ae1cc2803cd0558de918f588a0ce2388ed536f97c29697,2027-05-26T08:26:28.828412,0,normal
984989ae-7cac-4e16-bcf8-d64c1c748007,1263,User_261,User_455,2186445,53a971230645683c5c4e68df9a819d36d8f6c0e7c46af94446a2ca33a39f0f17,2027-04-07T02:47:31.828412,0,normal
344dff8c-a1a3-406c-bc21-10de8000e91f,2916,User_231,User_284,454770,e7258951c963b09e37f35acf8606c9bba0b2b87b56e8435619db888f3abfd63d,2026-11-15T18:24:15.828412,0,normal
1a3af8ad-3d1d-407c-9549-e0e5076981f4,2085,User_497,User_236,3647118,39c20ec808ddba194b2f61989ac2084a5cad118b5ccee4809ac0c22860066ed9,2027-04-16T10:40:54.828412,0,normal
24ffd37f-befd-4b38-a9e0-3a1020fd0221,1690,User_88,User_367,3227192,3e5b3ea8efd962620820f3c43995bca132c7739e0b1886294935ac42901e3d86,2026-11-23T20:06:02.828412,0,normal
2942f7c7-b47b-4551-9c09-1ab2b7fe7270,2502,User_224,User_411,572664,0c79b94a862c2e809b3221723ff712bedeac5d142bfd652d0c9f06a1d8b1bc7b,2026-09-19T06:00:19.828412,0,normal
e5022c4f-e7b7-42c8-ab9c-fb81162ded5b,1544,User_18,User_465,3604153,1f51f3702a4da4381d43d06e2ea2e3da4db17e5d4c322b33c9f6398235112d41,2027-02-06T07:28:56.828412,0,normal
44f25446-efbc-4844-b07d-ad19d06ca899,1275,User_16,User_284,1630568,6c9291a1f19d2efc94b5cda0ce17f2b65129f7766f79906210641d7f39354536,2027-01-24T03:34:17.828412,0,normal
69544275-b44f-4c09-aa25-f73d3311355e,1454,User_21,User_160,3642770,345b359b14eb3ed5dc21684c13e045924195e1526db1a95453e1f5e11b8bf304,2027-06-03T21:03:11.828412,0,normal
96c8366f-3903-44c0-b045-04441c4ffdba,1800,User_14,User_53,995097,3537557aaf4e1b8300e2a2b6a169683d0fad6f0ea24c3a11211932b318a29e8b,2026-11-13T00:56:26.828412,0,normal
b2fb4340-84fa-4df1-8847-4765f1e3b761,2597,User_71,User_331,4177852,348868ed413e168ce08ae9607180dc19435f99030cc15fa351e689b46f0d0253,2026-10-08T01:13:01.828412,1,duplicate_document
a40e2b50-94c7-447d-9e8d-b89eb15402cd,2744,User_120,User_145,625729,f3dd7aca603a9b2ac386ab7738a315b77c3b5c278102ae4edea37b1885ac6a61,2026-10-13T23:01:44.828412,0,normal
7387ac8b-c819-4278-9525-d09fed77d7bd,1767,User_35,User_76,2540403,1326018651f2ad0b1d9ffdb163b4a32c9ae8941d0a9638b17f3f6e0ca1eb2b01,2027-03-11T00:02:32.828412,0,normal
52640933-6e1a-4552-9a1e-f3bec5cb878e,1103,User_164,User_360,2452690,aa526625acc9c6e5a0adf6437bad6b5343e443ace454ae6db90ea8958cb9865f,2026-11-10T07:39:29.828412,0,normal
7750811a-a76e-4dca-a17f-538780cc6aea,2427,User_260,User_487,1976943,ffe6abc80c25b5c91d3cc2dc7a82369316a8147ac91479d24f3d61fad6993be4,2027-06-20T13:04:30.828412,0,normal
e42ada10-5422-4977-9b68-8173f2647a30,1363,User_151,User_499,1639421,44fa9e65c8f7143c6e053dc90bab9343334670670296c67b4b1d54a6be5fdff2,2026-09-14T14:32:14.828412,0,normal
84da9f62-de80-4113-9f4b-5c3092a5db4d,2870,User_191,User_467,2485395,069dfb3a6a05d035aef0dc77fece3b17f86e0323fc1513cbd708d185126cffab,2027-06-03T18:17:54.828412,0,normal
7f2d2827-84e0-4bce-9486-3cd7e22f2046,1821,User_132,User_386,2150900,ee4c0caa215b771b1bf223edca3c5a3a4d7b36a8a6e63afb0d5c5cb7bb894755,2027-07-10T22:27:14.828412,0,normal
eca0b913-4c20-4b19-bd54-b68f22e9cc0b,1497,User_384,User_33,1724135,034d99ee7e71a2db8897fa7f45a316175afe1462aabe3e9b8e247ece1062c84a,2026-10-23T06:19:32.828412,0,normal
7451b748-8456-4078-b7cf-7bd10763e1ec,2063,User_241,User_21,106897,1af7c0aaf7f7c0fc612797a347a471916bf0d9b257fe35d8943289b84ec4af5c,2026-10-31T14:51:49.828412,1,abnormal_price
2a71113a-23df-461c-bee2-df932599ab35,2706,User_77,User_256,4784894,88e1cf13ae11c7db30e810d7a7b87e95a498b6eba695182f2e1a70b46c19d7c9,2026-12-07T12:37:02.828412,0,normal
fa7e315d-2807-4ace-97d4-c772bdc48cba,2702,User_468,User_108,17340216,a2db67199a738bbfddc72afc416488ccf7fde58e85ed6e4dec7163b6da7cdd26,2026-12-30T11:22:10.828412,1,abnormal_price
7c26b0ec-3466-41a3-96a5-40fd4123ac15,1599,User_84,User_157,565635,2fc7d2c81615f0dc7d057c24e767d3ef0ee386b0c7e0ebd388a2aa4490dd251c,2026-09-04T02:25:10.828412,1,duplicate_document
557a8de8-a81e-464e-9de8-646ac0752d74,2897,User_194,User_202,3633878,0bc20a9743e02075f271ad4e72c0a61ad2681f3bff8d9f91d86bffb5b2942ab3,2027-06-13T00:12:47.828412,0,normal
d591a2a1-44b9-4367-a48e-5faeb48f49bb,2128,User_158,User_14,1965958,5e1525cda2ff583469b3f3708fc06a12b74f3b40e771ad67a096abdae59d04cc,2027-04-30T02:46:22.828412,0,normal
fc477757-0e83-4682-b00c-8a5c2e587be1,2677,User_379,User_77,1246034,4f24494cf8b89d0fffb6a4ce28823ca27a5507f4690ed3f2ad1f55093c4fae3b,2026-10-16T23:45:37.828412,0,normal
fde444d7-3212-463c-9500-9fa7ffc2893a,1241,User_306,User_382,878131,fc04a4f21bd97315807485f39b95855894b72beb4053c45524d23b4878b016cc,2026-10-17T18:58:25.828412,0,normal
d5cbc594-f60e-486d-9c02-ea40dbec4ddb,1949,User_38,User_147,3184468,db8264b0e3ff23afd05e86560d4ec70f247d31a78d4c5d97d9148fc8683ee6a3,2027-02-18T02:57:29.828412,0,normal
7b726b98-63c8-4045-8c94-99637a842d03,2264,User_414,User_2,3029850,fdf26febcb0df3344d3b92e2150b960605dae4203e8e7f07ba83ce323645a007,2027-06-15T10:06:26.828412,1,duplicate_document
33a0eada-e7f8-4122-9488-4c441058a0a9,1793,User_357,User_35,3032210,824bb83d9275383c6a03a68162c4b3c9323c3b17bbb67081100744373e9effa6,2026-10-13T23:53:38.828412,0,normal
8fd0a794-04fd-4e5c-8960-e0e6789dbf30,2893,User_215,User_440,759627,baa51fdf5db867483c232decc4e8caee9151c093c6facac547ef214d2d3d494f,2026-10-20T21:47:08.828412,0,normal
7972fde2-7124-4482-ae5e-1959da6daf12,2156,User_497,User_422,3985311,a6a73cab442c5fb2fc678051721a32e8a0d49803cf8c20f2467a278ee18af727,2026-12-03T13:28:01.828412,0,normal
488660d7-4341-450d-9753-7b6ba5bf2bd2,2984,User_400,User_137,559638,2a437026c182e66a6efa10f1646884672c11db9cc4ab6d03648d696ffe99d9ab,2027-02-22T16:34:23.828412,0,normal
2f2cd869-87bf-4f1c-9218-57cc3135ec6d,2693,User_125,User_257,2373939,d16552f7f22862a007a2b258347aa42e385f5388d917be2034f2215263fcb9f1,2027-04-03T06:26:31.828412,0,normal
92e7a12d-fb18-4ba1-99f1-8c483d4ad2eb,2779,User_226,User_197,3560086,c2d5918e3bb9c95a242d515a1d7fce4792cc2bfe8e179008027ebcd9f20c47a1,2026-12-09T09:05:00.828412,0,normal
c2d446f3-c11f-4f4e-9cdb-ab5d4ebd2cff,1072,User_4,User_180,692698,a82526bfd5d9111f10702792aed3de2519c3f0e04393ab36d1e42d3816922c3c,2027-07-30T19:43:47.828412,0,normal
0fe0c56e-5fbd-44a3-9fd0-ea59076c112c,2412,User_323,User_121,2283288,a31f0cf5cb9e438e0e820564fbfab935f2c57353a18bfaced8cb18383c5fb634,2026-10-25T14:40:27.828412,0,normal
2e814619-a7ac-4a51-b8b5-739b518bd440,1482,User_464,User_262,3674355,3325c49b19281d31b55691dc8a34f48a1f459ee1f2a563b33ed2786e1d1f53a0,2027-02-19T11:10:27.828412,0,normal
32551204-9e85-4d39-a196-9cc34fcd4fd2,2841,User_72,User_140,5562550,f6a4679b11fe000c0224c2dabbefdcf3c508f3fc8a47e137286558cacd20d66e,2027-06-28T01:09:36.828412,0,normal
a1e35c00-37f6-4f34-8539-33e8b2303901,1755,User_87,User_228,584668,202b0ee3bde1f73206555a6b5fc39410188e13d5b1db1fbe3c1740167ed7472f,2026-12-07T04:05:20.828412,0,normal
99c44823-bf61-4fb9-b33a-84c107d381a1,2447,User_498,User_399,3194374,9bebf1113623b37ec83012340ec37c6bf4481fe48658dd114a7d1f1c23a3ec88,2027-06-12T13:18:02.828412,0,normal
78bf46f5-54ee-4115-987d-6e714a551b40,1593,User_218,User_142,5183333,ad1858ea0a440738ea8971d926a788e35fe5fdc2c92c2bfa4fcf998ad5463f4c,2027-05-14T07:37:48.828412,0,normal
8a088d16-9634-429a-a366-a183188c11ce,2602,User_216,User_464,1892472,1541358efbc68fe1c701bb61a797d437ce9c84e0a86965381cbba116644b71a2,2027-06-12T00:04:26.828412,0,normal
09fffb09-665b-4e7f-b5c6-2221a38609fc,1674,User_490,User_453,833640,2ba2625617acf1b662d467c1f8372c7618f6a2dbe13de024170d21a80df42fee,2027-02-13T16:27:23.828412,0,normal
32ccec08-9440-4545-a80a-2cc0eb8af7f5,2641,User_40,User_111,5356344,91d820084090d0c189e93f4fa4c5dc65c25e6805716bcb7231171f40db9212ea,2027-08-07T13:13:24.828412,0,normal
8d1bdd52-6f4b-4193-b6c1-55f0637e5649,2927,User_494,User_57,1338662,5c426d04e2914f68abc88750440f06955ee4a1cea50dbcec5016a4ab1c0ac74a,2026-08-15T13:15:21.828412,0,normal
41d284d7-7c52-45e8-a501-a98b7c911685,2888,User_200,User_407,981737,a55af2d87fe0cd7501edcd86aaec60fe59630be9d823a04037c583d289e99561,2027-05-15T04:16:49.828412,0,normal
66eacd73-8cba-4a36-8026-2364eebcbcee,2358,User_110,User_421,4310846,e2b3943a49800ad793979ce7c913679d9103fd55d8ab9e236901fe06fb470dfa,2027-02-02T18:50:06.828412,0,normal
0daa6052-de8b-44db-a553-af998047ffb6,1385,User_265,User_235,1180643,a87ae08a86ca6b9b0f9c1d6099fe2c334fb3d967aaba4b119ed6f8cb035bcb2f,2026-10-11T08:52:59.828412,0,normal
2edcf4ca-1663-466e-a7b0-51a19ea2016f,2904,User_241,User_178,14739,61cb8c8b38f2a63e8d122683dabc018d7d6ad6406109dd70900ba553428a63e3,2027-07-20T04:10:56.828412,1,abnormal_price
067edcdb-eda7-4f14-a63a-cc29c216919a,2795,User_106,User_436,4547052,82c9e61591988545ecad3982cb8355c523ee67de5686b8343bca56955f4df317,2027-07-29T14:22:10.828412,1,rapid_transfer
fc08a24a-1a79-452f-a498-e7207c4b144f,2752,User_23,User_181,1293132,ca97d19563ed07975abb1de522027e038184883b6b5463d10546aa4cef2f309a,2027-05-06T09:45:55.828412,0,normal
ed0cded9-4953-4ff2-9ad1-97a0d2a1e28e,1208,User_279,User_447,2007739,5dd37eab8574a0a8625b7ed6905c6d6caf251d373c1bed8e120e7d62f55f0cea,2027-06-11T15:27:32.828412,0,normal
bb57c5b3-9f06-4283-badb-cf86e6b2b4e4,2716,User_22,User_12,3046554,564355ab32c810177982b5dc4213b2bc5c8e89de1d120fe41b0c6873ed6f2cd5,2026-10-22T07:25:32.828412,0,normal
33b056cc-63bc-4df3-a730-b94ec1fc38b2,2872,User_468,User_312,2205675,b891c2cf1ce351b4f29a15d8705ad8ef1d62b0a201fe898359f879e9e904976b,2027-03-14T02:26:18.828412,0,normal
d4b0f5aa-539a-4833-b93e-46785acaf033,2481,User_388,User_351,2424747,a0593f6c3006b8e9c8309eaa80301af4c24457a4b012c605edba9c028cc0586c,2027-05-29T11:10:07.828412,0,normal
e633764e-65b7-49a0-afb1-fd154aad5688,2051,User_14,User_364,3975664,8fd01b37865f5ecab8e218dacede557dadfb110ae3eacd5dc0d58c68d8598d60,2026-11-13T08:01:31.828412,1,rapid_transfer
d110feb3-448f-41a2-bb1b-89140ba15fcb,2446,User_107,User_304,535570,d6387082dea2c360ce4311de64c0d9e78c74acc3e52c3bd863e9fb88786e2f9e,2027-03-10T02:25:45.828412,0,normal
fd83780f-acef-49fe-b25e-2b211bcba018,2386,User_482,User_118,45082922,03f6ce5e0a0f0dd9524d8b9232c07e0dd24e56f7cfc034bdaf71c58053db2ebd,2026-08-17T15:21:44.828412,1,abnormal_price
3b8cf73b-470c-4b13-bcd0-d4e4b2777194,2425,User_189,User_102,1116805,ff4f157053d3f75c2f9135e07c10379670b23102394601d4347991480a5ca843,2027-03-18T04:35:55.828412,0,normal
59d442bd-37da-464f-8315-1b11c27cabb8,1487,User_380,User_165,510552,b722eb75ee82093949251b51e9f928a546ef114d629395a5a7abd1bdb0593f8d,2027-01-02T01:22:18.828412,0,normal
28820dec-04fd-4f06-8f5a-fdd09c524fd4,2399,User_245,User_50,3391567,95023bcb8cc90b5045072e3873103b3c2504646e7f1c44b325e4d18ffc9c70b8,2026-09-14T05:50:27.828412,0,normal
91ba1e65-fe2b-40f1-9ffd-59e22b9b0a3b,1168,User_82,User_125,5320637,cc804fe3afc192fd172a1595ba63141b312244d4d567798729e244410816a470,2026-10-08T03:27:39.828412,0,normal
30a8acd9-3d16-40ad-a391-76ed6c249881,1012,User_129,User_384,2925696,f9dc4b24a3c45637e0d7d5e731b36f41f81f620e449d2cbd3724b7b695a48fcc,2027-01-18T03:39:31.828412,0,normal
39bc8401-3e92-48da-a20b-1a45de8a5ac0,1994,User_385,User_44,4255508,3b06b3ac776ea13258803689917aec84e6d98101b83bbafed8e01f72c24af4d4,2027-01-10T01:23:16.828412,0,normal
6c13af21-7b06-4ff9-ab0e-236994cb09df,2002,User_455,User_36,3404526,3b7c20f939253cc44e378f8a6578b1db2891eb131b75c780b76cf5a9d0de51ad,2027-02-08T21:42:40.828412,0,normal
821ea8d4-f956-4127-b77d-d032f245810c,2340,User_398,User_202,707061,6259ad1f0c61db06e4aeeae0707f6d09d8e1bfec83d008c633538e2bc3204eb4,2027-04-17T05:43:56.828412,0,normal
eb8b14ea-5a51-4ddc-8613-3db952d37beb,1838,User_146,User_379,587002,65f7de32b329f01e17beb5ac6b3225b8ceffd77f19b4ed3f161cdac1097bb3fc,2027-07-06T11:42:38.828412,1,duplicate_land
3b190537-cab7-4047-8a16-c266e44a827c,1092,User_453,User_267,677250,61de3cd80a20df51e7f89010343ac38d7106d604d902d9c224f6deeb24b52f44,2026-08-27T08:17:56.828412,0,normal
9ed65023-8e1e-40fe-8320-4b27b4b983b8,2039,User_165,User_177,4348999,bd372a8c6b5e61a012c6141da674f6f945ba797038b83e30a502372f5680a2ec,2027-05-22T23:29:29.828412,1,duplicate_document
be88deb9-20e9-4772-937d-f954314016c5,2821,User_488,User_233,3717982,c28d358204baac4c122e106a42fbabaf7518185dfc8ecbd1df0d5adda78a4080,2027-07-12T16:53:58.828412,0,normal
79320335-74a4-4a93-bb0d-69ad81357481,1316,User_164,User_242,1309082,30018839a8e8b96919c898c301954b17d93f7d7936b8bc5e0d53ed9c75f23767,2027-07-08T18:37:41.828412,0,normal
e6ac525b-369a-48a8-8dc3-850c075ea656,1802,User_151,User_267,914215,ef56d1d58eee64be0628f90446094d5e8c1eb9ba2b98b9bbd7dc9add6684743f,2027-02-05T18:28:10.828412,0,normal
6b2491fc-4f3b-40a9-94dc-e22e7d73556b,2292,User_439,User_430,1356502,f86481b49741f79e002a851b6bf99d1e4f518d75d6fec6df3351a69983bc9506,2026-10-16T13:55:46.828412,0,normal
f454ce39-b380-48ff-9a59-6ba7c9cdf1dc,1738,User_111,User_185,2570676,aa7abe1a0435c9fb83e1048c11dd901e103a977f89219c8227c32537b9125d9f,2027-02-12T13:07:45.828412,0,normal
e70ce5f5-70b5-4e63-9e35-e94416fee7da,2978,User_406,User_152,1109283,1b33eeb5d957c3e20c1d0d5c1a0590e4c329238aec094dd824774b82ddda100e,2027-02-27T17:42:52.828412,1,duplicate_document
d5c70fc3-5e87-48e9-b272-eaeb361f88a3,1006,User_14,User_30,3307934,0ddfe1a4f3d69dabb528bcab4d9a1915e03b046f17375f6388f4de78d38c8ce7,2027-05-15T01:50:14.828412,1,duplicate_document
eae3bcae-9824-4790-9e94-98945e86aed5,2761,User_296,User_259,879925,7d79654fff9da5473be1e4f3bb8420a580457c6ed78b258d827bdaf2c722be5d,2026-11-05T08:23:29.828412,0,normal
b59eb907-8341-41f0-9908-1f1ce0de895e,2405,User_209,User_467,1511883,76c7cf63e00257424534eca664fe336738f10ddd5819bb88323356cf88238202,2027-03-15T11:04:13.828412,0,normal
f2741b55-fc42-4d9b-afc1-155c2192ab54,2410,User_141,User_449,1321783,8b3b3d1c3310ec711a666c47d5f85fd2daf01b563e681713e7b63f4e2f39b377,2027-02-03T00:53:48.828412,0,normal
62562ff5-44f7-45b7-a028-ff3f99673feb,1406,User_225,User_166,2294475,4d337c7048d2f2a025111d0dd420ee74a77b24b3fe2faf31d3f7fd523702c493,2026-10-20T10:39:56.828412,0,normal
b568a448-0613-4584-b8e4-8da28c50f356,2352,User_52,User_162,4407694,b40d297920634e73d74a07928034a7df225f33fad7c7aed7019f07d96cd6e634,2026-09-15T08:28:29.828412,0,normal
1b61245a-81aa-435b-b476-3e7c07099c99,1895,User_77,User_272,6223623,40d2722e87f663d7ab51e6243b67ae0e1f4f9c66f239efd4dfca0825e1919f16,2026-09-17T21:49:17.828412,0,normal
c41ed700-7642-45f5-8cfa-3a1651391310,2800,User_161,User_403,4275101,bfa9698f5bf858bc7d0f9c668cc786503e748fe8366ddeaf073ecfe0473bc065,2026-12-11T11:08:45.828412,0,normal
b2ac5213-9789-4a4f-ba7f-e419cb74665e,2608,User_333,User_424,1844127,30c31458bf8e1f108e8d89c3b97bb2a3c5c769c6d4d03eeaa3ad3e73bde346ec,2027-06-17T01:54:56.828412,0,normal
293293a6-7c9e-42c3-bf3c-cefae91c161d,2105,User_465,User_331,2035422,bf8507ec3ddf8eb72e78cbe3336f5f72a20f1b57baca6ff4c6b0c027fda2c4e8,2027-06-01T03:30:51.828412,0,normal
994f4cca-208c-485e-b0a6-6f724b75a2ca,1694,User_25,User_233,4130554,7315ee2f0ebe415c12552e0600bf053e0293167dee41080dc488a381a4eed432,2027-06-29T09:22:53.828412,0,normal
4e2a3ae3-4038-48cf-b9b4-bb9bcb2419ae,1366,User_211,User_452,2185535,70461f11107895056f519ed1abc03c12469a9068e5497670e8f14f13e698a4fe,2027-04-21T03:15:48.828412,1,duplicate_land
c80552c5-9e78-4a0f-9cbf-6caab0eb3219,2249,User_341,User_390,1680630,bebc745be8e18f29f64135f190e0e47445593b737fd7f112108fa7be197582b5,2027-05-05T04:50:16.828412,0,normal
f88e5508-ff5e-4f24-8bdb-96f9f65b8425,1236,User_472,User_244,27775269,6c4826e2574f4a55f01b66afabe59f89ba5718de863878495b9fd67bcfceaf6e,2026-08-22T17:45:29.828412,1,abnormal_price
0da4ca9e-55f4-4105-a219-f51ae4ab9ad7,2879,User_356,User_15,2232838,ad1891616df1922111370e9d9947352b1e283598fec20304e815992029c472b7,2027-04-14T05:32:24.828412,0,normal
73ec80c2-ae90-454c-af22-b51a5d3f57e2,2586,User_448,User_120,2458349,a8b90e8010d835b47bb26ed897604098cd57ed1b7800ab9ccd6fc63a72917d5a,2026-09-09T23:33:01.828412,0,normal
4c8c417c-01df-41f5-8c6d-ccc65e66c539,1521,User_433,User_330,4343933,6aae414fa999d14851046d97d9883ae88c948b0558e6e4ce47d5ab97a122b334,2026-12-26T09:37:55.828412,0,normal
1c172de2-5e12-4c2b-819f-7b13663b0558,2863,User_269,User_20,178827,4c6ad7c07937d0f61c06a61d9f3274e4aa4e8498fe1748d11cadf6df7db997f4,2027-08-04T21:16:39.828412,1,abnormal_price
0bdde841-8ff3-48d9-a3c7-b38677e1823a,2920,User_488,User_348,20779031,f5e0f2a4101ea9890c24a690a42a521a22579f0e8e3d2548bce98774ab34fbf2,2027-02-18T01:40:56.828412,1,abnormal_price
5b825f9e-dd1d-41df-b0d0-6f343739755b,1096,User_474,User_323,2269795,c40b9055a26ba71a911f3227d9265712cb5aa0e530a3b016cbe93f2b2cfb1395,2027-05-20T06:12:44.828412,0,normal
2d7d51c4-ad92-4e4e-b690-4285a636db4b,2344,User_59,User_306,1799470,62456e74d42fb7900f33580ea32e53c66b9bf13524aca47fbfa185931ab873ca,2027-04-26T23:00:45.828412,0,normal
11ef3e43-aaac-4fe7-9652-465cb4f40853,2117,User_261,User_216,1697079,9ff83643caa7f9726cbf964f1461f3dd6cbe8ad92359362ccccef6b41d9485ef,2026-12-24T00:09:41.828412,0,normal
2ab89feb-34f4-4510-9399-2a27183096b9,1402,User_491,User_377,2947979,2c49599b8a71f20e8520982499925094dd8f790972f4ee827a714f687f722eb2,2027-01-02T07:44:17.828412,0,normal
44c13498-6d5e-4f89-9aec-a8a43b23936b,2158,User_449,User_161,2090947,0dcfd358e4ccf1c75e7a29dcb8ce32bfc9ebeba122b5a58505e99ab5f2437e51,2027-02-18T05:42:45.828412,0,normal
27e51b46-9c07-4a15-a912-2ec3af20dbce,1120,User_110,User_101,4300615,2468b66db6e890b48a2df43d2f4eef44a8becec83c4546fa672845ecd4416985,2027-05-15T10:02:45.828412,1,duplicate_land
848945bf-c71c-4696-a109-d128e0db9c0b,1255,User_197,User_83,1306231,625fdb65ce5abb83a53f59e9bc6605363abfb26a6bc43b8a05b1d7347f1fbadc,2026-09-01T19:53:03.828412,0,normal
f62d653e-b32c-41be-bf69-f1ccaf1f3bc7,1861,User_37,User_410,5336358,0124fd78856b9dc22cfe8c2716838bd304e5a24b8d6da7a42ed28d24811679ef,2027-07-26T01:44:19.828412,0,normal
491f53a4-e796-4989-be34-7a64d1bf5fe5,2102,User_386,User_131,735975,6813b467f6ad4889a6b8e3027eb2f695ecb603acdb5f4336141ce71debc72315,2027-06-12T09:27:53.828412,0,normal
68a27977-089a-4e8f-a77b-595fd6156f0c,2448,User_303,User_287,4251715,d067c0fef653b7288a4532a99ff238063f2101a8722d6a72e26f3c4caee8ff48,2026-10-09T23:03:48.828412,0,normal
f392b239-29f0-4d46-bbab-39799f9cf47a,2701,User_308,User_357,1269121,e34636cbe62d03212c2f63fcaf85851f34096cc890cff554e09efaa8ee17d247,2026-11-30T19:50:59.828412,1,duplicate_land
b75eda93-4963-454f-9ca9-25563ed0a6df,1680,User_355,User_111,3012738,6c82f433f4fc8b3c8269687e6477dcd91b9acc3afb071b240fa7243078739bd5,2026-09-03T12:08:16.828412,1,duplicate_land
22baad84-6e85-491c-9c7a-2c585833593d,2254,User_114,User_133,1720637,281248cefb5f2cf61b15981c574730082940227a08821126c412866c004cfdfc,2026-11-06T16:57:57.828412,0,normal
dd3d711b-ebe4-44cb-8d4c-a469a7680cad,1216,User_208,User_347,831653,09f6dfe3f6c994b20768139c5759c93eeedc2ab601c42696e3077065de3f4341,2026-08-17T02:49:53.828412,0,normal
7346ac7b-c594-4a08-9404-7fb45e5dc3a6,1617,User_390,User_106,2737083,0c43af6b7de4552b1ae28eb3806278d3093746b64679049dd7245527925de911,2027-05-12T05:50:20.828412,0,normal
500d271e-7ce3-43b7-b264-163ac60a7827,2821,User_233,User_234,3874292,c28d358204baac4c122e106a42fbabaf7518185dfc8ecbd1df0d5adda78a4080,2027-03-17T17:57:40.828412,0,normal
7b9fbb81-d2f5-4c42-99c7-99966f8fc756,2835,User_45,User_146,1185423,bb4e7353bf1e6c353b43aaf41ec6b4fd5561488995bc6f111a9869dee4205887,2026-11-25T05:52:16.828412,0,normal
bb699a1a-eb0c-4faa-9899-ed14ae6e2263,2914,User_24,User_464,2091656,ea3ce1fb08fcc26622196dde3772abaed01f55469e06306068cb20bddf0acf34,2027-02-16T08:58:50.828412,0,normal
6f62fa92-c43c-4a0d-adc3-23fe7fc3274c,1578,User_357,User_318,4994549,46b22504d98c7d0040296d808baa54dbb8caccfaf29832f8ef2eb2f60be4d058,2027-08-03T03:36:53.828412,0,normal
f0f05089-56dc-49bf-94b2-ed9ace6b3d7a,1508,User_486,User_178,685652,e74b25c7392f43f5e7827b7b38fd788b5912ad45ca2df821f38f2b92eaf890fc,2026-11-26T07:26:19.828412,0,normal
9b3ef2d6-157b-4245-b928-c91d9d69ae51,1650,User_276,User_349,4193396,23b4c8325185ff9f4d622cf5159c36e5ab68cf1f5ce0e8553ae44a225e2fb694,2026-08-30T10:42:36.828412,0,normal
fa771b4b-ecb8-45f0-8a13-6b4e747a1f73,1092,User_267,User_445,632911,61de3cd80a20df51e7f89010343ac38d7106d604d902d9c224f6deeb24b52f44,2027-03-05T03:51:29.828412,0,normal
48201334-b4f8-4699-8bbd-841b5fb664ae,2447,User_399,User_94,1248258,29a4a5426675ff14e85e7e49533b3c98da2232c78bcdcdf7da8654f1214ade4a,2026-09-30T19:19:55.828412,1,duplicate_document
fae72950-faaa-4068-9ae0-a636583087cc,2030,User_37,User_165,2755450,7a5603eb2d0c750f367aa4ca28ea3b2d1bb894c1a2f30067b95370c75f6543a9,2027-06-28T16:17:32.828412,0,normal
da5b009a-7b46-4811-a372-0d852de0d5da,2024,User_127,User_301,4907228,ed04ae35a59a04cfd31eb12cbbb4c74e72497ed443cd077fc4ae5a733f18858c,2026-11-05T20:26:56.828412,0,normal
dcc6c32b-78b1-49c8-8f5a-cc253965c62d,1922,User_472,User_390,1515283,0685bd23aa319e6bed0878879adbf256bf4df972730563dba6cd0517cb971cbf,2026-11-30T08:55:50.828412,0,normal
fb1f3f50-1c38-4d3e-b2f7-eee0186da20b,1204,User_304,User_400,2030216,e105ea1614bf51158695986f60282e24af13b61d3999ff51c5c10a0bf618b87f,2026-09-01T05:06:23.828412,0,normal
2d493401-f95c-42f2-a7a9-af29f19476c2,2204,User_230,User_490,9797720,897a81140d77684a2b60b1026a9a9ddb3fd6cc16dc4230e19a7ab7cff2795a36,2026-10-10T11:52:22.828412,1,abnormal_price
7fad71bb-acad-4fbe-995e-62955f8d558f,1653,User_213,User_137,4987716,5f88dd5ecb7e09c3f7a23a90fd52febcc49d653ce469c53af1cb8c1ab347a498,2027-03-01T08:15:11.828412,0,normal
d0da9798-b6c7-4395-9e36-292e402dc2bc,1751,User_98,User_10,1169346,4ad4e5e6a2cd194fd4298aa866861079b692bea35fd8bf0903d76dd24fd876ef,2027-04-12T18:23:13.828412,0,normal
29826790-c881-4994-bf45-aab926d76a0a,2102,User_131,User_364,687310,6813b467f6ad4889a6b8e3027eb2f695ecb603acdb5f4336141ce71debc72315,2026-09-18T22:29:35.828412,0,normal
b1250164-5f52-4570-9925-3ff0433f1f7f,1942,User_451,User_4,3811380,ba631539fdc4270bb6d81b2d3dec3709d76bf32c2e6b2c109fdc6f1f3b6ae70b,2026-10-25T16:57:26.828412,0,normal
4c5489e9-c3da-4111-acbd-44b2ef35fe01,1484,User_9,User_409,2774468,88613e927796d15b0cb804955ad8535178b371ab7a6f965007025e3161172983,2027-04-17T09:41:34.828412,0,normal
c3eb0908-7373-4b0f-abab-5cd7da8b8627,1954,User_308,User_472,2195383,195ebad8d8641526e41c67e99d3bff9862791325d694eaea7e1d624a79682b83,2026-09-07T14:36:59.828412,0,normal
10f62797-ecde-485c-86a6-c3ec8e1d0585,1328,User_212,User_458,3199323,fcd16e710f8466ee266ec476b98ccc223d7cea7f389249eaa77db82ce71e6358,2027-05-30T06:07:55.828412,0,normal
b04dfab4-1554-424b-98bc-a2c80f075da3,1858,User_243,User_83,3034806,ce5c42804e023bd0465d6787bdac2a59183c941c3e1be6545f69643f40ae2837,2026-11-16T03:05:42.828412,0,normal
af31dca0-b257-4fc3-8c0c-0a9234a7cc88,1938,User_472,User_371,126014,4345d165537a809d0f1ab70a8838a80d333b50b4bbd5f1373d93f61617237397,2027-04-21T04:38:21.828412,1,abnormal_price
8aaf0d21-5c65-49d9-a060-9310b776b5b2,1513,User_264,User_223,1763638,ad82b066ded14da12f932fa35f0b8482227d522113ed64874edd2b6764a2658d,2027-05-12T03:04:24.828412,0,normal
b64040dd-e990-4191-8933-dcf7eb017641,2954,User_373,User_441,259488,4daa7fa853989ed7b8dd53cb3921e79f962f9f3c67802828734366eb07607b7e,2026-09-16T00:20:17.828412,1,abnormal_price
ebc1553d-785b-44bf-83ac-6db2270b83d2,2219,User_292,User_148,1615790,598c9d62d3501c0e10a5dd3df705f8717dc0518f4334b80e29a3ff6ef85b968b,2026-10-04T15:00:18.828412,0,normal
833b03ff-afd5-486e-a44d-167ae198e56f,1525,User_458,User_68,698315,f8b1a09629952cea30171252291d6e2922f52b7924aa190f7ad0e0811cda2a04,2026-09-06T21:35:55.828412,0,normal
ef80812d-b56c-4a81-9189-62f88126275a,2796,User_151,User_484,711746,684fd6638729897dba36a7154f20ca31879e05fa54a5b005d935df2e916b0c15,2027-05-06T06:52:32.828412,0,normal
b07d1129-9916-41cd-9ba7-0254eaad4002,2689,User_300,User_311,3926579,0cc6e8b74e89a1e1ef66073bf9b841993e4a8cac1a09a52de295cc2742e769f9,2026-08-19T13:07:15.828412,1,duplicate_document
eef9031d-0f02-49ac-9848-60cd78f66bfc,1901,User_450,User_7,4960112,8ed4e6c809c8ea94fe6419b999d8a3c6d299cb91c3123877f0968f3762c26277,2027-01-27T06:00:44.828412,0,normal
4f59597e-1dcd-46c2-918a-2d9a9c3cb8a5,2142,User_180,User_361,544803,fc2c7de3588774cf6c7b1c2fd3ec443a2a2bcf0b7c07bb9d70d3b8f5d245b4c7,2027-08-13T08:40:12.828412,0,normal
00952f60-78a6-4551-a571-b4a3fff3fbbf,2978,User_406,User_268,2320522,028a08b49f2f13f34f35df02196e235c69e4c8a043da54dbb684449a014df44b,2027-02-08T18:57:21.828412,0,normal
2c3347a6-a6ac-4177-b0e9-c888fa94cb71,2778,User_157,User_495,2573318,53db0be38347856953c0d5973f0f2b56032bec63ed4c9ecd725e7148e599fbca,2027-02-19T07:16:49.828412,0,normal
9027d83e-d4de-4491-9dd4-f9b42006f08e,2195,User_248,User_284,1187962,468960d5375c18d3bb16fc0ac628fc9536a9eec9cadb58944da3f3a3130f5041,2026-08-22T22:08:31.828412,0,normal
2cca3ba1-19d5-4b14-9e0b-9f7af0fc57f6,2932,User_64,User_493,1032710,1eb9361df0197871250c6921d4dcedbd603bc553e021238df1bcce605dc3b395,2027-06-18T15:30:53.828412,0,normal
8e6f61e5-7633-47fd-93cc-3386190f3fa3,1088,User_368,User_448,4434289,ddd3c1fa6fef0f50bef8ed5e67d42ec3a64e8cdca5cec2452fec3e7a2ef85a12,2027-04-05T13:24:45.828412,0,normal
abaa9c9f-2caf-4011-b67b-408a2cb6a3a4,1130,User_228,User_256,3885299,7824c05101760935bd3b45cc91861801cc3a19c5ad9d562d56af5b31a4ae6379,2027-02-02T06:01:08.828412,0,normal
a171d4f7-1764-4d65-af37-182b83c92466,2799,User_434,User_441,1956756,9be0ecdff8d919f5fce5ae9cc00068a26ca818c4b4374c451143338aa5380be9,2026-08-27T18:10:06.828412,0,normal
3792cd12-cc62-4a0d-ad8b-c59dd83631ce,2061,User_62,User_456,3575821,aec9ffbbc0de9c676acba396bc4267a0e20ef810b12aa5b9afe0b93b0f6b93e3,2027-07-31T08:05:17.828412,1,duplicate_document
1203830d-93be-4434-a52e-362cc42ff0cd,2929,User_41,User_452,707012,46fd8e64a57598e7bd0a7588e5d4b79a96e8a9a2ee66d4ee0b542f00d0299b96,2027-04-07T15:07:52.828412,0,normal
bc22da27-ae1a-4427-839d-e3426f2c2ddc,1553,User_279,User_436,3901246,653b4184bb2928906e88d9bc7ae1724cb6e02ead5cb7f5a8eca0412c56545526,2027-05-02T07:19:49.828412,0,normal
6b30ff0a-e726-42cc-beeb-ad07dd25f213,2683,User_83,User_373,4703186,5f5406f2634844af02e679256088eacfc843e71025cd8b8c15cac945ee110ffc,2027-06-01T10:06:04.828412,0,normal
37465c24-5dd0-4605-8545-af9e9efbff17,2875,User_120,User_426,5009081,81829f837b15702eaa31e3f274b61d4d50490e9029de427bcecef6658587aa01,2027-05-17T05:21:47.828412,0,normal
aabdc9f3-f1d0-445c-a63a-ae46b7e124a7,1342,User_398,User_284,411352,a50920d7c7eb53c354768596103476905a6bc2b92b22f421ce8a355b2dbf4855,2027-04-29T10:28:34.828412,0,normal
0d41f2c0-42cd-45f1-a771-0626ffcadd5a,1441,User_208,User_152,5405612,06d2510fdf65b1c40fd8522b9271f29d09437028aa68a2cc67d95c2a7883353d,2027-04-01T21:25:49.828412,0,normal
eb7b2106-9a3a-47de-8484-5e1ab2c1e642,2260,User_229,User_441,5002652,7a1adfe6e11014a0f9f0e9e30148b2b208a9e4a52ef6af30b33c16169ec14670,2027-02-02T07:54:43.828412,0,normal
6eac4ddf-e9a1-4a5d-8952-e074616b2669,2750,User_10,User_203,3516167,8bf1ae04afa2c9213467e8fca81b30cc37dc7f58de431db65e189465549a3fde,2027-01-30T07:18:19.828412,0,normal
3ff34513-0d63-4ec5-8e5e-66e388a4fb17,1800,User_53,User_344,1111177,3537557aaf4e1b8300e2a2b6a169683d0fad6f0ea24c3a11211932b318a29e8b,2026-11-03T20:30:54.828412,0,normal
1d6ce7ac-a1be-41bf-b12c-8f08dc68e54f,2035,User_165,User_94,1528109,00c407703c8c93e9a97818614b1b6c044339490701c056285e947fb719d8861c,2027-05-30T09:41:04.828412,0,normal
59e01c77-0714-4c18-8f63-188ea39b9ea1,2572,User_398,User_227,986388,d80050576e3aab3e32091cc8909e43f6ff648d85933f2dc08dc4e5d2898a34c4,2026-09-13T04:58:29.828412,0,normal
c0e5399e-67e8-466d-bb72-b0f0b1b8e88a,1466,User_156,User_136,2444667,275d808fabb06e08aa740e7e5f4e471db1a32bc20b446bae8da7f349812d0bee,2027-01-06T21:42:03.828412,0,normal
2b8d5819-29f3-4939-af95-59827f039a23,2253,User_229,User_81,1791314,a59c2fd742ecb6598439369187acc99a139df0e8dd759add616d8a6c1169f0d2,2027-02-01T10:02:19.828412,0,normal
cbc37236-4ab5-42ef-bfc1-e8377905e140,1974,User_226,User_228,1693165,0c4c01d6fd23c175107173b9411fd9a0eb0e8f6dbca8e7fbcd206f8208dba7d4,2027-03-20T13:10:22.828412,1,duplicate_document
d0567c72-bb8e-41ac-a7a2-57cd1287088a,1294,User_387,User_135,2327717,1d00ddc4fb3c9b3924b819c96029ca0645327701cbdf442134342a7ecce41b59,2026-11-02T02:37:27.828412,1,duplicate_document
11aa7417-825d-44b1-af41-ddc583eef394,2730,User_354,User_355,4624596,1a1231ba29f1794638e522b4a2d9664e8190d1394aae5dcbe937d1cd6adfdfae,2026-10-04T12:14:03.828412,0,normal
bb41b4d0-fc9e-43fb-b470-e7ac30a6064a,1307,User_305,User_60,4831239,2e4251797510d46e58158b16595b1955a2987b2cd1542a4409056f5fab22a54c,2027-08-04T19:23:44.828412,0,normal
0ca73573-89ba-4c4d-a4f8-b29a8a31e964,2647,User_499,User_275,5135864,d2a026efdb4311ae23071e819c2f2caa645fcd57009f38e9938710cb99b3804a,2026-10-08T02:29:45.828412,0,normal
36b69298-7132-42a3-87fe-d24210dd677f,2540,User_130,User_290,3082517,dd12597a5da02f93c7226b4f04d2059f5abc5df7bc15501d17d9776fc586a43a,2026-12-30T15:59:47.828412,0,normal
115f021c-5a1d-47af-8c6e-4e0e1f19675d,2702,User_468,User_401,2173241,a2db67199a738bbfddc72afc416488ccf7fde58e85ed6e4dec7163b6da7cdd26,2027-04-02T02:29:08.828412,0,normal
c4f43894-7784-420b-a0b1-021afa116aab,2952,User_493,User_117,5316577,31413f439ca0f4b94d4f1a3bbc76cc7c198d66ad7420659b8365f0141c5cfbec,2027-02-13T15:06:53.828412,0,normal
7a746f31-865b-4004-9802-9998b4cfccd1,1116,User_250,User_50,4574250,ac5540b2ae14fe7df002eea97b80a89f080e9e0b90a05fdd2a847070d6478458,2026-08-14T00:51:33.828412,1,duplicate_document
67004794-5c59-4d3f-85db-0d479aba27fd,2312,User_82,User_10,829374,4ba58e4b8061feab03147f537e72dc7c9f3197bc8b2899300c308d420ef9a9c9,2027-05-12T18:00:37.828412,0,normal
79ef08cb-7c3c-459d-bd51-ffb88f006013,2189,User_164,User_62,4475114,f323b1aa93590dd618b7046e4e32ef45bf61408e7bce3ba8e22147b1de3e8dd2,2027-08-05T18:26:36.828412,0,normal
70ec5c7f-24dc-4d75-998a-3abb0f40b392,2867,User_190,User_436,4867348,6c8523e9e181a34266aeb71d2dbc66fd6a794e9b074fcf055b8bbb6b1a4ec4aa,2026-09-08T22:24:30.828412,1,duplicate_land
26f7a1f0-7a3c-4380-8126-a278f32b2e10,2245,User_32,User_370,4215023,00a9902e9e835e8d5c0f094aa291e8be219603c2c4081abba84bfa53192447ae,2026-10-20T20:41:16.828412,0,normal
a0718224-eb25-499c-832a-c7a9f8ea1a1b,2055,User_131,User_82,2770221,f28cfd3bfda884984c31edb261e73b1d48d3a0981cdae75c7c8f557b36feecb4,2027-07-01T12:28:49.828412,0,normal
7d3dff2f-48e7-4aa8-85ec-3e6d73abd619,2586,User_120,User_326,2057205,a8b90e8010d835b47bb26ed897604098cd57ed1b7800ab9ccd6fc63a72917d5a,2027-07-29T12:25:35.828412,0,normal
ca1af920-594d-4830-bfec-0e880654fb93,2139,User_255,User_402,1247742,5308c0e5bc7f289b8948d3c6f72a0183c353154892c0e697269e0d4e0f3ceef9,2027-06-09T23:17:50.828412,0,normal
519b2e96-cba6-4487-b3c8-293f58abb49f,2386,User_482,User_257,4863053,03f6ce5e0a0f0dd9524d8b9232c07e0dd24e56f7cfc034bdaf71c58053db2ebd,2027-06-10T15:00:12.828412,0,normal
5075c7f3-65b2-43a6-9732-2b964b840295,2017,User_175,User_424,5021154,33217dbd81b56ce1af787b0b057160d042b2eee0f0f4947ef42e1827a0676a99,2026-08-17T06:18:40.828412,0,normal
6d37ed5e-592b-48fd-b0d7-a28017e05a7c,2704,User_27,User_174,1125374,f26f10e4ecdf5845cc5568c2a4b5029af3bde848f23984ce3ed9d1e9f72d6892,2027-04-22T11:43:46.828412,1,duplicate_land
88880805-d834-4a6a-87d2-10b04f777fd3,1066,User_70,User_405,2029857,fe9c123cc45151533d9a4db98417a4f7884e6ff288645a2b81bfd7b6b73ceb43,2026-11-22T05:38:41.828412,0,normal
5c0bf52a-3190-494b-83a4-23ec4b321dd6,1168,User_125,User_61,4742369,cc804fe3afc192fd172a1595ba63141b312244d4d567798729e244410816a470,2026-11-09T09:29:54.828412,0,normal
56f81e6d-f9ac-4f1a-ad0b-c06a581757a4,2982,User_205,User_5,3940601,5f8652801d2342e40aaaa776f7833b7324096b9cae3352c527e99d16199e352e,2026-11-13T03:53:19.828412,0,normal
f9b36941-c76e-47c5-9d79-65b463a41014,1422,User_44,User_295,1560329,5cc6bfb122db509b54a699e5e01ec24fba4595a456eefa1038c2ad4a9b937c2f,2026-10-11T01:51:28.828412,0,normal
2b266024-df34-4e5e-a23b-d5e3bebcfec9,1308,User_354,User_333,4428124,01c9762b2bb5efb96724d756b0d53361df93567521bdd5618e2913c3eb6aade8,2027-06-05T08:30:13.828412,0,normal
da3cd83c-030b-42b4-a305-af0127af4f75,2335,User_134,User_480,2569342,9dafdd3c9518540de62f1f87ed86b142d4cff5e8ecb11dfa9fdddf66a9809ebf,2027-04-20T11:05:13.828412,0,normal
bf08d307-1c58-4ae8-9bf5-5b3fb95e999f,2988,User_384,User_350,20309957,643225e22ca31df6afaf6f6c7590445d6ab9ae2b87f55582f6ff51a04a9942df,2026-11-06T21:45:19.828412,1,abnormal_price
a69813eb-e2ec-43b0-b171-a9ee8e8a293a,1312,User_35,User_119,2171402,deae21996a68f1b6c63842d84aa95f3a79b2d03cf8fc9c4c92f18ef6a5bdc2fc,2026-12-26T10:03:18.828412,0,normal
e5f06dcb-17f0-4867-99d3-f36f8117530e,1860,User_166,User_294,4840607,bf43a3e99bf877e8db5661b655bf5c19aeae627beb82fc327db69aa2952ae9da,2027-07-21T15:11:18.828412,0,normal
c81167e4-401c-4363-b36f-c25b8d7b2627,1785,User_83,User_390,418258,9fb300deb326e336f195004111b550cb1f9909de793e5bd362227060e03b4119,2027-04-05T15:16:20.828412,1,abnormal_price
5308d444-e0be-43c6-8e7e-528c2127047b,2197,User_405,User_115,1059699,56c2ecc6d4e2cb9c4f4e3efc2a017437676440832c61b518083c07ed9b8a2f5e,2027-02-14T20:13:14.828412,0,normal
18381708-d7a0-4e72-93d3-69cf16a9adb9,1400,User_460,User_122,1263400,c0900307d95125aba0be9895fa97d5139227faeb55d60e635181e278444d7bae,2027-02-02T23:28:24.828412,0,normal
bab2ec07-e72d-443a-b890-8385a4b10c18,2918,User_298,User_15,2917479,09d5abbf2accca981b19294ece5c066f46c7e000b571f00b63c9247872956e22,2027-01-07T15:00:45.828412,0,normal
f73b519b-a5af-4193-87fe-9c12a15dadb3,1447,User_315,User_159,3126346,e3207e7707b505bb4bbfc23db37a2ed74347a346fab141ea696bec4d6409cbd6,2027-06-04T00:21:03.828412,1,duplicate_land
845d2be8-5df7-4017-a242-1004be7f4912,2314,User_309,User_312,3560717,ebb8f58e99cea7a83096ed7c38ab1b716878da30690b22c279b6f995ca4dfb2d,2027-08-01T12:42:20.828412,0,normal
fd2cca93-a8d7-432a-ba04-1d3e714f68d1,2826,User_323,User_434,2326759,e65bdb42ad855e82309f3d12429fd20a34fb159059b61fc0e5bc3cc6c8c9b557,2027-02-20T06:41:56.828412,0,normal
aaa95dac-d810-4fee-835d-d0bbf391bc05,1076,User_235,User_9,3895048,634569349610a4df05933b3734c4231015e9412c31ebbac15af028294cf06b95,2026-10-18T10:54:59.828412,0,normal
bb9e2df9-b299-4470-84ba-9017d895ec31,1232,User_333,User_400,3953343,a4c1e74ae2dabea216ba4421b5daa5f1485bd82aadf7b69ec1dde1f1b80603a5,2027-03-24T00:17:20.828412,1,duplicate_land
abaa46a2-bd51-4147-a46f-9fa5f3bd4d6f,2166,User_472,User_149,3701440,c07a7f3d58360cbaac71c6f071099d8528f03deccea746b5da7c4f43f00268ad,2026-11-11T00:51:06.828412,0,normal
62ee905a-0b56-49f2-bfdd-84cfb90a8ea2,1999,User_81,User_290,3240899,9a6d865948e515d6de5bf9212ab83c1302bd81ec4b90ada0b83e9e745c262619,2027-03-28T14:12:32.828412,0,normal
7bf3f1f5-87c9-431e-a660-6781701d7e75,2539,User_248,User_421,3844009,51e850b4e000f69c67093fa92e1b648f2fc43df95d70a2f9cb2ad70489669ea4,2027-03-08T17:04:29.828412,0,normal
a9dd5d66-6eba-4055-be93-6a653b4ab00a,2637,User_302,User_377,754483,90045d3cc9f7a70cd9658deaf9811df1963b908a72f8e1885b9476738c8b7121,2026-10-03T07:26:40.828412,0,normal
62f8ef6b-7c3d-4a3a-927c-e25b3229b0d5,2601,User_10,User_191,4218376,8283e6582e6a0efbdb7207e0724793e9b37fc1bf2288327d43b092311aa59499,2027-06-16T08:46:40.828412,1,duplicate_document
d92b8d19-ef1a-49b5-aaa7-02c2869a4852,1889,User_350,User_37,5370042,68b8afe3986d6d7969a1f2cf46d8e5cbc253483730cd2b53367ec090f3ed91d4,2027-05-16T20:35:41.828412,0,normal
bd50077d-d89b-450c-8eae-3e269705e455,2848,User_19,User_216,5283351,05c144e4cff311a6473dcd6035d492e101419503af027e4a886adc22991f3e2f,2026-11-16T07:06:09.828412,1,rapid_transfer
8dbbdc80-7b7d-4673-a647-8ec65f292a38,1802,User_96,User_395,3633567,b77136467e0bfe346e88b8edcc86fb303d7f88843cad600aad0a062c343f9eb1,2027-05-11T05:58:58.828412,1,duplicate_land
b68b2b2c-3dba-4d72-a9b3-75a4256bde38,1420,User_440,User_244,1999579,4c9463c324a7161d31bab51d7d75d50bc201b7e8c80563f9a17281bdfcfdc230,2026-12-04T10:37:39.828412,0,normal
3c2f6544-d569-4d1e-8906-23423fb1e8be,1486,User_121,User_465,3471135,427459f47ee16570b4dccbbf52551041572cf62337d87a9988d7e8bc163c3cbc,2027-03-01T18:52:50.828412,0,normal
50840af9-b23a-4d45-9eae-725df2030777,2538,User_81,User_291,2863034,4c7e3334840ea21a170e751a8b508ce42c14a00fdbb2429fad63af1514e71c0a,2026-09-15T20:42:36.828412,0,normal
84ba9de3-7a7d-4baa-af66-18ca88661de8,2053,User_190,User_236,5704086,9906a8dcefd7c9c588c4564134596f6500c5eff86720d9fd5101f93fdf47e51a,2027-06-16T19:49:24.828412,0,normal
db48d34e-5e10-47bc-8d4d-8a6da35cdb31,2344,User_306,User_358,2061468,62456e74d42fb7900f33580ea32e53c66b9bf13524aca47fbfa185931ab873ca,2027-05-19T04:26:16.828412,0,normal
00ae18b0-c6ad-4479-8ed9-b440fc940e96,1171,User_106,User_350,2567810,6ddcb35fe169b39e71203084e69a72a661ce663d449c260d736acbd4bcf88903,2026-08-19T16:29:15.828412,0,normal
ae62084d-3bdb-440a-9578-eefee22c8d5c,2369,User_320,User_222,704452,4771a12979bff70b2362f155a7739ddee5a797c2f0fc5bb7d747f287f09a2f2c,2027-04-11T09:56:51.828412,0,normal
5e07eb30-cfbd-4675-8a8c-a31e4b86f7a0,2128,User_14,User_61,1980643,5e1525cda2ff583469b3f3708fc06a12b74f3b40e771ad67a096abdae59d04cc,2026-09-20T08:37:55.828412,0,normal
570c7259-4fc4-448a-a2e8-dba6ffae6542,1648,User_17,User_441,1244623,1fae4e3389958a696ec0ec594ef003585fcb6812fce0db0ad768cd55d7f751df,2027-04-15T16:56:15.828412,0,normal
f684c7b3-a8ca-49ea-b447-011ee6fee153,1162,User_464,User_497,2809821,98efabd4836a33138c935f390ddbed533c655dd5fd1dc9584fcb6fb3e65a8bea,2027-01-25T09:02:55.828412,0,normal
8986b96e-9aae-4ad4-927a-462923175fc4,1670,User_350,User_57,2460262,a30b1330454cc50777eafaf5eb3518b7ac41385cbe245d1d88f0b37e3c14d52b,2026-12-26T05:34:59.828412,0,normal
48b771f5-2146-4519-b49a-e8887ad9841c,1807,User_310,User_245,3126808,41a7af8aa87652ab8343d0d164676d561f7c8522c2fceded57a62308559fbe53,2027-03-17T18:47:54.828412,0,normal
f25457a4-e422-49b8-9d0d-4df7c817685e,1596,User_423,User_162,3902890,38218f799fe717c127fae8621b57ddd5853301cc106903ea6cfdb1ae0bfdb00f,2027-05-14T02:06:42.828412,0,normal
76dee054-7f09-421d-aa42-375ae7642459,2288,User_81,User_138,3376582,abc02a90a1169adc0ef973f1b19e701aa5646993251be8fe9daf2ad4f9c9ae17,2027-05-21T20:13:10.828412,0,normal
0abd3d2f-6a89-4c74-a2f2-b942db3d62b5,1803,User_450,User_136,1404070,52d7172429a93e185d457431e7fc5d2d6f82bb7a1b7bfac08ce4bd88f7603b8d,2027-01-19T15:58:01.828412,0,normal
7035ec90-05b3-4164-af1a-a02c1975af84,2396,User_216,User_19,800278,ebfb32fb3888a300c0190df119085ca3e9da3d5f0394c685aa4e441607f5b051,2027-04-01T05:00:31.828412,1,rapid_transfer
897f5d8f-905e-4955-9b43-c8bb94a799e8,1747,User_481,User_221,4120906,cfc15f56be30bbaea2c078746ad3d38fc00d607b4253af2e5e7d6e8e151362f0,2026-10-12T23:32:06.828412,0,normal
64f3cac6-5397-4e4b-966f-f819b542a5c6,2483,User_293,User_100,3982163,3bb35e4b947787ed146440a2b66e1a0296f8036a7c2ff54a5a41dbf474f38b4a,2026-08-20T15:37:44.828412,0,normal
82d3399c-bb9d-424b-ac3d-02610babecf4,2013,User_350,User_90,1497900,bb8557d6a086c40920d8e5900791ddd8e7de158a8efda75a6622361c776ee7e2,2027-03-11T12:58:01.828412,0,normal
07561c1c-0844-49e2-ab20-dd5b9fd279d4,2765,User_39,User_130,2424159,ce5cb56053379af023e952f83d506acf93d68e11741b7f298475131c8a93bb4d,2027-06-18T20:49:04.828412,0,normal
de724765-fe30-4901-b44c-700c9c2f4ecf,1245,User_350,User_309,2874290,340092cb2e2501fd91ec9a7a77c78df1df4a82e535e69b208d4d30516fadb36f,2026-12-03T17:54:53.828412,0,normal
6a322434-9b5b-4f2c-8cf5-e21db0029b1d,2886,User_221,User_24,1259224,fce0d78b90f9998c6b0035c1e5406e053a7bf052768549388ab3eae183980242,2027-03-11T14:03:02.828412,0,normal
493829ec-49b0-4d21-bea5-db79a011b60f,2047,User_119,User_406,2339492,aa413ac8f4ffa7ca6d5018d68aa018954f1be1852d77fea54a380b1786372e35,2027-01-10T00:02:38.828412,0,normal
57bc32bf-4c15-4a02-bde4-24358dab2997,2042,User_50,User_238,3028151,85b957fe8c5b6f127b53bdea7b48c46b531f53230e955a1301439179fa5e1795,2027-06-16T11:53:03.828412,0,normal
2b320a92-5a3c-4412-a8cc-ba9f9c473870,2976,User_351,User_475,4084892,9b419f41e081ac1649ea04a2f91ed6306d0d78a6bb578fc36359bbee7d7fe899,2027-01-02T00:19:13.828412,0,normal
1f3542ac-5527-4db9-9180-61f908a64a43,2118,User_247,User_258,3766731,769ffa400744f2d0fc3a736f9b139975ebb1ced086884b555af0b73f12a9969f,2027-05-02T09:43:35.828412,0,normal
0ebe7f9e-1921-42bf-b519-d12f12bb12a1,1287,User_318,User_233,1244888,98d6918f00d0d9d0dd20fa0c9de548bc99754778942e55faf5181fe1aa031585,2027-06-28T11:51:26.828412,0,normal
19ba2944-efb1-4ed2-85e3-e5f85fb04c5d,2123,User_128,User_68,1669256,5a91cbb7a4e5ae9bb8bafcfa7c710c9ce0f619d6b3f77bf1d29014b07159ef37,2027-03-29T19:56:08.828412,0,normal
3e62d321-d228-4c92-a83e-afff2b1acff3,1885,User_498,User_135,849197,4a2d892fe0b1710decaa6496a92228f01d8f0c9f2ec21659a7158670c784e38a,2026-12-03T17:14:38.828412,0,normal
780cb878-6109-4e2d-8ad5-fc885c1bf34b,1632,User_294,User_127,5153648,2a12009008b046c60a88efb9b7847595ea395ea40d9176a5a9227524f21cd715,2027-07-21T01:58:32.828412,0,normal
e34d9f3c-e61c-477e-bb7e-00b6f55731e6,1339,User_364,User_447,2667898,4d7d70107488238ab13767ac918e57d920332b51981d271a58377e1e05a3c443,2027-05-06T06:53:57.828412,0,normal
8a4302b5-258b-409b-bf96-90584d856de8,1571,User_112,User_315,2147870,4d205c87d032aa3380616a4ac2ddb462fdc0c97623a20f96af40ca13c3f8a31b,2026-12-13T20:31:29.828412,1,duplicate_land
6ff8f375-ae14-4fca-a899-e8a31ccbc9ee,2846,User_56,User_459,4039348,1f9f770a21d2ba00f5f6d773cf9ee32f8cf70483094b0cd3c677a58d08d88c4b,2026-09-21T21:48:30.828412,0,normal
88413938-fd8c-4fb6-8650-65dfb2b19088,2232,User_75,User_430,4164388,2302e05934fb57afd6f98e6ae6b11784d4bc2021455d76011ea0025e4d3332dd,2027-03-16T19:34:54.828412,0,normal
8492f273-7fb3-433c-aafb-1c927d8da075,2149,User_314,User_415,475299,19233ae0c94ae5e30c5cc30c75e03901de45cdf30f1b2ab748e3f8cfd3f783d7,2026-12-27T09:50:44.828412,0,normal
8156a676-3367-4088-98d2-d695d787b45b,1112,User_342,User_93,3693913,d5ce257fc58b2e1da41e7cb9e398cf6a550683ee5c4677b66e89d35534fe14a0,2027-07-03T09:12:59.828412,0,normal
34c9bd09-103c-4d5a-b6bb-bc02ad9e542b,1234,User_173,User_55,1976602,68700c956d92e55376ec702f6fb76ffd7c427365804b2d776af1e6705f8d5d8e,2026-12-23T13:02:05.828412,1,duplicate_document
01df64f6-c4f7-4590-a9af-4ad4a1bf9123,2106,User_210,User_165,5204320,1b33ff16683c1fa1c38b1ce7669823e95646f0aa26aff8174fbef02221331463,2027-06-05T07:15:00.828412,0,normal
6c765bd3-a402-4380-ac0d-81f14312bcd8,2043,User_372,User_103,1461873,e56264ee8f49c01b92a4def556dce70cd451b21204275b438e120f76a3652e1c,2027-02-03T01:58:52.828412,0,normal
904dab27-4f7c-4a12-9254-d44fc64e444b,2608,User_424,User_281,2036027,30c31458bf8e1f108e8d89c3b97bb2a3c5c769c6d4d03eeaa3ad3e73bde346ec,2026-10-25T02:14:02.828412,0,normal
c67fda19-babd-4137-b317-a21b13e4d154,2326,User_363,User_179,607231,49b66cd0db81241ee590b78821d87d8782511901e45a1f3845d0ba604d3a9071,2027-05-12T01:18:32.828412,0,normal
9619b79a-e13e-4d74-9eae-b6a8108234c1,2099,User_190,User_430,3143315,3158a56273dea6bd59bb52a4cf3e927b993c5f3c26f54b308877dc68075ec275,2027-01-28T16:38:07.828412,0,normal
887c5c06-5380-4e70-acc4-fdf241b84f42,1268,User_102,User_65,3862252,13f4d402ae39962a4c3a235c46c3ec2c157c04c12cf41c5b4e5911cf06445dc6,2027-04-13T09:50:15.828412,0,normal
4d82d033-93a7-4eaf-97b0-2f1d9b07c472,1226,User_135,User_246,3150379,0ab1b379026f0fe44e0eaa1b07dd1459c9baee922f17db754d3480230d6110ea,2027-02-03T06:19:57.828412,0,normal
b087891e-b8f8-4cbb-9d42-809a9ec4c089,2821,User_234,User_194,3866307,c28d358204baac4c122e106a42fbabaf7518185dfc8ecbd1df0d5adda78a4080,2027-01-20T20:06:02.828412,0,normal
719ca593-2c65-47ab-bb0a-58321a6b63cc,2358,User_421,User_316,4544769,e2b3943a49800ad793979ce7c913679d9103fd55d8ab9e236901fe06fb470dfa,2027-04-29T22:28:37.828412,0,normal
ec80dd71-25fb-4550-84f5-28f080430223,1391,User_463,User_438,18356560,83abdbe3ba9d5da89bb50b6d621ee31f96297d2b7f5b9ca8c066d0bced1e2d81,2026-08-17T20:31:58.828412,1,abnormal_price
1467b0b5-d33a-41fe-bf8e-5de02fdb58df,1500,User_108,User_107,2946109,b9b5389d830ce54d9246705cf4ed5fb8462f635c8a913245af5449c75912b92c,2026-11-06T08:06:03.828412,0,normal
0f95498d-be14-4526-bd4b-247961e3b575,1939,User_376,User_437,1381395,038e1fa228e67e28dca7db55ed466c976da70988888ee531c52c3477b1e79aba,2026-11-14T05:30:23.828412,0,normal
1bc635c5-cc9b-4492-b8c0-b4297fdcff5e,1669,User_16,User_57,3778382,c947d13abb2e4562d2426d8fc4c0314bed4e39d896ea280852a39dbe2d654d12,2026-10-09T01:57:46.828412,0,normal
ccca599d-59f4-4cbc-885c-d0b07a92318c,2629,User_330,User_168,1069628,748978c4c42380c63cc943dc1daa9369c287bfaff430f5176eb4c60059f038d1,2027-05-07T19:45:40.828412,0,normal
cbda5581-52d5-486f-9745-31db630f292c,2199,User_321,User_410,3367733,645159b1a8e7ecc6b2437166fada87a0a523a300b25931d4af1c29878cd7ebac,2027-05-21T11:39:16.828412,0,normal
0dfa0f93-a90a-4a00-b683-454839f943c7,2846,User_459,User_258,3662064,1f9f770a21d2ba00f5f6d773cf9ee32f8cf70483094b0cd3c677a58d08d88c4b,2027-03-09T06:11:00.828412,0,normal
91c84439-7a3a-4aad-837d-4033376a858a,2610,User_452,User_140,4323049,eee2ac2484d0f34a943cbfdb45ad589787fe0aabeea5ace9b601710b17ba52dc,2027-07-28T16:49:15.828412,0,normal
2b4d8a9e-c7d7-4fd6-948e-7db158377daa,1260,User_222,User_122,938745,cf61b254a81e42ff85c2b886df7eae7fc9855fb0daacec9077d53bf58122e61b,2027-02-04T20:26:03.828412,0,normal
285df75e-736d-4671-a3e0-93b3eb40b1ec,2733,User_192,User_291,3948127,846d1504da23f5c65adf03573f0d5c856e1e7c90d3e58af1998b0e3a684df4ed,2026-11-20T02:30:24.828412,0,normal
b9fd3416-8909-4bc7-bd12-f1411c2f031a,1288,User_248,User_164,3685702,12a67d23fb605bfa759d8f2a25841dde3f4f144eebb2302922386d097ac51713,2027-08-04T13:47:36.828412,0,normal
247fb8c6-7156-4445-91e4-f3aba1af42ff,1731,User_268,User_30,4492232,c0d73bbc3b491561c48c0093e95eeb4235f0cd794e2ae1885f238970e41b4128,2026-12-12T09:22:58.828412,0,normal
a508f856-5b05-4c98-9ea2-c4dda5d51a78,2230,User_319,User_378,4313907,38dc83d5876bfbcb243795c2ef54f15c883e06d7716a2443719b00a4a450ea1f,2026-12-22T14:28:56.828412,1,rapid_transfer
3f303016-e645-4b9b-9944-58e934826f23,2348,User_421,User_318,4269130,cf34f1a5b7d115afb6fac4b17124ac57ab71511f10f5c31da524c09b846ab322,2027-01-09T21:41:56.828412,0,normal
3be38f73-e64b-44a0-8557-f708a60c074d,2443,User_436,User_425,4557942,e0df29aef7506a1aaf06e60464b467eaa2776ed0dfe2a7d1430b09d27b7e67f0,2027-06-27T08:00:35.828412,0,normal
bb45e04f-ed83-4973-8811-080b226901cb,1467,User_434,User_401,4247256,560e283fddb3727daaaec4ca5482a150f25011062f34cc10841f6a09f57b1f92,2026-09-14T11:29:47.828412,0,normal
15306946-40a2-4f77-97a3-1087eff05a14,1953,User_76,User_386,3298523,8b8b1b23752a6870a35778c7a3283c77fb74b466f49349461220c3e8a4177cb7,2027-05-17T14:34:34.828412,0,normal
50d4e90d-9458-4442-a6a1-10a8d9f0a8ad,2906,User_87,User_318,2670408,7c9044bf34c935fb1a548ca45ec2ec04c9f6625dac5b33e33a9a7aca72bec230,2026-08-17T07:41:01.828412,0,normal
fa91152f-d12c-46de-9434-2ca448c87b47,2439,User_96,User_372,2390535,72c5caebf58fa70bfaf100f0bc4223388b9d174416a1db45830c5d58c18f34f4,2027-01-22T09:56:33.828412,0,normal
c9f94176-911b-4045-a814-cb453117270b,2840,User_323,User_108,436830,2336527cc4ee31a68bcdf1dd912164e26c45800ef5db1d0302e0309b5337d5cc,2027-04-20T03:20:56.828412,0,normal
94bd03b0-afe0-4730-9e35-34e823c64d92,2144,User_12,User_375,3754599,0d38e2e756ae3171c6b1d519bb2d331eed810f8fc2da0136531df54115028d07,2027-02-19T05:35:08.828412,0,normal
65811a89-3a6c-48b8-9e46-e84cd3b281d7,2911,User_389,User_221,1800669,a5b1710e6d6c2c354a4ca178be8f994ee808b88ecfd5e86cf5c4d44e7c854e7d,2026-09-07T21:36:49.828412,0,normal
bb41841e-1add-484d-9d00-cc4f187497fb,1355,User_152,User_426,2803232,83bbfc6c6d70122aeef517ac1a9c58b33161cc896133bcdea20108d1f5100cea,2027-04-26T14:32:25.828412,0,normal
c13dccb7-e5b9-466c-9d55-eed0aecf8913,2839,User_192,User_490,831672,48082c0321a236e079f7d27c49b0c7b6faa2b0c989d387647cb65ee42efdbec4,2026-10-08T00:40:45.828412,0,normal
0173b448-aaf4-414b-9261-048cd0e38e69,1227,User_289,User_107,1851414,6883b09f4db6da898918d79299b7268dc1fc497c373944a804da2d8beb0cff0b,2027-05-18T05:11:57.828412,0,normal
072ac766-97c6-453e-8a08-71c7023683a5,2064,User_323,User_175,1713870,4bd96052bfbeee0f8e52bd8ad6e63a76bcfa5a409fb77d6cb5f25c9081019c5e,2027-04-09T15:29:33.828412,0,normal
cc14d7e4-e487-49db-be78-dee12bba7b0d,1014,User_242,User_442,2065236,f69a5965ba812b8ce8c870d3b805ed92bf87b6e1484a14c0dff0612bdd0d8382,2026-09-14T05:42:33.828412,0,normal
3873eed1-b928-4993-b8d0-a4a8b142d7c2,1377,User_44,User_383,1726783,5f33d073d4390d2d065b18ddb39b5ae800b0af7f968385a8737f6f51e3f7a806,2027-01-29T09:05:54.828412,0,normal
afc4493d-abd5-4e74-88d0-edc8819cd599,1788,User_389,User_321,2434823,f469a4f760138309675b49b19cd6448da0d32d01b3e0a13896083724cca35fdf,2027-04-11T00:06:21.828412,0,normal
5d12bf33-0332-4eca-9542-c97cb72bbf66,1984,User_20,User_91,386817,78af3d8f6716cc227efb2cceedf5bed6cca1d70f2952bfa8a4938632a029f8d8,2027-06-23T23:22:11.828412,1,abnormal_price
1bd4eee5-b741-4784-9d29-74e36ed150a2,2111,User_259,User_41,2349668,1d4489e69ffa283d9d86e5c1b4e7c6a2527412794d67daa95f04e2be472fa848,2027-07-27T08:21:36.828412,0,normal
f1eb55ed-817b-40f2-96b6-92145e858c7f,1802,User_267,User_264,897876,ef56d1d58eee64be0628f90446094d5e8c1eb9ba2b98b9bbd7dc9add6684743f,2027-05-20T07:09:22.828412,0,normal
b16be519-071f-476f-8e0e-97806b6f03b5,2130,User_304,User_389,1696401,4373f57983f7a73799584d0cdc5644b36199a567115390b4bf9210fa33c99673,2027-02-13T03:40:35.828412,0,normal
f076aa30-6f29-4255-b5ef-074dfb36b0f8,2043,User_103,User_460,1261261,e56264ee8f49c01b92a4def556dce70cd451b21204275b438e120f76a3652e1c,2027-04-13T15:24:29.828412,0,normal
f0a93b99-c45f-4275-868c-29fcb054b2a4,2574,User_412,User_134,4318743,cfa246246904511896af155575f5b7bdc2184de49ddc8f181b7ca69f5dcf5d6a,2027-07-29T18:55:34.828412,0,normal
edd34625-3633-4172-a74e-2b19356d79ae,2664,User_114,User_44,1293816,bea047250290377afa445e0105f1ccb27adcf32d5e1ed5bb6fffea4f1e51b33d,2027-07-12T14:28:48.828412,0,normal
d4596a0c-471a-4c01-bdc2-ef835234e75f,2034,User_274,User_239,4406688,708cdb74a6a0fff4eb913e9f9f6b05f1931b59170403651aeb6aba2a0574a1f1,2027-06-02T04:15:50.828412,0,normal
dc8a9487-8fc2-4b33-bdfa-0e5c0bb66717,1412,User_410,User_390,4033162,b9dc61cfac46bc5765a287019969a6d03bdaf2cede9020852ef4d07cecb121b5,2027-04-01T14:18:32.828412,0,normal
ac889b35-30a5-4959-a296-bbe3f51747ad,1191,User_218,User_160,1639329,3b6fdb8b75ab7ce5f0f431c380a230f7e63bb800ce1616f2e8f27b14c8593c32,2027-01-11T05:09:04.828412,0,normal
60abbdaf-ff10-40c7-b1ac-f9fce5921ea3,2859,User_351,User_390,2211040,067fa9b250a2c97b49ed24cff9fbef83e1db3ea234654c5d4d52d9b8ab045642,2027-07-30T09:48:41.828412,1,duplicate_land
92a79452-be89-4c29-b087-89521ac203fe,1594,User_347,User_361,521780,03769ff591349b90a95cd72f240075f5dc6fddb4d60ab257f32fdf85e049cedd,2026-11-30T06:01:15.828412,0,normal
3d8a680a-eb48-411a-8106-28eaa0175d10,2208,User_38,User_284,534931,cd31a0bb1896dbf70ca9f38e0a445196356d940050aa37d93bee37e203d5546b,2026-09-10T11:22:49.828412,0,normal
6021837b-31d8-469e-b982-8a18d96123db,2800,User_403,User_418,3525133,bfa9698f5bf858bc7d0f9c668cc786503e748fe8366ddeaf073ecfe0473bc065,2027-04-08T10:58:48.828412,0,normal
5937d9d6-527b-401f-9703-09fffb13d029,1417,User_403,User_430,1193287,893c3ce830f6bda916734c1d7ff73bf72a44ed09b7bd317cb70d4b4d9d98cb08,2026-09-28T15:05:32.828412,0,normal
fdfe90a0-49c9-43f5-9bc5-162da97e6d44,2891,User_121,User_329,775455,0953d49f973d66ed6ffb8bb5071192720f43c8e0fb44a594e7912a82b83e6312,2027-03-04T00:18:48.828412,1,abnormal_price
19006f5d-4b83-4158-a500-79a9979ce809,2097,User_154,User_422,1624271,838b75466e4b0ffe05374c673b773ea7dcb887a6b9c590cfab1c1177a51b8547,2027-03-21T17:16:03.828412,0,normal
13350a93-6e7c-4db0-8837-ce82d0cfec8a,2894,User_190,User_449,5499550,0c0d240e3b8fa8b09de3347825a962856ec430372c81bf2d86dd333896d6e9cb,2027-08-06T03:58:46.828412,0,normal
3a77564c-5fb3-4ed4-9fed-ec8861dcc237,2806,User_263,User_138,693340,1fcb5e6baebddf4ae81cfe20c1a4ff65614e0a713d08aa2546be01e104bae42a,2027-05-24T23:54:08.828412,1,duplicate_land
678f8e52-b765-411d-9e8b-0c426a37558f,2580,User_104,User_287,1240355,ee4b7dc4daaf0ab4e68efa6a6cc6cfefb2baaae881119a1cfbe07daf4c66d126,2026-11-20T10:00:22.828412,0,normal
6df88b3e-ccf3-49ab-95d3-890f939b9630,1735,User_52,User_251,3913012,94459f2951870b1f1f3a993143ed92f190c7b21f67e94fdcc25b8375ae16f07f,2026-11-29T09:54:58.828412,0,normal
247a465b-8e60-4c2a-9222-465718e4e271,1991,User_404,User_156,20663938,64e14c96db8454a1a2e5eeaad5758bb7b24c9e1e67e807f6cccd669437b32934,2027-05-30T11:23:13.828412,1,abnormal_price
9a629751-cc77-4e58-8e10-e1f9c0d973da,2912,User_437,User_351,2557301,c7e4ad1fa5119441afb2f30e0f20d3f329058df1726e441dd39c0bb0337daeb7,2027-03-13T15:38:21.828412,0,normal
2d8abdf5-48d1-4a53-ad32-d1795208c117,2617,User_445,User_167,380342,1392221da75eac56fb56a759df92e7d7851f5ab7e818e85e373996192ca11e72,2027-02-18T03:33:48.828412,0,normal
901034f9-2a4b-440e-8dbf-243d86593e7e,2876,User_162,User_328,1389866,5cdf52d5956c7e71b1e3612faf9d8734d03d6b7418882ea988b50bf468c7d32a,2027-05-11T12:27:23.828412,0,normal
8945e359-0d99-40fe-b4c7-2f0ee708312a,1358,User_425,User_342,780497,6a11685b9a9f5dc138201cb557222cbc7f8befb96571021648d2b834d6608981,2027-07-20T05:28:35.828412,0,normal
053841a4-073f-4f93-960b-9ed8bb8d3993,2025,User_278,User_117,1743228,d8c89ba56cb474c4fda8e1750306b97cd08e3c01dddefa91cbb7788a521a27fd,2027-04-01T03:30:25.828412,0,normal
f531b629-a17c-454a-a440-f57346aa822a,1900,User_424,User_185,3370615,e2fd00e643dabfcba38b79d290109039863785a075bb0016325bc8308f89702f,2026-10-26T09:51:56.828412,0,normal
9c571430-7f54-4ba6-9562-d75975df8725,2005,User_1,User_312,1953136,012b0df808af2f22be22963721bb04341a619ee0fa800b31b1d037ee5aa1bdd3,2027-02-11T14:56:43.828412,0,normal
062bed55-f115-44ed-9d65-2ee2fbd29737,1450,User_45,User_24,326676,2715286a42c208cb37bf1d4fc8e25b1bc192ad2a2d138b55c530933ff0d2172a,2026-12-10T17:58:53.828412,0,normal
04724586-a8a3-4503-b32e-36a9b049072b,2752,User_181,User_90,1043160,ca97d19563ed07975abb1de522027e038184883b6b5463d10546aa4cef2f309a,2027-07-16T02:08:22.828412,0,normal
c8304bd3-cd68-48eb-9b09-9791b3b87966,1459,User_276,User_433,457707,73c5aa2cb9a96604096cb5688304ae403d63798a135323c6eb0f8fac97f46c10,2027-04-01T07:29:40.828412,0,normal
e24d549a-a077-4db7-bb8c-9711cbb84478,1266,User_370,User_356,4103510,68c19165d3b227a0608443956407e6cf80b839d8dbed8de6e9075db159ebc012,2026-10-08T05:04:50.828412,0,normal
b89e82e3-b589-469c-9328-b664efd800fd,1850,User_88,User_192,4333841,6d1d2747587015e3f5b09c7621fc9256a5817de4069061353d9f6f700e4e938c,2027-04-29T01:10:38.828412,0,normal
e3b8ac12-cd04-4e57-b3fb-7e0844df63a5,1971,User_358,User_118,1011871,a446d85ec446617ebc148160377cc7e907cf37bbeb194fae17524d7e7725a164,2027-06-14T06:46:04.828412,0,normal
4bd0f90b-ac6e-4110-88d6-084d872edb4f,1575,User_292,User_327,2890539,02a4554e353119b4828e6e5aaf0d77651b32b7868513412a8205f89810ffd00d,2026-12-27T16:14:00.828412,0,normal
be924842-29b0-4c8b-888e-49dfc5e507a0,1598,User_154,User_126,768391,0f9b701da556a5d3fdb96a30d67d06d6bb8233db0dc056dca7a1d051a6bcb5c2,2027-03-19T21:24:50.828412,0,normal
26dac827-717e-4e92-97a3-4727cb302350,2281,User_383,User_7,2284168,894d79b998d5d288c8d8f6f37edeee1e3bdb1da73c372111fc1adf456d37af62,2027-07-13T16:32:44.828412,0,normal
58972b81-bb20-4010-a8a8-4e265f2c5e3e,2794,User_236,User_322,3072116,6dd9b0553ccefdf2d759d1e90072e0d1dbfe521c0310397405dce9b1f14d089f,2027-07-08T16:01:25.828412,1,abnormal_price
723d4256-e3cb-4609-a3d6-4838793467b6,2827,User_310,User_130,2232193,caee2da1cae453e385e080508454c79d23299eaf553d595271aa627f7cf2feb0,2026-08-29T01:23:18.828412,0,normal
2c07a34b-c70e-4bd5-b3ff-c594805722b8,2518,User_258,User_357,1272967,e5db1f41fefd6a9c1a7c6c70454d669c3dc46b5da501e9c73e48c369fb65f816,2026-09-30T03:57:20.828412,0,normal
8314076b-8dba-49cb-a442-12e0be056fd0,1260,User_122,User_203,1125072,cf61b254a81e42ff85c2b886df7eae7fc9855fb0daacec9077d53bf58122e61b,2027-01-29T10:30:56.828412,0,normal
091fc946-c806-44ec-b45a-ccbf2b34b466,2265,User_430,User_419,1900600,4e8294fd0aff4c1b228cd862635af77a50125c076d61ea2fd6b0b73a862eff63,2026-09-29T09:43:42.828412,1,duplicate_document
3faad32f-c874-4659-9622-6fc626dfeddf,1093,User_293,User_250,774266,aa62df0b851c1eefadb3b121fb2565634a432e7dcb61dd8c33f6037c534b8c63,2026-10-25T04:37:09.828412,0,normal
ef553bab-e2fc-4757-b41a-49588092317c,2213,User_387,User_408,1569317,38ef0582a5f0627fac0700627abf921e82edc41eef09f2b0b3c02149291b01b5,2027-01-30T23:59:28.828412,0,normal
c5012031-1814-4dbe-9dae-43ffca3093e3,2761,User_259,User_182,793116,7d79654fff9da5473be1e4f3bb8420a580457c6ed78b258d827bdaf2c722be5d,2027-05-27T01:37:25.828412,0,normal
6d6adceb-a47c-476b-8ddf-0fa41cb9fc09,2353,User_78,User_309,2566330,483f4adc05cb32bfb6d71e1da954e3d641be9bc05d8ea1e3a2b777236bfb9870,2027-03-23T10:22:52.828412,0,normal
ee0872b1-6eb0-4ff7-ba72-20d55404c6e6,1011,User_218,User_443,3363665,f4be8e5775a8e55ceb272b1a7ffbc04f26ccd3403e0f7cdb964eff3b55fcc0f0,2026-09-05T18:16:01.828412,0,normal
fec90a4a-8561-46b7-b25b-08a205da1ec7,1895,User_272,User_390,7131672,40d2722e87f663d7ab51e6243b67ae0e1f4f9c66f239efd4dfca0825e1919f16,2027-05-25T21:45:57.828412,0,normal
317e4205-25a0-44ff-bda4-4986fb42699d,1929,User_495,User_252,1524069,26b1a4b06f664fd10e23c314434ecbe670537396ce6c14716419d3e52fd5fb03,2027-05-04T11:31:02.828412,0,normal
bcaaf0cd-50b3-4d81-96fc-9f03d60e152c,1652,User_444,User_27,3741176,22428d8951e9c0de798b3f87713290cfd2fdeb77e1c76a25fe17946145d874ff,2026-12-20T02:06:35.828412,0,normal
52e673bf-ccc5-48a0-a6f6-e3e0c537c503,1708,User_437,User_358,1813663,70dead447034e689e45b136b03e422d3056e51fec91297422a7b2474a11b4528,2027-03-23T06:30:02.828412,0,normal
18a671bf-9948-4c2e-ba9a-d29fdf845aea,1483,User_356,User_214,1659505,e1b66fa2cc67974af3499c0fe06335751d7b025901551069e82bafdaccbeb9f3,2027-01-29T22:22:09.828412,0,normal
15ffc176-8229-4e06-a567-bd16c3423223,1006,User_14,User_295,608770,285dc43db3df462204fa58be648af95b1d175c2fbdc62adefc76e576d9114936,2027-05-05T12:17:31.828412,0,normal
6532552b-22a3-40ba-9439-a49f32747199,2708,User_64,User_84,3131483,bb4e7353bf1e6c353b43aaf41ec6b4fd5561488995bc6f111a9869dee4205887,2026-09-23T15:03:37.828412,1,duplicate_document
266b45e7-0c43-4bda-bd54-a34b929d313f,2000,User_74,User_480,330974,2e927ec06c435d217fd25fa9770b92593fae698a2ae46e9779b7fb5e7f170a7b,2027-06-02T05:56:30.828412,1,duplicate_land
6ae29bbc-1e8b-43ac-9a7d-a5619b5db7a0,1870,User_251,User_37,1152624,ac4f4edaa23a6419e34803cab2fc1ff541a38c9de2fa236a6f864f89ef95d680,2026-11-20T14:35:35.828412,0,normal
3c6fc8b5-b008-43f2-88b2-2e9271eb7118,2470,User_264,User_13,1098562,6dd165cbd1c2b55bd1ed7403049ac93d3d908407aeceac332226da3f559c0e14,2026-08-26T13:51:06.828412,0,normal
ddd2b0b2-fc41-4986-b2b6-e09c1251b976,2314,User_312,User_407,3168559,ebb8f58e99cea7a83096ed7c38ab1b716878da30690b22c279b6f995ca4dfb2d,2026-12-06T17:53:57.828412,0,normal
a9128093-2bd0-4da1-b266-c389c0d4e789,1929,User_252,User_227,1691565,26b1a4b06f664fd10e23c314434ecbe670537396ce6c14716419d3e52fd5fb03,2026-09-23T03:41:28.828412,0,normal
26cb22a7-8369-4e3e-8f59-0301af2748ae,1392,User_154,User_440,1110570,86b2e81196b7ce9215db4115343ce76bca7ae4c729fde704150e63167e317cbd,2026-09-14T02:43:46.828412,0,normal
196c21ba-6177-491f-bf89-76523c234aaf,2192,User_375,User_89,1170393,90e808eb1d763199ede4727c319d415cf8829e6bcc7c3887d209f24c376c526d,2026-08-30T14:25:45.828412,0,normal
dda38a20-1468-4383-8f3f-0ac8e8f0055f,1175,User_179,User_210,2949706,b62e19ed219b6302e0ff6b45ce5cc2087ec39ebfcc5c39a2c7640d16b1690668,2027-01-13T16:48:41.828412,0,normal
f574b6b8-ffa4-4897-b41a-66ba94a4ea1d,2735,User_286,User_85,471699,2b3a6f1dbc6a983fb68aea7bdebbc8eb296a52b4a458ad63bff3b9b189cb7396,2026-12-16T23:36:59.828412,0,normal
84d10ee1-a39e-4e25-b1c7-fc4e43761a8a,1365,User_217,User_465,1741933,92d2f8fccfc7dd09bf3c2748266481a243f450cc4dbf79edf7616dc93a04bdf7,2026-08-16T20:50:20.828412,0,normal
9182d9d6-ab62-4829-ad7f-e31e6c836560,2538,User_291,User_272,3279472,4c7e3334840ea21a170e751a8b508ce42c14a00fdbb2429fad63af1514e71c0a,2026-10-19T05:16:10.828412,0,normal
55f9f628-cdac-45d8-a1cd-8ed1cfa14b68,2122,User_485,User_151,2422676,fb74de78d064a1abffa2d4a5e7d00a3c9e9c0bb22cb2d54582cecf645b8a47ed,2027-04-19T06:08:30.828412,0,normal
a112e439-a3f6-4362-a6bf-79e8bdf3a117,1657,User_235,User_279,3567427,2e2e4cdaebe42dc1c2dc6a1319f2ff193fa08ed75cc7700199fc40b30fa4157e,2027-02-12T04:46:36.828412,0,normal
1f5a90b7-8358-4b9c-b164-0ec8a06dbe85,1592,User_499,User_248,977518,3729ec6a44732bf34ac54ccc48d793c6d7dcd14f4f15d0be063c42e96b2f9d5d,2027-04-03T02:46:33.828412,0,normal
bcd17250-4f6f-4031-a0ae-165bcb48dbe0,2862,User_34,User_245,1051208,de3acfb9ab6f314edbb1aeb243aa41c8b57878bffc0d3632b5d8a9db1c212bba,2027-06-11T02:17:52.828412,0,normal
e2ec2763-e9fe-46e4-9031-5b92296369c8,1609,User_487,User_236,4806988,9a1693a110b0a9e670b7dfbd178372bb5ad879fa9bbdccd1b2449a924a16e453,2026-09-02T15:00:35.828412,0,normal
e98b6319-2529-4cb2-bd12-eb2e411bd477,2221,User_239,User_438,1768074,019096b78707093793b9b7c72f1c261d1e7251fa54a2cb9b2f473fd164953754,2026-11-02T21:54:05.828412,0,normal
9b3e8f93-68ac-4cdb-9166-bbb18af27d27,1844,User_28,User_445,2157034,4dcc3d528afc5623a88ec28de87440ce03ac722a27210651013203de74c9f1df,2026-10-20T10:33:24.828412,1,duplicate_document
a0db0071-956d-4ec4-b3eb-3bdb03835e3c,1505,User_242,User_405,33434756,c077a00adc046e6b504522128c034c724e9b00830ad8f8454e405ef55c91eb6d,2027-07-11T12:57:26.828412,1,abnormal_price
ed0af193-abd3-400b-97fd-7b65b5c6d129,1511,User_9,User_277,2917053,29b28eea402a221827d13987e2e049106039981d3871bbd3ce345f9fcaf4d222,2027-02-08T19:52:16.828412,1,duplicate_document
b7db67ff-6d29-4dab-9aa0-4e62671327b9,1670,User_57,User_319,2043414,a30b1330454cc50777eafaf5eb3518b7ac41385cbe245d1d88f0b37e3c14d52b,2026-11-15T00:12:32.828412,0,normal
87dc34e9-363e-4a8e-a16d-66b80098f712,1585,User_483,User_224,4349071,de6ecc53b7a077834ae67f712988043ad118511114baa0284adff38aa5338ef3,2027-07-09T09:45:58.828412,0,normal
3675ec45-35ae-47fd-a7f6-91b06fd23520,2794,User_236,User_126,445681,6dd9b0553ccefdf2d759d1e90072e0d1dbfe521c0310397405dce9b1f14d089f,2027-04-14T14:11:08.828412,0,normal
89c52b29-7f82-4c22-a256-2bc841607f2c,2529,User_87,User_490,635482,521d30b46680d596d808a97ce9b0fb5cb51c0cf40b289c38bb7c730a43fa5d5d,2026-10-05T09:30:57.828412,0,normal
2e662368-6db5-4c46-90e5-7b748ffa084b,1534,User_191,User_113,2590514,5cc3cd8535f1450e2aa4b80008258e162fc8627714ec007bdd2c2e4e02459a81,2026-11-19T03:50:56.828412,0,normal
be310631-0b63-41d6-a317-1ea780bd49a0,2159,User_232,User_16,3959101,a854162bc6d26dd0833289401b2b8c94984ae9bd7162341f79ec5dcab1268821,2027-04-13T14:39:06.828412,0,normal
a5ce30d3-59d5-49e4-9da2-52771ee193b1,2354,User_373,User_203,4663728,238b3a183776366ed91db76eadd524bd177ddd6df6ac23615628d065d9af5a4b,2026-12-20T21:04:18.828412,0,normal
521a7d4a-1d70-4f3c-a1f6-721e7bfba4fc,2705,User_305,User_345,1742262,52e7835f3228ab265fc387da18506c60d8bf8af87f906a084c29aa850f95994c,2027-07-02T19:15:00.828412,0,normal
11d78536-9bb5-4c62-a267-32d0e9d10d16,2529,User_490,User_264,622470,521d30b46680d596d808a97ce9b0fb5cb51c0cf40b289c38bb7c730a43fa5d5d,2027-04-07T02:06:38.828412,0,normal
d819806f-03c4-4d11-ac53-3469aefedfc5,1826,User_335,User_223,3820946,7ce70555830c35c266d5f9a6ab8166d63265af2a355a4936bc9df4b6fed94187,2026-08-20T03:01:19.828412,0,normal
688ac5f5-c562-4fb8-8de6-69be1d8d7e0d,2384,User_272,User_431,4475051,73dc3c01586ef98e8e17efd2d55704041b3824c18bbae82e2bca9a6c8ac4982a,2027-03-24T18:25:41.828412,0,normal
bb9ea77b-66fc-4ba2-9fa2-0b0e9e5e8435,2998,User_221,User_69,5323068,21690f9809a5a35b2d9e51bf8fd7b32c13876640fd22a56fdece8ce7deb38e0a,2026-09-06T06:27:17.828412,0,normal
b8e3c570-9c62-4011-aee1-0cc54a7e382a,2399,User_50,User_42,2716637,95023bcb8cc90b5045072e3873103b3c2504646e7f1c44b325e4d18ffc9c70b8,2026-12-13T05:14:33.828412,0,normal
70739329-b415-4bd4-b39d-2637f058fe4c,1198,User_432,User_154,4138018,69c8058714a9ca8cc715c4b8075860b6f852624760e4c32cb913f07450db0a73,2026-10-06T16:53:49.828412,0,normal
e9839ed6-f26c-4f7a-bd4e-92d9188eabe7,2035,User_94,User_449,1752000,00c407703c8c93e9a97818614b1b6c044339490701c056285e947fb719d8861c,2026-10-14T22:56:41.828412,0,normal
86dc19b1-15b3-44bd-b6cc-18cad1b21ba3,2599,User_44,User_496,3743089,dab5108009db10d9e9b8473287cc982a585f2eeced2e10deeec3ddcbc5df3056,2027-01-20T16:33:19.828412,1,duplicate_land
01b8b41b-1e13-46a0-8a59-ca7f2b7a4ecc,1826,User_223,User_418,3599881,7ce70555830c35c266d5f9a6ab8166d63265af2a355a4936bc9df4b6fed94187,2027-04-15T08:21:02.828412,0,normal
e743de56-4f3c-48bb-9697-5c8edd335408,1289,User_18,User_99,712503,b48ce8e4068be55eb8ba3ea052c1e334bd64eea2cc75815c1caeb6b056e0c058,2027-06-19T23:55:14.828412,0,normal
6f60988b-4815-4b7f-a097-8b80d61d2a43,1454,User_160,User_253,4305865,345b359b14eb3ed5dc21684c13e045924195e1526db1a95453e1f5e11b8bf304,2027-07-30T12:09:13.828412,0,normal
87af8709-d627-499b-8729-89c345026704,2853,User_26,User_60,3617476,7f4dec992d8428a14d63a8092ae1124012644e36d566a4873df652b855060410,2027-04-22T09:36:27.828412,0,normal
7f63c576-2c84-457f-a000-52294c437dbf,1955,User_349,User_265,3005359,2cffb434ccb79a0ee1bc9ff6625172cd0a700dc7e879efac0183a705e89ea76a,2027-03-20T21:20:21.828412,0,normal
721de34c-5c1a-4882-8337-c7a96226adb5,2100,User_235,User_68,2245115,aad6b4a4cf1a018b9f3ccdf66f7e5f55ae8dc1814760629db25994830d39598d,2027-08-13T12:08:15.828412,1,duplicate_land
795b4608-4d98-4bf9-82f5-535eaca0bed6,1087,User_144,User_488,4554806,5c84628acb3cbc491c1f3904df2cde273af4b79f9b77dc132b367f961788b461,2026-12-04T14:03:32.828412,0,normal
55165297-03c9-438a-9f3d-16b5e86967b4,1975,User_16,User_123,3458499,79789b88a68aa18afab5147f7fe375d001dc7054121d022c5ac26e05e5426e60,2026-09-18T04:12:23.828412,0,normal
a74867c1-806a-4094-8e3c-d46375735cd1,2638,User_94,User_341,2187453,c9d7c6ab7c744448d32c85f80ce83702f8de134c6a57d3c75f359466d1891a27,2027-05-29T16:28:55.828412,1,duplicate_document
c9ef4b74-eabc-45b6-b345-f823cf8addab,2752,User_90,User_305,162661,ca97d19563ed07975abb1de522027e038184883b6b5463d10546aa4cef2f309a,2026-11-07T03:50:30.828412,1,abnormal_price
e21f5a47-6bd4-4fa4-952f-deeae9394c72,2802,User_157,User_239,6001515,52b3cf855f2bc32e747073765245d7a50198c9ed7e8a67958cda19591c9db80f,2026-10-04T05:47:32.828412,0,normal
8d45c136-a10d-4fb0-9d3f-423f06cd390f,1248,User_437,User_441,564173,051b831a270af9b2b9b73b382b4f7aa253cc8ced8f7baf418aa79195ac932315,2026-09-20T16:29:23.828412,0,normal
8b5452f5-1b6c-44ff-bfd0-002b5f4614d4,1395,User_430,User_454,4966902,135e5b57eb38307a2ef23130d6385c95a800fc82178d34874c5d2da963605a6c,2026-12-22T16:57:36.828412,0,normal
c0dd56af-a685-4ce1-91d3-334efd2af84f,1817,User_277,User_486,1165585,5baf3df8b8303627b58fc6dc34878941e06de909a768173a5bfbc43ddf4b6f4e,2026-11-20T22:59:28.828412,1,duplicate_document
31f0ad4b-6aec-4bc7-841c-b634fccab82b,1053,User_139,User_105,4900016,711ccd3a0aa5c7f8c01cae86e78b67d74e3117fda14e0caa6df6a60aa1d3f049,2027-04-15T16:14:29.828412,0,normal
5556650e-f263-412f-9412-f57ba2bb7478,1780,User_489,User_406,1554692,55fe87b0f928d7e0df19d190cc8ee771a2ae0b76ecfba94dff90f207310ab69d,2027-06-09T01:27:29.828412,0,normal
7e11e2ef-53b5-4c39-a266-bcc8a572a1b0,2445,User_400,User_39,4873301,3b6cedf9bba18d429f9ba574f6a72a544274b1641e4d5fc53a523ce7d9e39c77,2027-02-27T02:53:41.828412,0,normal
c309be34-af79-49ae-b3e0-6d46a2e4d7b8,2733,User_291,User_98,4032117,846d1504da23f5c65adf03573f0d5c856e1e7c90d3e58af1998b0e3a684df4ed,2027-06-19T16:36:50.828412,0,normal
74889bcb-42c9-4e84-9f46-9d211ac96c3e,1012,User_384,User_261,3071892,f9dc4b24a3c45637e0d7d5e731b36f41f81f620e449d2cbd3724b7b695a48fcc,2027-08-05T20:18:39.828412,0,normal
4eb15b34-98e5-4554-b441-677acde63bbc,1395,User_454,User_338,5284184,135e5b57eb38307a2ef23130d6385c95a800fc82178d34874c5d2da963605a6c,2027-06-06T09:50:15.828412,0,normal
82868a9c-cbd6-4d27-8c56-12a7256e68b4,2700,User_49,User_473,4792498,fc8e2a6fd8ca12a834548d480dfddf051fe6ddd7eefe94c35d16ac05387e2de2,2026-11-06T00:51:07.828412,1,duplicate_land
e83acd68-0266-41a4-aa81-5b2fcfe8dd51,2461,User_439,User_51,4052312,bda3ad29596b158032bc22f7a5d628f2806e750fe06225e2d01cabea79a435f7,2027-06-01T11:43:43.828412,0,normal
6309ec87-42c2-424b-b60e-d48e97a13d15,2035,User_449,User_175,1732106,00c407703c8c93e9a97818614b1b6c044339490701c056285e947fb719d8861c,2026-12-03T06:34:36.828412,0,normal
8234e3a1-a7e5-4512-b81e-51413ef04bb8,1972,User_218,User_462,4456734,71bf4c3e5384d22fdba7c3e96c1b70f6b73657ce9654ea62f7c2b1b3d1ee519c,2026-09-14T22:31:53.828412,0,normal
fc49fcc1-11c3-4497-b23b-0d411d3c03aa,1593,User_142,User_231,5515083,ad1858ea0a440738ea8971d926a788e35fe5fdc2c92c2bfa4fcf998ad5463f4c,2026-12-06T02:51:14.828412,0,normal
bbaf4c9f-ae36-4dbf-9d6d-e23ee10a2762,1807,User_245,User_100,3605631,41a7af8aa87652ab8343d0d164676d561f7c8522c2fceded57a62308559fbe53,2026-12-14T17:45:50.828412,0,normal
5ff7ba85-22ff-4647-bb45-e0e0cd7bc8a4,1862,User_234,User_93,623752,fca5ab3d7ee23d2fd6569d2318ae7f3614f90790bdc9fe604223b3ee7bec6041,2027-06-07T09:09:50.828412,0,normal
8550afe6-959e-4b14-be5e-69368c24e483,2053,User_236,User_179,5456157,9906a8dcefd7c9c588c4564134596f6500c5eff86720d9fd5101f93fdf47e51a,2026-11-01T07:46:28.828412,0,normal
98f52508-80f0-40c5-bd0a-034499343690,2623,User_25,User_402,1525474,8ba9d06b402ebe2fcd704fe39647b16e2cebb87691140019deece1e04ee15e6f,2026-12-26T00:44:58.828412,0,normal
b42168d5-5b18-467e-b6fa-f62cc91b6a60,2728,User_135,User_128,2850573,40eb8290d9291e92836ef1e8e2d9a2fa3095adc14ee88f7dd6fbb602edb21f7f,2027-03-27T15:20:22.828412,0,normal
d22a4ef7-c109-4565-8fb9-8ab5b29b15fb,1134,User_246,User_438,4459906,77b9caf0e1dbeb97dbc8d5a5b41b91d77c09b403d8cca4a3d2498edf5d4a7663,2027-04-04T00:26:01.828412,0,normal
6621c2da-52f0-4318-958d-282a08dde428,2421,User_146,User_219,930156,edf1f21e4c8c6265487a2eca7d5b3c4f7cb5dd361b99851ffaaa1aafd7b3624b,2027-02-23T23:27:11.828412,0,normal
721f8a00-1878-4c80-908d-e1f401ca7c43,1057,User_8,User_44,5282972,9dadbbf3e54c0664595121fe2384ea99c83b782766ec2b7b6e5649b56484deb7,2027-08-05T11:44:28.828412,0,normal
48e1c74d-3f94-40c7-8a5b-ac7e553fc934,2682,User_8,User_148,2944842,37c2f2ca41bde879fe8d4abdbb76767d9ae37ca1801d26acb1961e44eef7f347,2026-09-09T06:42:03.828412,0,normal
d6fc76b6-b83b-48bb-9cbb-d91b1303b482,2883,User_12,User_277,910910,65850e28e7b016390bc3ec9efa20a19d29cca008ac270aae517cac9f8f2d4eb0,2026-12-12T05:09:05.828412,0,normal
bad8210b-de3d-4d1d-ae6c-9a68bcafd2b1,2365,User_166,User_405,574343,06d52d69e5cf9862b36373eb3119b3697d33207c9df3f750c63e353791204aa4,2026-09-05T01:03:34.828412,0,normal
9ec7feba-4bed-4022-a544-585eae0426c5,1633,User_364,User_140,759465,8a673c0bf1e5526de6b23c7f3a4f76ad4a72e4f1a7b8689a1aaa7b02eaf321c6,2027-02-14T13:03:05.828412,0,normal
1483bf27-6822-4b0e-849d-3776dd92d242,2299,User_238,User_249,3179572,e884e1f236829d05c26a1b6ab7d35ee40c8bf3ffe722b272c45e24a82414d6aa,2027-06-12T20:43:45.828412,1,duplicate_document
b3c9643b-ebd7-41e4-920f-4634582083eb,1375,User_399,User_228,4868160,c5ceac864da9362ca93c6803efb157f8b7932e5bc81d4ec15e6f7f6983a3d48b,2027-07-22T20:29:07.828412,1,duplicate_document
24c32c0d-32e6-42ac-9e45-f3b6e5ea5d2c,2782,User_121,User_103,4333616,4d6c4691bdf7656762f13cc93606cc564e5cd3a527d4f4212ca5d574c488c59f,2027-07-28T16:37:09.828412,0,normal
161ac904-e092-48ad-8b7d-9ae1c86dc67c,2129,User_59,User_387,1316850,e3ddf9e10047a5b485c55d830ff3548e1cc01dec963e56c4a3fe8ca7676495e1,2027-06-22T06:59:29.828412,0,normal
c9f4bc30-6580-4bdb-8357-c793c585dfb8,2975,User_2,User_306,384894,5d83ee182678ee691beb443ba4f0e1ed75a80dac762fd6f55e851dbf255141f9,2026-08-28T06:37:34.828412,1,abnormal_price
7e85bba9-a265-430a-8b29-12b3a20a540d,2630,User_275,User_37,539509,ad95ce293493ef0675ef07ca83a0be34293ede0b27850bf24c25a45376dfd6a2,2027-06-26T01:35:24.828412,0,normal
80572907-ec9a-4c22-94d5-494e96d92d98,1960,User_305,User_358,2017181,d360f3e5f40cc20ecadb4d29063df1d754eb7946eced2b217c47ada1f89b89a9,2026-10-17T01:27:00.828412,0,normal
4e172115-a09d-4aab-bff7-8dc84bb58125,1473,User_493,User_57,4641200,655af3f0251a1c6cb9d7441921c2d1c232174e0386099f4a9e203a5ddad1b8c8,2027-05-31T20:48:51.828412,0,normal
34184f8b-dccf-4e34-8e67-eac3db79c796,1356,User_434,User_105,4782515,f1535dec86cec154690fba02a5a6c50cb065091fff2749a9a0143ff32df005a8,2027-01-02T00:31:14.828412,0,normal
4f75a099-6214-489e-9ce8-3d811f7e664f,2488,User_364,User_274,988716,faf45b39f1c040ecbace2b0fd978b607a66f86bc83447fc3ffbdc3e73bd13702,2026-08-29T15:43:50.828412,0,normal
e4ecf439-35e7-4abc-a9df-b8c3b4e3fc69,1811,User_70,User_377,3817850,e0ca0e18e89d31369a19901cd743be884bdf8e68a7ef2bbeb34bdd4e90360f2b,2027-02-19T07:59:25.828412,0,normal
78fd10c4-3666-49d3-be2f-89d547e8012f,1697,User_238,User_294,2315649,9ddd53f61823ea16bdac7790d18b0666fe26e8ee0f2739f7de769977ffa2100a,2026-10-13T08:38:22.828412,0,normal
10fc0367-926e-4aad-8b87-5ae82ad06f4c,1022,User_3,User_453,2230263,7ab5e3fa75f124299362cc1d8d51658b153bab0005d3a011ff3d6a0defca2fba,2026-10-20T13:06:20.828412,0,normal
d43dcfc7-41a1-45b8-ad07-f6776d5d1eb8,2653,User_67,User_181,1202792,465114edf5cdb6da3daacc392a4e77e4bf46a768e8b317fe4f1b83bc8a4fe5e8,2026-09-02T08:19:06.828412,0,normal
e52b0008-a4ba-4625-a17d-20ee51461d18,2492,User_142,User_225,2140734,165dfaf74a3309b7f7e27d1bdc552a7d02d718780b504d2f64db1a5f44c657e8,2026-09-23T02:09:08.828412,1,rapid_transfer
0734cad6-adcf-4be3-abfe-5e85b247afda,2727,User_203,User_215,2336465,7d3676a777a227774da2022e5b3f24c734023581c635a331386efbf181208685,2027-05-18T23:41:24.828412,0,normal
73b2e5fa-37dd-47f0-acad-647e872ae226,2862,User_245,User_384,1127246,de3acfb9ab6f314edbb1aeb243aa41c8b57878bffc0d3632b5d8a9db1c212bba,2027-04-30T09:29:30.828412,0,normal
3cb2785a-0898-4a80-81dc-9d8e68de626a,2353,User_309,User_99,2475858,483f4adc05cb32bfb6d71e1da954e3d641be9bc05d8ea1e3a2b777236bfb9870,2026-12-15T15:00:42.828412,0,normal
c2942eac-bc47-4c58-bea7-cf29c1ec6934,2226,User_318,User_7,1419023,7c0cbd0b5c44e45c95e02b63c23da688f116e2b7d230d6c5595ec0dd9cd5254d,2026-08-21T15:17:55.828412,0,normal
19ed537b-c45a-4eda-92b2-f78db07f78a1,2177,User_239,User_425,2598587,6117b461b0586728082ed58efebab810b75fd514a84b98277552b84be4e3df47,2027-01-30T01:32:06.828412,0,normal
b4dcd3d3-f8ad-486d-9225-7ca3dafadaa7,1510,User_78,User_254,1780048,2e009151ce09c8b4ca8a63ce5e878f5c83ce007edc6c0d599a6c7108f7db2308,2027-04-04T05:18:05.828412,0,normal
df3bde27-241f-45ff-8cdb-af60a9094752,2290,User_449,User_82,3871077,5bf174530327ec8a527b802e0358214a0d0fc5766caf7c6c54266b1ca6bef4d1,2027-06-08T19:54:32.828412,0,normal
57d06ad8-0264-4224-bb6c-e30964a0431c,1726,User_421,User_242,2097672,281e711f1eee85f358ded74de4c90c796b30a0f2bcfb5799f55ab6322b5c57c1,2027-03-27T08:34:15.828412,0,normal
3cea5b05-04fd-425a-8123-a26dd6468824,2863,User_269,User_416,3440753,4c6ad7c07937d0f61c06a61d9f3274e4aa4e8498fe1748d11cadf6df7db997f4,2027-05-14T00:21:41.828412,0,normal
28740a9e-bde6-47b0-a314-51b15fcd42ae,1158,User_201,User_12,2559860,4024a32b05eab92cf9208498ff8620ce1e1bca9acadf3ed487f5a58e986b9aec,2027-06-21T06:09:33.828412,0,normal
8506b39e-1cc4-4d9f-9916-3e7d0e6dc4d9,1671,User_241,User_253,411177,5adf1ce376177b5431aa60840bf8abe033f811374c271fb923cde4985927d669,2027-01-25T02:20:04.828412,0,normal
6af8cdeb-e5e7-4fc0-a606-d4ffb945fdc6,2083,User_368,User_40,1095444,e78b7aa51b39a0cbed0be2396350a7d3e6dd297f22ed6b39ccc4bd21d5a1da46,2026-11-22T23:55:46.828412,0,normal
629bd262-5053-47dc-8165-08d56f6a556e,1857,User_365,User_20,4126677,52f412b4ac2daf5f7054dc403842ff2215b688224e2a3ef8a692949bc0e5c352,2026-11-27T15:12:26.828412,0,normal
bf43bf82-4f7a-4269-8343-cd1abc40c19a,1241,User_382,User_195,878131,fc04a4f21bd97315807485f39b95855894b72beb4053c45524d23b4878b016cc,2027-07-11T23:31:54.828412,1,rapid_transfer
c915a7a6-3a64-4435-83f1-df7385d5777b,1089,User_41,User_373,4097775,0765cc0d01ddd99c1d0b94ae939f57cfb21775e5be46d8409b94740f5c37f104,2027-03-04T23:29:33.828412,0,normal
12538ff0-c0ed-4c88-bccb-306a0db32e62,1385,User_235,User_406,1249117,a87ae08a86ca6b9b0f9c1d6099fe2c334fb3d967aaba4b119ed6f8cb035bcb2f,2026-08-30T03:12:03.828412,0,normal
9888153f-b96b-40ca-8c3d-a44d640bc204,1241,User_195,User_472,850857,fc04a4f21bd97315807485f39b95855894b72beb4053c45524d23b4878b016cc,2027-07-27T14:59:45.828412,0,normal
30e380c2-f1bc-404a-b27b-0057a1a4ab4d,2985,User_191,User_497,3906087,c2d29f53c1839b8417db0139271857177a566b92e85cdd8a6ad0c4a3ab591a23,2027-06-03T11:28:10.828412,0,normal
911edd54-f290-410c-b27e-0bc3427f4885,2573,User_106,User_384,6358367,79d8329bcdf855a260c9e3b27f0e7887a3747dcccecb1a749d14cd1c2677fe8d,2027-06-06T03:28:30.828412,0,normal
c5d79afd-a3d3-4316-bf5d-10767d6f1366,1169,User_344,User_27,631943,0a3053e0bbd5c7afafac6eb48aa4c3ab68a012fc07da09ea0fd52d99003f58f0,2026-12-17T10:22:00.828412,0,normal
fc978bb5-0040-4560-8ccf-2c955e2f8f12,2177,User_425,User_296,2973103,6117b461b0586728082ed58efebab810b75fd514a84b98277552b84be4e3df47,2026-09-23T07:25:58.828412,0,normal
63a975c1-9f09-4b21-8517-be5674f9aebd,2664,User_44,User_297,1305515,bea047250290377afa445e0105f1ccb27adcf32d5e1ed5bb6fffea4f1e51b33d,2027-01-12T02:37:53.828412,0,normal
20dca8bf-9474-4358-afa5-948283e801be,1937,User_471,User_363,2987956,0dc1375511d1b876266ecf8498850cb42a166b01b0bdea86ccf83dd8fb3204e6,2026-12-11T06:29:43.828412,0,normal
48b6ce67-dabb-47b6-bae6-6a091326358b,1305,User_328,User_464,4035107,3e6ae6a54025d25031c7f4cc73edddd440dbaaa4c5b221b799fecd8b5258ef21,2027-07-19T18:24:22.828412,0,normal
d05a6c05-03af-43b7-878c-fb2ee15f3a7a,1295,User_154,User_462,2670507,ef9c9f8e23f4846baa55a2a37a61e511950a5f205f365a9972b2edb7c3f4d878,2027-05-01T22:48:24.828412,0,normal
d925e85f-d5cf-494c-8b48-8ac4240d6d74,1828,User_437,User_396,4122373,564f4d3171b5fd7486456dd033ce34a9a509332ac01f97b16a1a7093028373f9,2027-07-17T13:46:14.828412,0,normal
f2cc6715-6104-4b5a-92eb-a3f3d11ed978,2821,User_194,User_336,4138868,c28d358204baac4c122e106a42fbabaf7518185dfc8ecbd1df0d5adda78a4080,2026-12-13T03:59:24.828412,0,normal
7879192a-b117-46ff-a26d-bc2960e40970,1199,User_48,User_291,4209833,d09cbd35c51cb7feb8906f067d71e4b9e9075b278bc3ac6effb9299dd530ad14,2026-11-28T21:52:45.828412,0,normal
c597751a-d83c-4ea4-9a98-c59af9f709cc,1089,User_373,User_236,4526749,0765cc0d01ddd99c1d0b94ae939f57cfb21775e5be46d8409b94740f5c37f104,2027-01-04T21:13:06.828412,0,normal
ee134b51-4831-45e5-9bf8-85a0b6fcb71c,2362,User_83,User_128,2065495,3f037b5b51e17ce539f07cbea5da24a9554bdee1177394fb00379fe6c50180b1,2026-10-30T11:24:33.828412,0,normal
8240c522-4510-4f98-aaee-0d1080168177,1412,User_271,User_481,519177,7080141489500d06e77ce1342222a2a26b1855a3464f2c65f69373f2fd0b2f6d,2027-07-26T15:07:20.828412,1,duplicate_land
114dfcf7-4505-402f-98ba-f17c1a6ee29c,2301,User_40,User_166,4670860,2578a5ff22a7cef6df78d7d819619bad8cf205f1a8528809d30c7022619a9917,2027-04-12T17:54:46.828412,0,normal
7e94e6fc-fd94-4ab3-8976-58b12cc1c478,1243,User_306,User_191,2446519,386e04195e05ab66d01613c2438d9a4ad8ca8584e4470fcaff60bee8957d0efc,2026-10-29T22:53:47.828412,0,normal
d8bf4e6e-50ba-4705-9af0-526e733150d3,1577,User_189,User_85,4412875,7681ff159d92d7d7d10df5e3bcbee4b1a049a06def8e83f240caf8213e91951f,2027-02-22T19:27:49.828412,0,normal
8f8fd1ac-812a-4571-8716-25427ab41308,1656,User_217,User_350,609178,f71b39d5ae3f8f7a057c1282778c28c95df4a3b4ac280777480b3f8ebc364735,2027-03-17T00:46:06.828412,0,normal
8e0ee199-3ce2-41b6-b869-2123345ff5b8,1161,User_147,User_437,1477714,a02ebeb711b66ca1c363b8547f848b43495bc347ee547b7f3f23be6896255207,2026-12-07T21:50:22.828412,0,normal
d1b0ac50-d949-40dc-9f9b-6737b803c2f1,1914,User_267,User_444,3743767,9c092d2e829cca4145d458458918d888053e676b970679e40732ec3a7d69c483,2027-05-20T22:17:57.828412,0,normal
9949bf9f-3416-4580-becc-93bc1f06311b,2093,User_473,User_352,3069421,88d31ae55a4a3e8f84ce4a0acc3afeecbfad218b3f10520bdfcdf9d6736ccaaa,2026-11-01T04:15:39.828412,1,rapid_transfer
d5c014dc-260f-4921-a337-aeae2ac36f97,1188,User_345,User_357,1644170,c997301c5f4c7d56ac071ee39e212e6fc3c454f7049197e3749a0dc5c48d8e1b,2027-03-17T04:20:41.828412,0,normal
2f790c28-503c-4b4c-8114-72e86a7995e4,1970,User_227,User_105,2657327,68700c956d92e55376ec702f6fb76ffd7c427365804b2d776af1e6705f8d5d8e,2026-09-21T05:57:48.828412,1,abnormal_price
53b4ad9c-2723-489c-96df-e50b604fe4ed,2248,User_69,User_92,3543226,87b41059a5c79d18fdabdc972be2c40f5d5adc11a1109f1b40a5abcb1c1d09d5,2027-05-06T20:42:11.828412,0,normal
69729be0-6269-4235-826a-0175e21a8493,2718,User_337,User_313,1463772,f25a493ca42e2b180bc4d460e5a5f4e1b9ac6ce179ee16c51c7978f5e655cd3d,2026-09-05T01:39:45.828412,0,normal
afa67d8d-7df7-4653-86ed-117d3bbdfb3f,2472,User_443,User_213,2743705,716680b5045218acfc978eef655b3879b6c56d52a964ff362f01a971877f8359,2027-03-06T19:24:47.828412,0,normal
c3a113d7-40ec-47f6-a7d8-720883eee10c,1542,User_195,User_262,3245927,4e21146c85672b1a3429c730f5146728d87ea8de596111eafb23afcb16c4753f,2026-12-14T21:55:18.828412,0,normal
d2ed5a94-3089-4e1c-830f-55405c7a8a8d,1808,User_364,User_208,1878964,f2b95e20b5160167ea08485431f79e15d0168c5dad1fda08c9b4fef1119681c6,2027-06-11T16:01:40.828412,0,normal
62708557-7f87-4cfd-a3c3-2ebb259d2910,1742,User_247,User_69,1919861,8f41dc577d48a26d3f161085c4b67b15db5a159bf3ae88358c98d1c2b5f14237,2027-04-19T00:57:17.828412,0,normal
e1668d93-793d-4c76-a2a0-965e43334024,1749,User_397,User_19,4903283,9de6eefee3803ec69852332df4db345120ca9610024edef5bbe4c73df05c9340,2026-09-10T18:36:27.828412,0,normal
1f7344b2-a9f6-4ee9-a5a6-1b8fbd0bd390,1523,User_386,User_460,1417463,e7daafbc4dff91b4bef053a984965c50d3a6bb8bb0be1787e9305cdf461b7bea,2026-12-25T14:11:06.828412,0,normal
e9f96fca-b51b-46dd-9dde-ecffd7f8202b,2936,User_360,User_451,608293,f797f59635ae90b647770844fc58aff46677a7a916de3ddb5502a8c2e199e2b0,2027-02-14T08:08:59.828412,0,normal
e2f4cf0f-6fd7-4161-bbc9-23a1f4e7f7b2,1566,User_153,User_199,4742248,fdb8f3058f558e98c0b5985521ead55aba726845e147c18eb182a6e36c1ae380,2026-10-25T12:41:34.828412,0,normal
635834a0-04b8-43ad-878d-bd96eec46308,1027,User_353,User_388,2782757,f570085b701b77c9b6f2e1f679af61d672fbaa4dbec6ed3c1f598d31dcc40c0f,2026-10-27T21:35:09.828412,0,normal
5dbf9f98-64be-45d8-b55d-76b838cc9b70,2783,User_402,User_27,354248,f30cfdba7a54b4b4a1d994d37d2b34247c16994e16ed832f93c9d6c06b69fce0,2026-10-20T13:09:54.828412,0,normal
745f1dc2-d91b-4d58-bf12-4e0cc6ad2359,1054,User_391,User_247,3628110,5ebe658546d5b911b57bfff4fc79a414b7542c002ed63e84117819eafc7b6d97,2027-06-04T06:39:18.828412,0,normal
ab0c8b6e-578d-4578-ae6d-ca709cae9ad3,1894,User_261,User_33,4410452,2e5bb28f53147741b6418c4c56b734d4c9c4de914bcdb12dc3b94a44e23246a8,2026-09-13T12:10:44.828412,0,normal
7273e6e5-8f7d-4117-96d4-2a40f944316d,2375,User_249,User_349,1335199,f8fbbbb65d8faf8e5a9a04de3e70143dea78167f3bdd0cc99c268cd8088dfa8f,2027-04-08T13:45:54.828412,0,normal
e520c81a-5a9f-4ad7-9e1d-8e54d7ab0487,2868,User_175,User_144,3619449,08a53a6206c15520432de11b3479c866da4c0603919012d6a1b632a6c19a428f,2027-03-15T07:56:22.828412,0,normal
0a95ab7a-0cb7-4006-b657-75d18901a93e,1247,User_97,User_315,3266425,af564427f8015ef8e230dc9b6dc118963bcd2f1c879398185ff4ea4e0e156a59,2026-08-21T13:45:12.828412,0,normal
bca417ce-855a-4cbb-b17d-bf44c61d4b30,2243,User_489,User_73,2669054,3926c02d45f6ff8448aba0b12290d23b776b5e3d1975b6726dc31bbb7c95ca64,2027-01-29T11:10:28.828412,0,normal
1fa31f19-a3e3-4054-8719-6b8747dd0f32,1813,User_415,User_201,4873210,9e93b01e4f67702dd9ee59e0db06ff56ace42cdeb98fbeb93ad8bd6261f08eef,2027-03-30T01:21:29.828412,0,normal
7868106a-60b7-44e3-81ee-fc117c08deff,1248,User_441,User_341,511526,051b831a270af9b2b9b73b382b4f7aa253cc8ced8f7baf418aa79195ac932315,2026-09-28T17:54:01.828412,0,normal
6af3b99e-1721-4d41-ba70-f09828625d5a,1616,User_174,User_388,609926,e2f64ea202ec3d7f8fae80e45e800c6e0300e3cbe47b9d9ed770b2c9f4431162,2027-04-29T00:11:33.828412,0,normal
f08648bb-794b-4b3d-a529-6ac89e13bb84,1638,User_427,User_277,306746,aa0ddb069afbb48fc84b06e8aede2686379c3980e2bf406b1856d3ecbab149f9,2026-10-28T06:18:04.828412,0,normal
0b0f4ff5-e50f-4768-bf4d-67fa21a1ee1c,2147,User_433,User_192,2927718,b81c09904f91fd29ac83ba084214a64725923734454b2164cc4b8c65a536a66f,2027-04-07T00:42:11.828412,0,normal
55410be0-c241-449b-8b16-b79edc8f6359,1275,User_284,User_166,1951700,6c9291a1f19d2efc94b5cda0ce17f2b65129f7766f79906210641d7f39354536,2027-02-05T20:10:17.828412,0,normal
bc5cf04d-73b5-4a8f-945a-27e4764addae,2752,User_90,User_110,1203812,ca97d19563ed07975abb1de522027e038184883b6b5463d10546aa4cef2f309a,2027-05-25T09:16:29.828412,0,normal
192ddf12-1c0d-4d81-9e80-5b70a21e3afb,2039,User_165,User_61,3905779,186b38dcb8c073569c9130ff7692ccd31318ebce4360e6c248bceca122395edc,2027-02-15T23:43:32.828412,0,normal
f1fac78b-adec-46de-a889-31edba045623,2699,User_367,User_40,5053482,c029357d75f7becd86d5d1d922367fb8a2015b1cd195a49289db96c916de8104,2027-05-10T20:25:52.828412,0,normal
70a16ef9-86dc-4d33-8520-2a0764bf01ca,2752,User_110,User_408,1067195,ca97d19563ed07975abb1de522027e038184883b6b5463d10546aa4cef2f309a,2027-03-06T07:45:47.828412,0,normal
840533dd-4640-4071-8894-408e8fbe1508,2738,User_67,User_407,1979169,f3a48601553a2b405eca6547543cedaa5e36cbd907d50d0e1a25a4e6316bcc08,2026-09-15T03:06:54.828412,0,normal
2749a626-686c-49ae-adf5-62eb215a3688,2342,User_163,User_185,2301055,364598484c92cd02608bca27ef8b13140f11b3f871147db67de59d2bbef6a6fa,2027-02-05T19:53:48.828412,0,normal
e59e6dfa-c272-4c23-b07a-9f965b017a33,1710,User_470,User_431,2627254,c04e6b071b7ac69fb71348ff8035898fbd540fc7da0a41246bafb69532f60ea9,2027-01-01T16:47:46.828412,0,normal
5510acea-0c24-441f-a158-9b95e1022e4c,1197,User_385,User_162,4520609,629985de21dc3b4e5d06f9ccc5190252ded3be250b6bda029894d339edc0380e,2027-03-07T20:10:11.828412,1,duplicate_land
df43fb19-76c7-41d0-9567-aba8411ad784,2630,User_37,User_220,585776,ad95ce293493ef0675ef07ca83a0be34293ede0b27850bf24c25a45376dfd6a2,2026-11-25T00:03:02.828412,0,normal
34cb57aa-da1c-4fe9-8d0a-47db7a6ac533,2922,User_295,User_283,1638980,8fbe3f8b2224b2d9934f38a778f0f8383a1e5abd4d698d24f9d8b8c4d9e90b8c,2026-12-11T02:29:27.828412,0,normal
771d9af4-d9c1-4897-82d5-1ad0424488b0,1707,User_276,User_293,166834,e39e7969f311d8c1179116e9a66979edefaa24137aaee9c92995a246517cef66,2027-02-24T23:27:18.828412,1,abnormal_price
9f8389d5-0bfb-41ab-a78c-8bea0a1898ba,2666,User_397,User_166,3860845,f777e5bdf2e6953efa641fce0670b2696ff741d9718428a43722f1a0132eba40,2027-05-15T16:49:45.828412,0,normal
821c690c-4613-4667-ae45-f9ea393efc9e,1275,User_166,User_452,1977164,6c9291a1f19d2efc94b5cda0ce17f2b65129f7766f79906210641d7f39354536,2026-11-04T08:09:47.828412,0,normal
0e845767-0121-46bd-8aa1-6076b5a82877,2177,User_296,User_317,3471015,6117b461b0586728082ed58efebab810b75fd514a84b98277552b84be4e3df47,2027-03-31T12:31:59.828412,0,normal
4d8c9fec-a37b-4d59-b9da-d90fa2b38a03,1018,User_286,User_437,3114506,571e93a40f306937ebea0e3e61f2cc22e22e72026ce384dd35adc00d13b1a62a,2027-06-27T08:55:58.828412,0,normal
11f720cc-812a-4c83-956b-cc150ea7913f,2381,User_186,User_495,965900,1b685c51c0101ce5d0d50cc7edd26ffdafc57d48e30f2a1e693f09a2f32e5d98,2027-07-19T22:30:16.828412,0,normal
7ba97051-aa1e-49d6-92ed-65e6eabc4cbe,2905,User_239,User_161,3156066,4de1c3c5e5796297d1b3067d3901b5db176d06c1cb948135dd2b9d2c77ee2fc7,2026-12-13T01:30:20.828412,1,duplicate_document
47c672de-3f84-49ee-a15f-493db38961d8,1360,User_201,User_9,1341941,be8d998d6f6fbe8db66f190edcb0284157c605f024b13e3ae3c23b505904a999,2027-01-01T09:50:55.828412,0,normal
ff37a957-4cbe-43e2-a0dd-9db6082a89d8,2051,User_364,User_78,4724984,d9ecd0446f7e51fe50e0bff4ec3ad1b988bc13e11590b7a0abe100f36aca46a8,2027-04-20T18:30:54.828412,1,duplicate_document
0518432c-ac6f-4168-8ef5-9f1689ac631b,1088,User_448,User_235,3785131,ddd3c1fa6fef0f50bef8ed5e67d42ec3a64e8cdca5cec2452fec3e7a2ef85a12,2026-11-26T02:24:19.828412,0,normal
5cb054f8-111e-4e4c-b25c-508d32e7fe65,2609,User_327,User_333,4795532,794316f0853f109906119e5c49e142c840f95252f0393d905889f74860d2a0b3,2026-10-28T13:36:49.828412,1,duplicate_document
9c817760-c779-47f9-a617-22f768b8de74,2767,User_317,User_285,5000958,4106f4056f7857a5a883e291fdb20c601fd977349e7814445e4e18afa8fe15f1,2027-02-18T13:57:00.828412,1,rapid_transfer
b503e922-3fb4-48f9-8832-5583b34da877,2616,User_107,User_250,3210759,cca2102b8e9f3571ed3e38abd26c544e6704e30164efa55e0272f7a7be194741,2026-11-12T03:48:55.828412,1,duplicate_document
0952fe7f-c607-4c91-85ff-8cb888494dc2,1089,User_236,User_4,4933052,0765cc0d01ddd99c1d0b94ae939f57cfb21775e5be46d8409b94740f5c37f104,2026-12-28T11:03:51.828412,0,normal
9bb27a60-cf40-489c-a19e-a247ec89a49f,2469,User_384,User_42,3234588,c27e4ba83452afd055488b384bb626795b2ba64069e14b0c1850f166f23e6ba7,2027-07-12T22:24:55.828412,1,rapid_transfer
f696abe2-295c-4e18-aa2a-213ad57e266b,1198,User_154,User_273,3795084,69c8058714a9ca8cc715c4b8075860b6f852624760e4c32cb913f07450db0a73,2027-07-26T19:56:26.828412,0,normal
a74cc5a6-9df5-49a3-b46a-5a9d49d09b66,2279,User_185,User_474,675319,04349952d8a3144383d8f75425f309e4d9501f13276bc1920c5bfb4dad95683b,2027-02-04T01:25:57.828412,0,normal
86f57a7b-a792-46ec-a553-9c840fc29d64,1915,User_418,User_113,515468,4dcc3d528afc5623a88ec28de87440ce03ac722a27210651013203de74c9f1df,2026-12-22T14:07:28.828412,0,normal
bccb2897-0759-4bae-9fe2-1ab2a7ac8c44,1488,User_92,User_266,932631,aa5848bbceac3bc4b2696fff000c0de29727db07019d53207a36cc9786272779,2027-02-12T04:37:52.828412,1,duplicate_document
2cc1f7af-1888-4904-8684-46a1933a89ac,2329,User_302,User_234,829127,daba69ecdf36bad314e560a9c55779d5a60e9c192c862049606baa0a489b65bc,2027-03-17T18:53:04.828412,0,normal
6506a109-8a69-46aa-a09c-44c69e01bde1,1726,User_242,User_188,2349742,281e711f1eee85f358ded74de4c90c796b30a0f2bcfb5799f55ab6322b5c57c1,2026-09-20T06:59:08.828412,0,normal
c78da5e2-1ff0-41f7-b575-71f9becc01c1,2526,User_470,User_374,1756576,4c2ed8e9142baa7c628e8143517412d7133cb911b53e0438e5d7d71c5b157242,2026-09-20T13:04:23.828412,0,normal
e22bbaac-e211-47b8-9f4d-4d706cf68ed8,1380,User_153,User_318,597001,4b51f98e5ceabb051695d01512da543beea703017dc38e0e517dc4193d17e8a0,2027-02-22T02:58:17.828412,0,normal
a948e580-6ca4-442b-af58-de11d8b1c38d,2343,User_221,User_232,4184957,3426d69ca01d530036b122cbcc60ef88d59fefdf29a0a73a580532080b5fbd93,2026-10-14T14:34:33.828412,0,normal
2a83d1b2-855a-49c5-8b0c-eb9b790c0581,1462,User_1,User_86,3877814,e8bf0acc252b59e8845a19c7cfd0a66f7dbe3868bbc1e69c35189a8fd08829c6,2027-01-14T18:17:59.828412,0,normal
63c765b6-dc6b-44da-891e-c355768ccf26,2681,User_475,User_106,4469316,651360a6cadd13264946dbd75d220308629e3ca1919df1ee88c810e4836176c0,2026-11-05T19:22:43.828412,0,normal
cb2116e7-200c-43b6-94ee-e707f4e94ccc,2222,User_157,User_465,2224080,f10c1bd8d66012533e3438f387a7ae110b6340aee61f17d24c25c2e661b85b4a,2026-11-03T09:49:27.828412,0,normal
ad663dac-e3e4-4d19-a3ed-0ba0a250141f,1532,User_45,User_380,2982597,7e4ad24db9499d45f7269f520afb68396af1b317732e0f3827a04d95c93e9e2c,2027-06-30T13:31:32.828412,0,normal
9ad1b729-2f94-4ca2-b076-0a199c3a4a88,2571,User_151,User_408,1278785,d3c446acbc0b7c13bbc386cc115f9b0135c728f6f36c29a2c28e6e7841928c56,2027-03-12T05:22:12.828412,1,duplicate_land
3c8fa80b-3fe0-4eaf-b1c9-11a85104272d,2174,User_369,User_162,343787,d71ab9ddfc826fccdeb238951fbfddbb027ed983a28c85d688c9a1b2ee73e347,2027-04-12T18:49:18.828412,0,normal
b1be5192-5daa-4044-abe4-8cb3d4b79816,2477,User_456,User_213,464194,00743fdb7c956f5f76c4b91360d70af7181a718371bc47ef56d736c6338dd36f,2027-07-26T21:15:10.828412,1,duplicate_document
0cfd456f-a5b8-4fe5-b56d-3bf63d869012,2925,User_271,User_443,4426318,d45066b154f294b90448315ce05758ef9ad344dc90b2ec099bf26a9fafca6fc4,2026-09-13T08:46:57.828412,0,normal
c0fb1025-860f-4a8e-b8a7-25ff1b82b447,1480,User_303,User_339,3399687,66b172021600b88e033d269389245825bf7bfe371d411974ee38539391919018,2027-04-12T22:29:59.828412,0,normal
44de7ea2-a1e0-474a-9c12-f87d78f156d7,2447,User_399,User_311,2670964,3a6fbe5c6f2b23de86935003901a9f7e15874e21c561b47e86f13447642a75bd,2026-08-29T17:05:35.828412,1,duplicate_document
fb64654d-14f9-442b-898f-6aa2d5185272,2510,User_453,User_428,1099336,6f81b45d21a159833773d9e47019af64712a23df67f8dc38f678eabf42a4bccf,2027-01-12T16:59:59.828412,0,normal
7b658cfa-9bb4-47ff-8313-17892d1003e9,1154,User_379,User_145,1376476,7c1aa1ef941f12d8ebeb2fb6033e029141db3e8c7a0d0225acc9d0cd561e4964,2027-02-19T12:34:18.828412,0,normal
a5d61a63-72cb-4dc8-bb25-300c1f7b6d4b,2926,User_224,User_465,2574212,9c39aa5e6f27e2fa058e61ed046cb2da7264f223406d1ed96561bcbc5c4e38a5,2026-10-17T20:22:54.828412,0,normal
0b840385-9e70-4f89-b362-4d815d2173f5,2853,User_60,User_477,2915938,7f4dec992d8428a14d63a8092ae1124012644e36d566a4873df652b855060410,2026-09-17T23:31:14.828412,0,normal
e7f66cfd-0b1b-4180-92ca-e3ba1cb2fbd0,2713,User_372,User_294,4273762,f56abc09cd8a680940827a149733aab6631264c8cffbbdef44e2ac449593c47a,2027-07-15T17:32:04.828412,0,normal
6068f998-b296-46b8-8e43-5b5bd04e88a8,1042,User_413,User_50,1252697,4d65aa9feb1018879c92f172eb23312f81be93bafb59eced6c6b6ada345faba4,2027-07-10T03:15:46.828412,0,normal
541b1599-68d5-4169-aa32-3b30bddcf519,2625,User_52,User_253,1437610,4780a38947bd7691052220b4a942c29f49f626c1cc14c1486c94e9618be4a05d,2027-04-25T04:43:07.828412,0,normal
7350c8a7-490f-4e8d-adb2-ce6cb3da8b7d,1271,User_261,User_473,1329788,cac10cc1ac0b2221c7a727ca08d439d4114a75a4e09566dd6e6896851be548e9,2027-05-10T06:17:46.828412,0,normal
b472a1e2-24dc-456b-9427-90fdf6decb9f,1680,User_409,User_35,1227809,06f425a0be1e0610c0cba43d209c3f96fb50b410dde57494f753d8b54f411b14,2026-12-14T05:41:25.828412,1,duplicate_document
3c561a6b-08b5-402a-a3a1-4472d56832b2,1518,User_45,User_10,3842668,04b567bb52382d2254a9b6e9be152da6ba5b1066e541158205e93d83169d4187,2026-11-16T16:28:24.828412,0,normal
4f1a254f-e70f-409b-8875-76707a78a9e7,2892,User_343,User_319,3311812,f72b44e39fb2a0ba05539756a2506b6fa647e3fee84d324a01a93071746f523a,2026-10-26T19:27:56.828412,0,normal
0016bfb2-28b3-4fb8-ba9f-0b70bb02dbcb,2146,User_439,User_392,1669124,8eb02d37fef98aa2cab2b09f403fc99c964d4db92449d94ff59fc214867c8ae3,2027-02-16T20:18:54.828412,1,duplicate_land
0954fdbe-5cb6-4c3c-ab83-a76825a715c2,1866,User_450,User_10,341158,f638ce62ea1dda8b7f433c72a84b313f614043ee26305b5d63d21766c1fe8847,2026-08-15T16:41:20.828412,0,normal
c8cefb5b-1197-4f20-89e8-14a1c83f8d96,1715,User_209,User_103,4988830,9fc30b7fb4a7528506c5f2246ee242e7d53ce6891610975f615331772c45f137,2027-04-04T02:54:43.828412,0,normal
a4a073fe-a76a-4aff-8004-172550e76eea,2420,User_392,User_299,1256905,43edc4a692b215aa0954a2850085ed92924bdc471dec82fdabed04747813bdc4,2027-02-04T03:35:58.828412,0,normal
21c8f772-9ff4-4e6d-b9ab-ceaaf4aa35c8,1144,User_487,User_170,4968933,22ec603179929bd71903a5fb513ed1f27c3be0cf8453cd33b4ac0c3cbee907fd,2026-08-31T11:28:39.828412,0,normal
8ff42e3d-79ad-4fbd-bc28-1f5b3b07e17e,1104,User_286,User_172,1639814,cd846c14fc301b08384c2616e1e825c4d2110c7dacd8fe2e6bf8f89757211718,2026-11-10T18:40:04.828412,0,normal
28315504-bf12-4c9e-9775-5ea2c958744c,1453,User_52,User_209,4156623,2724b26b9e4d76373b337d925f9df5a686a79916f33a289663a57fc90ac405d4,2027-03-16T20:29:57.828412,0,normal
63008bed-2756-4c25-92ad-bcd84a39d22c,1148,User_484,User_144,3826551,262acc748142f6ae1dde5d5c61724ece4eff1df562259aa38ffaf87a59287400,2027-05-04T21:09:37.828412,0,normal
5121c2bd-a68c-4dd7-9f5c-cd589937821d,1078,User_124,User_324,2454035,e5a8806d8c4b0e4ed59a9f81df3692a096514d3d6199c1a7cd40bb74d15369e8,2027-06-01T22:11:49.828412,0,normal
3fdc08ba-c1b3-495e-8441-958d85f17150,1526,User_428,User_384,5252388,ca09f84a7bc3ee70e464c9dde44b02e06b2ed9572ca069f72660d04c250a4673,2027-06-08T23:58:58.828412,0,normal
95e611b2-b473-4616-8ed5-88c1befc3b53,2829,User_347,User_177,2820253,5aba8ff823c29a052799ca029cffb4b76b6f981d291da8e122ff895a246114b4,2027-06-08T01:52:55.828412,0,normal
d2b3e58e-efe8-4224-98c4-e47fc9c67ee9,2483,User_100,User_81,3388306,3bb35e4b947787ed146440a2b66e1a0296f8036a7c2ff54a5a41dbf474f38b4a,2027-07-16T04:04:45.828412,0,normal
16cd1372-d49f-4666-a761-3b622f344fa7,1768,User_35,User_79,1285741,bee7a73202f0c1b67bbf817a934e555c1fc5bf67549c8a0611606937713e36fb,2026-11-05T12:59:47.828412,0,normal
83612a15-2830-4f29-98d3-5cedf985aa80,2891,User_121,User_112,4343945,0953d49f973d66ed6ffb8bb5071192720f43c8e0fb44a594e7912a82b83e6312,2026-09-06T13:04:12.828412,0,normal
38833ea3-db3d-4f52-bb49-eb1f41c25961,2828,User_183,User_129,1421731,68b8afe3986d6d7969a1f2cf46d8e5cbc253483730cd2b53367ec090f3ed91d4,2026-08-17T17:23:06.828412,1,duplicate_document
21d84e16-b7fc-4e7e-b668-735ae59c3902,1046,User_493,User_435,870472,d852037423ab0b7ee6d404847edfc6a7bcfb9dc0a71268e172e8bd9e5a6beb70,2027-08-07T08:47:08.828412,0,normal
dbbb5425-7a60-4ecb-b7d6-f36b8969c421,2170,User_74,User_256,13091259,9925a4d14d4c619f8f8aaa3783f6e6da6ce99598dec387a073f3553c191d2c46,2027-04-14T22:59:21.828412,1,abnormal_price
a1771949-cac0-457e-b8a0-bf713f7ca9cb,2891,User_112,User_293,3951152,0953d49f973d66ed6ffb8bb5071192720f43c8e0fb44a594e7912a82b83e6312,2027-04-28T15:25:33.828412,0,normal
e63ab92e-ef44-4ac1-9ca0-783d3a785614,1401,User_124,User_186,1786779,c5002a4c1a4c99f3beb13769d167989aacdde56d16194ec0c3583b66422634bb,2027-01-04T06:48:02.828412,0,normal
e25f5b95-2a44-4b5f-b27b-33ea189cf074,1104,User_172,User_116,550282,1b685c51c0101ce5d0d50cc7edd26ffdafc57d48e30f2a1e693f09a2f32e5d98,2027-05-28T11:22:55.828412,1,duplicate_document
09316e0d-538e-49a5-936d-769b81f299b4,2362,User_128,User_160,1921451,3f037b5b51e17ce539f07cbea5da24a9554bdee1177394fb00379fe6c50180b1,2026-10-15T04:25:59.828412,0,normal
64fdbd16-53e3-4322-a7ef-e99d1d6738df,2361,User_44,User_286,2228352,21b04ba4181776ea703ecb4be723fe0afdcf8db507b5e9c0d706a7a38c485ea9,2026-09-23T02:46:19.828412,0,normal
addbebd7-c362-44db-ba67-fb2cd0a1fe17,2334,User_293,User_80,1067381,c65b891c414017fd25a20104e853df36c30c7c32884a74dc24575a48bc4cd02e,2026-11-06T06:23:50.828412,1,duplicate_document
f4898fda-74df-425b-8e6a-baeda8de1026,2192,User_89,User_367,1478201,b33df4f7b4c68b41f4c9dd10080581bd0abca78416d6c8712d2d38262906eed2,2027-07-03T13:26:59.828412,1,duplicate_document
12e11bab-a7f7-4f49-938c-38b5436faa61,2590,User_136,User_422,3508225,8a8b4bbe9da31fa27eaaa4607e4f28da82a070288b3f3b690e310082bd3b8bf5,2027-05-10T01:05:02.828412,1,rapid_transfer
e4a1e98c-e54e-4395-b0ab-5fa02705af31,2731,User_404,User_340,1034971,bb33860707584e359f6977207bc128039afa01a14fb0d6dbda359adb575449f3,2026-10-13T02:45:41.828412,0,normal
7e9db163-eeee-44fb-be3f-23fffa9c8421,2999,User_122,User_73,2614683,f0eada1a7473366aa792f377c4ab227404e2f6eed78a70e1c98871b9da75cb66,2027-06-05T04:19:04.828412,0,normal
796784c5-9808-488a-a8a1-6bdcba1f5f8b,2747,User_270,User_50,2517889,cf5a0f1e1a7fe2bf6cf308c709345eec1a1d9e7c8b08ef8a613f1afd2ac70a25,2026-11-01T05:27:57.828412,1,duplicate_land
975f18be-4a54-4e74-bbd8-471f61b71583,1789,User_43,User_258,1572113,a0cc8696850e7f5a6a3daaac9d4b915ee504d2d36b019779d64b5f89fef21ba8,2027-01-21T03:45:13.828412,0,normal
977cd5d3-bc27-45da-a886-f9a61dde2edf,1766,User_158,User_329,4061549,ec105a69b95f5388bc3fc722590b593f00991c9b4850bca30c45b10517415d50,2027-03-19T21:17:49.828412,0,normal
809e5c36-aadb-4d13-ad16-f51702beff99,2528,User_432,User_83,2586054,d77704c9bbcbce2afb49afcdf939a1a6149361d1152d19360eabf32343a00308,2026-11-16T13:26:52.828412,0,normal
f59eac47-5857-4b71-8dbf-e45bc3e62da7,2671,User_177,User_375,3119017,890ef75dd2b90b8a3d526a9b5a394ab4d9e4985e34d78573f36f160bfdfbce2b,2027-03-01T06:14:57.828412,0,normal
9225ce94-f1a3-48c1-898c-9bd748bb651d,2807,User_180,User_66,4537132,c54182b4bbf839731fb5c2f6a9d3d018a950808594bd52419f69ac3c015b58c1,2027-03-04T08:05:39.828412,0,normal
94ad1577-44bc-4a97-a34c-63a4ae446949,2190,User_494,User_8,2389604,8b575483e6c1c8dbb455ffd823815194d713c0a544b2e9adbc3ef6487e71150e,2026-12-02T19:27:28.828412,0,normal
8d5efda5-98fb-47d3-8522-e23386b49572,1565,User_84,User_121,4769878,861e5a6b2da64e41e4c1a14e41bc401f0bfb6e17c0792f4ca9a05de55015561c,2027-02-25T01:41:36.828412,0,normal
760a81fc-8121-46bf-ae35-a5afb774085f,1388,User_390,User_442,2265275,a23c3f18675c61addd3f6b1cca18a32b2a5ee72014b7e23445b4ddb4bd223b85,2026-09-08T11:24:40.828412,0,normal
95d8be3c-bc3d-4797-86b8-c787a11f4c80,2230,User_378,User_292,712553,38dc83d5876bfbcb243795c2ef54f15c883e06d7716a2443719b00a4a450ea1f,2027-03-19T22:37:08.828412,1,abnormal_price
a9a08950-45b6-4ea1-a277-1ea003ce39ba,1005,User_429,User_20,2455150,0a95e9cde9713dafba120a80fda57b88078412262dca1955900389ed4524a33e,2026-10-24T20:03:19.828412,0,normal
4df0b643-ef8b-442b-8275-5a4f63fd91c9,1466,User_136,User_17,1953645,94459f2951870b1f1f3a993143ed92f190c7b21f67e94fdcc25b8375ae16f07f,2027-08-03T00:44:37.828412,1,duplicate_document
2aee39db-ad97-4fe1-b251-b25d4dbe6167,2003,User_254,User_316,3077848,9ee688f55a52d4fdcf7a5acd72b6b2df65c222c5ace0c93743d4fc5f2a4ebb5b,2027-07-13T12:53:03.828412,0,normal
4e0f4d3c-e760-4c0c-bfc6-c1643f38bd62,2774,User_218,User_429,1956812,c1ec11f7e77dab40d197321562f3a960f95b0ac219f0c81e7d8c8ebac104eea4,2026-11-14T16:47:44.828412,0,normal
0aaaf5df-955c-4c10-a006-13874e7edbba,2411,User_225,User_112,2274799,41fd4327df90ad84f758e50f735695586ef818513fedec8911e0143e003138eb,2027-06-21T07:56:38.828412,0,normal
a47ff0a2-d816-4b78-9695-2f2d6a549571,1679,User_423,User_498,1860832,18bf114db47f3f53f2075ade6a9bf45bf67dd736dc0f7e1ce48f0b29c4008ba6,2027-04-05T21:21:09.828412,0,normal
e11b6be7-2c26-4054-8ff5-289cce200740,1616,User_388,User_124,520738,e2f64ea202ec3d7f8fae80e45e800c6e0300e3cbe47b9d9ed770b2c9f4431162,2026-10-18T01:45:32.828412,0,normal
7e758c52-e8de-4fcc-afde-685e32b80d74,1538,User_401,User_391,3040439,2b605326398d8cfa939840fcbb5ee2dd2b92e374564bc9f34e6e2e25e8898894,2026-11-07T04:20:49.828412,0,normal
3cb920f5-3451-487c-9564-b436a2b759ab,1611,User_405,User_52,3001900,62ed5ee141015eab1812d0a83ba35ce18e1cf4ff1d52da815f2f685cfb50ebb6,2027-05-11T08:49:35.828412,0,normal
cd1f0c3e-f624-4621-85c1-803cf3caf1eb,1456,User_218,User_320,2366316,582f1e167e3f715a75af1cb994ac42db62e8a52094011ac694e7be8b4ec4bb91,2027-01-04T09:54:28.828412,0,normal
2bdefd85-b266-4381-924f-e7a5af6cf31a,1914,User_444,User_252,3771855,9c092d2e829cca4145d458458918d888053e676b970679e40732ec3a7d69c483,2026-09-22T22:05:09.828412,0,normal
9be1e7e8-e895-46b7-a13d-f5cd8ebcf07c,1901,User_7,User_388,4451481,8ed4e6c809c8ea94fe6419b999d8a3c6d299cb91c3123877f0968f3762c26277,2027-07-16T19:45:18.828412,0,normal
f49c0a1e-b63d-43b8-bceb-6ff631c17021,2489,User_289,User_386,2919169,0da6954af062b99ec0eda856a25f8acd3a0782060b766676d217c1d0a37a74f2,2027-05-24T11:13:23.828412,0,normal
5b346c35-7a19-46a8-96b9-bf74b54a8934,2728,User_128,User_73,3200304,40eb8290d9291e92836ef1e8e2d9a2fa3095adc14ee88f7dd6fbb602edb21f7f,2027-07-18T16:28:50.828412,0,normal
832f7ee4-f0d0-46fc-8662-afb97177104e,1356,User_105,User_339,5495081,f1535dec86cec154690fba02a5a6c50cb065091fff2749a9a0143ff32df005a8,2026-11-20T09:46:35.828412,0,normal
a3e9a93f-e017-4bbc-b53e-39d6ba059cc9,2223,User_73,User_248,20656647,d19893b708afa9e878914be6b3e49c1f28518f9d98491acfa27c833a41f1b12f,2026-11-27T02:22:51.828412,1,abnormal_price
54dcb495-9f99-460f-87a6-3e2da52b2ff1,2117,User_216,User_319,1882960,9ff83643caa7f9726cbf964f1461f3dd6cbe8ad92359362ccccef6b41d9485ef,2026-10-31T03:17:28.828412,0,normal
7461e008-ddf3-4b49-8012-f1fb3c54825f,2074,User_406,User_196,2981342,336fe62fcc205b518651f92186de427a15293a356072f4b1c7e994d1fe7968d4,2027-06-09T13:50:35.828412,0,normal
b115e203-2839-4dfb-8dd3-d10d9e886f0a,1427,User_44,User_131,212061,256fbd5d200d81188105890b754d8bc7e5492a803aa1a3adaa60cecd21f3fe16,2027-01-14T09:27:57.828412,1,abnormal_price
c66a96a2-a1f3-4e96-9e6f-5755e26202b6,1542,User_262,User_399,3215530,4e21146c85672b1a3429c730f5146728d87ea8de596111eafb23afcb16c4753f,2027-02-21T13:09:58.828412,0,normal
94197e5b-dc48-4a82-adaf-2fd916b9ba54,2102,User_364,User_5,821782,6813b467f6ad4889a6b8e3027eb2f695ecb603acdb5f4336141ce71debc72315,2027-01-22T04:16:48.828412,0,normal
ba79185c-d8fe-400c-9827-e50f1c854e3b,1015,User_171,User_345,4005551,5dacedcb3cfa515fc1b449930b2691e6f005b958731eb46ade22bad09fc0b38e,2026-10-27T03:48:53.828412,0,normal
80d28cbd-58ae-42f0-b17f-2ec0d0f63cfd,2336,User_255,User_182,2354656,82d5549f53801ead8ac9874719c6b517864b99bfae4a6d4cc1ccb4c493bdd86b,2026-11-20T14:29:14.828412,0,normal
6fbeaa55-6662-4dab-a317-d920d1f72392,1837,User_407,User_219,1592857,44bd1ad3106736a3ce95db1e78ee6cb26d62c1bf215cbe0cad4fedeb0a0259e6,2027-06-18T06:19:54.828412,0,normal
c900c95e-fb23-4a32-b2b0-5101224d5a47,1434,User_253,User_235,1222103,6384810e0fd6fb330a678bcabe5a3e99fbb1c371200bdfb2cc5a06f5364dc931,2027-05-20T21:45:32.828412,1,duplicate_document
2eb116cb-cb12-4a22-b2c7-6de721ef66e2,2146,User_47,User_421,4093879,1d2fca1906b19ec889b83b09e8c48d9a8f8be0c663edae9d8f7324a55eb233f5,2026-12-06T10:23:26.828412,0,normal
555bb09b-a13f-4a61-8e7e-fd34cadf5a0f,2230,User_378,User_164,4313907,38dc83d5876bfbcb243795c2ef54f15c883e06d7716a2443719b00a4a450ea1f,2026-09-15T06:29:21.828412,1,rapid_transfer
bf0e9854-f5e2-4dbc-b57d-44dabb3a899a,1224,User_14,User_90,995151,22577980ef490dd5adbed662a6ea1a533176e2787599eda02f2b4cffeb084279,2027-06-30T11:30:47.828412,0,normal
568d8b6a-6e4c-416d-90ca-9c830b629b19,1029,User_273,User_119,3209039,7b02d21587a7b467019b48f5c78a7a75d515cfb75c5426db657e053f833b091a,2026-09-21T15:49:13.828412,0,normal
81079b00-6d90-454b-8958-dd485886b1d9,2179,User_413,User_217,3618423,3c21f0cbc03b85e542ce006ad2c1ab6ad77053e3245901f328705610600a4b76,2026-10-10T01:52:47.828412,0,normal
27415a0d-8a71-40d2-b3d3-578974e8ae60,2682,User_148,User_217,2979304,37c2f2ca41bde879fe8d4abdbb76767d9ae37ca1801d26acb1961e44eef7f347,2026-09-27T21:27:12.828412,0,normal
1f23035d-c366-45b4-adce-5c6b920fb975,2634,User_130,User_390,3486761,bc51a2339590e1e6d5df6f23d7473c58190b98df94a394296e8b61250c0798f9,2027-01-03T20:36:45.828412,0,normal
a90344a9-70ba-46f2-9fde-0415b1215c57,1137,User_275,User_355,2585563,48a063c3cea27e6295b69ce5eda6f3e5f91325b4b421fae11939d02e5733f516,2026-12-07T20:03:31.828412,0,normal
c0d17126-671d-4ad8-a23d-7c66277ec1fe,1203,User_490,User_70,1434350,52714f1d07c2f06be9295c6f3084919375b68c2024554d928acaaa19c650ccbe,2026-09-29T12:57:14.828412,0,normal
e395f95a-2635-4e74-aa06-7b86a536f121,1637,User_139,User_23,1876821,d9ecd0446f7e51fe50e0bff4ec3ad1b988bc13e11590b7a0abe100f36aca46a8,2027-07-24T13:49:05.828412,0,normal
0719fce9-60f0-428b-a73e-1f9958a55224,1049,User_68,User_161,363610,d50002f0e9ee8adc36c970c840d9805cf485e5e17438d3415ba327c365e164b8,2027-01-05T07:32:37.828412,0,normal
52ed58cd-f50b-4cbe-8fb5-6f89d893daa1,2776,User_453,User_441,4089961,eac7af671a117fd567073301c9e49abc270a5e2b36abb8379cf491834d98e09a,2026-12-29T06:44:28.828412,0,normal
b5253a4b-2b9c-4a17-938e-df9e091c9297,1882,User_97,User_492,250207,cc343a63a5f3cfe97379fe1feadd2f1e5a4d68a4546071e3f0803c1b8b7a9aa2,2027-04-09T07:03:53.828412,1,abnormal_price
619cbd02-7778-4da5-a918-4bf4cda23bca,2463,User_338,User_278,3661152,fa97c9a36e0f48482bea2db7ef304ca42af570758a14e83dda1ad39ce4e4442d,2027-01-08T13:35:09.828412,0,normal
c82198e5-33c1-4ee8-b248-40352e7e7bf9,1523,User_460,User_493,1289154,e7daafbc4dff91b4bef053a984965c50d3a6bb8bb0be1787e9305cdf461b7bea,2027-04-18T11:57:00.828412,0,normal
ab10f9eb-b7ee-4966-bd31-791a7f932be7,1907,User_299,User_54,3335340,93464edc62f1c2a67a394973998bb6dd19632b964e5baf34a0fc083b49a3c0bd,2026-12-12T23:16:11.828412,0,normal
691993d5-b5b5-479c-8157-a8d735f9fb2b,2421,User_219,User_358,872350,edf1f21e4c8c6265487a2eca7d5b3c4f7cb5dd361b99851ffaaa1aafd7b3624b,2027-02-05T11:02:21.828412,0,normal
220cc534-2bee-4919-b0f2-fa9d068d4be7,1250,User_383,User_296,350462,83643c65a5e0436517d34094c8276d67eba5836de7e2d5c8eb07acd2b941a029,2027-06-14T19:51:11.828412,0,normal
706bce8d-a995-4861-9e94-caee36d7936c,2912,User_351,User_89,2747106,c7e4ad1fa5119441afb2f30e0f20d3f329058df1726e441dd39c0bb0337daeb7,2027-06-17T16:03:43.828412,0,normal
76e65c0a-0d64-49f2-b45d-c9242bb0a685,1488,User_92,User_251,791168,77c7b0055d09bf6d108772e1ebbeecdbefe7096c7b03544f213d440be55096bb,2026-12-16T19:07:09.828412,0,normal
ddec486f-fb3c-4d4b-95db-66291e07d720,1507,User_166,User_167,4660607,5784ccc7a4a5116a209a3832b98b3548c3d532cbc8a808880bf92e0c264d426f,2027-01-31T03:48:54.828412,1,duplicate_document
4da0f8ec-8a93-4105-9e63-d3ee7932b6d3,1536,User_321,User_255,1132723,e3ddf9e10047a5b485c55d830ff3548e1cc01dec963e56c4a3fe8ca7676495e1,2027-06-01T06:31:27.828412,1,duplicate_document
d2b37b14-f4ea-4417-8337-c17167e7f6d7,2912,User_89,User_6,2572287,c7e4ad1fa5119441afb2f30e0f20d3f329058df1726e441dd39c0bb0337daeb7,2027-02-05T04:50:21.828412,0,normal
f672788d-b1fc-4a21-bbcd-2ed8e7682b0d,1741,User_232,User_479,3421951,a998ed2176ae4899bdb13372a5b58d4b21f259bf7c744f8a8d3256c5a48ea8b9,2027-05-02T15:02:54.828412,0,normal
e244698c-995d-43d9-9980-525ecee275e8,2430,User_408,User_278,1730474,e3a1ea4dbbcfcae11dfff72ea3eeae1ea3ffc5379890a7a98376f6cdf1cc7565,2027-06-21T14:30:49.828412,0,normal
a3b92c55-04ae-4f1b-b6dd-6378c1184903,1580,User_47,User_315,6283752,01288414d9c6974ceb6a01846082e165c86f176699f175cc2ed04c6084e9cc60,2026-09-01T19:02:14.828412,0,normal
0fb4c89a-c218-4ceb-a4e8-93132d79838b,1149,User_157,User_413,560017,92bd8cbbaa18f58e6cc314bb73894a218cc4f0a315c2bb2b404d4da5c9d16db0,2026-09-19T07:56:29.828412,0,normal
1566639a-5c78-42e0-93fd-6ea574151e04,1592,User_248,User_121,1125299,3729ec6a44732bf34ac54ccc48d793c6d7dcd14f4f15d0be063c42e96b2f9d5d,2027-07-08T15:03:29.828412,0,normal
ef19733a-ede8-464f-b31e-b8afb9e1d134,1189,User_231,User_56,3720230,d0e4da8200fc63b5c002d461b6713c492ec4133724671eb33454d12b06addf83,2026-11-12T00:28:53.828412,0,normal
4b1f3b38-46d9-4c37-8507-24d7d393fc2b,1390,User_79,User_344,3037338,84440eb7501b5014db6148fdca5175992da6576a5763ba79232d5be0de1b020d,2027-02-10T18:19:09.828412,1,duplicate_land
1c663335-be6f-4910-aa89-14315147b0a7,2137,User_350,User_191,1209372,c2aa95b383a65b05d6322a37180ac965fe23658259265d5665555e2af905a277,2026-12-01T11:14:08.828412,1,duplicate_document
409a9bb8-d5da-47dc-a870-2cb7f701a21b,1115,User_45,User_12,1220029,21a0f22999e6d9f96491d1e0e8e2bee0075ed2011555b96971c6750ddf08e324,2026-12-08T13:54:06.828412,0,normal
b4c1f6f1-6949-4ed9-9bb0-ce194b44e98d,2359,User_483,User_35,935593,dcf60859aa9639b05f3275658ab413938bbbde83ad22b32fd7cd431988f8ba18,2027-06-10T02:39:55.828412,0,normal
e72247b8-0400-49e4-a0d3-feaf2a1085b1,1582,User_166,User_397,1649873,7e923635b7114de852224ddcaa1602167aa374ce3a2682068c959bc51a681461,2026-12-22T00:05:24.828412,0,normal
d26e2e60-6f42-4ee6-8fff-c0843df47640,2877,User_368,User_217,411812,4f729a8fabe3b39d225d6ae5b188acca1b8798c36eb27815d4d22542d029cb2e,2027-03-11T08:36:39.828412,1,rapid_transfer
6026d299-eebd-4166-8308-068c672638ba,1536,User_321,User_288,3258643,ed940575f923e028d66892d0592007c7016ec3c7d8680ea1956d111ce3c4e7bc,2026-11-04T19:41:39.828412,0,normal
284c3265-2356-4da7-9f8f-866ab6049404,2779,User_197,User_105,4118337,c2d5918e3bb9c95a242d515a1d7fce4792cc2bfe8e179008027ebcd9f20c47a1,2027-02-28T14:23:37.828412,0,normal
b876f17a-a6aa-4b4c-9bf3-11aad7359fa8,1674,User_453,User_458,775569,2ba2625617acf1b662d467c1f8372c7618f6a2dbe13de024170d21a80df42fee,2026-12-29T09:19:54.828412,0,normal
1e0f9aad-7282-45b2-8289-8222ad6a3b04,2464,User_478,User_405,2643023,3c3c6d73c466e392d1baef2ac86385a5168417ff757bba7c7537f8c0c03bdb7f,2027-03-05T03:38:01.828412,0,normal
6462e4f9-e987-4694-a82c-8406a60a78c9,2681,User_106,User_280,4927683,651360a6cadd13264946dbd75d220308629e3ca1919df1ee88c810e4836176c0,2027-05-12T13:34:37.828412,0,normal
632ca3dc-bf69-49e1-8e77-f041165179e7,2140,User_197,User_164,4527642,505515f39ed837023252341d0dcceb11b3f621454610e103b404d2c5aa3c4a2c,2027-02-26T03:16:15.828412,0,normal
bf5f738c-2c4c-4ed6-94f3-546fd9e0c68d,1190,User_375,User_366,4033180,32683bb178a035c25cf3f6adadac522a100af9f4be85b7e4ba15c230064901e0,2027-02-18T01:11:28.828412,0,normal
ba07ffee-c916-44ae-be85-3ab8d9136c1a,2873,User_181,User_165,3799772,810495d4b47667cc2e6413e70f1f3ae191859931889aaa4fe074d7ea2b37c2c9,2026-11-06T18:15:37.828412,0,normal
068a2187-c20e-46d8-b76a-e5012109b0a3,1954,User_472,User_337,2177829,195ebad8d8641526e41c67e99d3bff9862791325d694eaea7e1d624a79682b83,2027-07-03T05:53:18.828412,0,normal
f225b029-4e8d-409b-a3a3-d89a707819b0,2296,User_245,User_359,1292597,b685649b83d9f367018b3607075b76f5f89c15d1363de5c840ae77498d0b7966,2027-07-14T09:14:36.828412,0,normal
a1df1f41-5945-42b7-ace0-e0b1b7deb5d1,2403,User_430,User_261,1786634,42737e686a5594ec7f138282c094431cf9b1d7a68ff08b0e8c0d717564061a28,2026-12-26T02:39:56.828412,1,duplicate_document
613bc8fe-f81a-43a6-b8de-8cf65a024b79,1833,User_441,User_97,1659361,a92689aa8707351702e84ba29d228e8bbfb70efca6cd39d6b02a0e2a1d98125b,2027-07-05T09:24:45.828412,1,duplicate_document
ffc872b4-01d0-469a-b0d2-3e6e39c1a533,2257,User_280,User_417,2911957,4255765a6bc25beaa7d5682dad37e8f104716295f1b0af3fa05c3d559d77d1c6,2027-06-16T13:46:31.828412,0,normal
0d0c4e94-be0e-49a9-a43c-f0e590a2bf47,1731,User_30,User_219,4283452,c0d73bbc3b491561c48c0093e95eeb4235f0cd794e2ae1885f238970e41b4128,2026-12-23T10:47:53.828412,0,normal
d171a7d7-a8c1-4c80-a333-db781a44307f,2257,User_417,User_314,2334697,4255765a6bc25beaa7d5682dad37e8f104716295f1b0af3fa05c3d559d77d1c6,2026-11-17T08:48:07.828412,0,normal
84648363-074b-4df1-b202-cf1ae828cfb0,1061,User_452,User_457,4400416,7df725dbe9bbd8c55e57211decc7234088ed504c1911457038fcda1442b6ad01,2027-06-23T11:29:52.828412,1,duplicate_document
ead4b516-dc08-466c-8c9e-5fb0766fd4ca,1307,User_60,User_432,5006739,2e4251797510d46e58158b16595b1955a2987b2cd1542a4409056f5fab22a54c,2027-07-10T19:26:26.828412,0,normal
6c6d5078-8d3b-4a74-b7b2-6a8f5f610eec,2722,User_336,User_177,4275106,91b893acabdc999163bf1a62a24fbf202a927d45e73b85628ddfa7484d5edd60,2027-03-24T16:39:28.828412,0,normal
f384ee8a-8681-4b97-a99b-7a47e1005759,1855,User_450,User_153,1983594,830294a154a0f56012c98e7dd0ed555501af643b47548ebac636670f07715ae9,2027-05-04T00:14:52.828412,1,duplicate_document
8dec0a7f-5ab2-40e3-aa9a-1b1bc98b106a,2735,User_85,User_144,398317,2b3a6f1dbc6a983fb68aea7bdebbc8eb296a52b4a458ad63bff3b9b189cb7396,2026-12-01T07:52:46.828412,0,normal
a9e82d6b-7473-4aaa-adcc-23f7274bec91,1275,User_452,User_411,1940102,6c9291a1f19d2efc94b5cda0ce17f2b65129f7766f79906210641d7f39354536,2027-05-17T06:07:40.828412,0,normal
ebb2503f-808a-44be-bb7d-65938c989479,2712,User_408,User_493,597344,bb27c27ace1dd11b11debe8b760d973d372c288bc995c5f54a186851774d2394,2027-06-24T00:56:35.828412,0,normal
7bd97355-0902-40e8-83b0-fdd1a06f86a3,2894,User_382,User_460,3884762,c360f07d0791672d1e910950a791b84a56ea8a26d27e06408a4c794ab4372663,2027-05-16T02:26:17.828412,1,duplicate_land
06260528-e855-46ea-9c32-eecf02381892,1157,User_31,User_482,2639108,3a6fbe5c6f2b23de86935003901a9f7e15874e21c561b47e86f13447642a75bd,2027-03-29T00:04:20.828412,0,normal
5b63d4d2-9c52-47f7-923b-c944fa14e096,1093,User_250,User_17,713808,aa62df0b851c1eefadb3b121fb2565634a432e7dcb61dd8c33f6037c534b8c63,2027-05-15T21:11:39.828412,0,normal
6e1fe531-cfd1-438d-8218-de027e4e6462,2618,User_118,User_310,3309884,a3cd31d49103371a15eb7d116e027d7120312e8aa1ac771068e09a2b4ae96722,2026-12-01T14:42:22.828412,0,normal
13b27757-f50e-44de-8eb9-6993f2458c7b,1720,User_64,User_426,1107204,d4a053d0b50fc0bce8608b781b2c144b1d4ef4e69740967179270a000e09d0c2,2026-11-22T11:16:04.828412,0,normal
2249f076-17cb-458d-ac9f-4f2a0d4bb1c6,1417,User_430,User_67,1255673,893c3ce830f6bda916734c1d7ff73bf72a44ed09b7bd317cb70d4b4d9d98cb08,2026-08-20T17:31:19.828412,0,normal
0b70f0a7-58a6-4934-865c-a4252b55c62f,1172,User_85,User_5,4451707,7e4524148909b6f9eaa47c009bc5c2ab7a8392e12397f5da9f9425c5bd4c9f9e,2026-12-09T15:20:20.828412,1,duplicate_document
d097dbe5-78b0-45db-bc3c-e7d5e99a8583,1494,User_330,User_125,4717797,1230ddbcb13c0e63549073ab40ad55b6e0baf0ea711d124aa073a8e1ca66d407,2026-09-06T18:42:13.828412,1,abnormal_price
5e899825-b5da-4e01-8bff-e7729ba7ad46,1369,User_178,User_81,2848629,5cb26ac04c7246ffb2260a4d707ccd168492c40acedc958233a78135d3ef9149,2027-01-21T17:04:53.828412,1,duplicate_land
5c285f88-2e3a-4129-8ff2-f6f1316e6e44,2527,User_403,User_180,2374383,6208945045b289d1df22d75610930f6563f14600ba7125d07cf7dcaafbc1cd53,2026-11-08T02:18:01.828412,0,normal
bfe13c3b-4d7c-4d98-bbbc-791af60216c7,2038,User_212,User_323,2718503,c6ea011ffd8601cfac96360815c3bfdf573f79aa78ea199c462215b8e964dbdd,2026-10-09T22:43:52.828412,1,duplicate_land
a807c261-2a6f-4a19-b83a-9873be8000be,2712,User_493,User_25,714763,bb27c27ace1dd11b11debe8b760d973d372c288bc995c5f54a186851774d2394,2026-08-26T14:28:20.828412,0,normal
b65f6276-9957-45b3-9f00-77defddf3698,1146,User_114,User_25,4546639,dfc84838599e6f124fcd68fe5ed252c64aafc40bcbaf41148787b51cc6a9bafb,2027-01-14T23:23:13.828412,0,normal
005e5c07-db6b-4ed1-b961-8431ef8aa971,1123,User_392,User_493,3522981,57a494a2547a48d775d970785d5cdb7b5ccdecc62f1d4928a6d4a33422ed5b20,2027-03-03T05:03:04.828412,0,normal
84538aa8-d8b3-4b9d-9f64-8e33eed5850d,1924,User_29,User_138,2687884,fbd7f75510b0daab8f59592fe93ce68b3ff1000475cb76d860af5539835aff40,2027-04-08T23:04:41.828412,0,normal
a62f316b-13f1-4eec-a52a-9bc814aad3d0,1807,User_100,User_97,3430458,41a7af8aa87652ab8343d0d164676d561f7c8522c2fceded57a62308559fbe53,2026-09-27T12:05:57.828412,0,normal
f9f86bf8-aef3-4d49-8183-aee2bab18b37,2258,User_209,User_113,5590384,3257f1179ade3d7cb9c6cca3e8c9cdb47ff41cc884b60b3159a5da41870daa1f,2027-06-07T00:00:40.828412,0,normal
c24082f5-f5a1-4c86-95f6-6a5e7596c663,1132,User_339,User_327,1552506,54ea4f647fa3d3e1e91cb3ae2cbd74515be806167cd541e21c2f24039831e482,2027-04-09T23:57:59.828412,0,normal
0798fc66-fb96-4f24-b592-a08dd049afca,1167,User_340,User_78,757767,111f81d1e71938f1383c69094bca5c52376840b68489d6b6699422feebb335be,2027-07-16T02:08:12.828412,0,normal
6102f199-4853-4053-8b1c-409a2d6ece18,1739,User_332,User_66,409205,c58f23b06cdb64fef9265fd388294217c04daee0e56580b687cf85d699c2373d,2027-03-06T21:29:13.828412,1,abnormal_price
b903808a-8b08-4424-81fc-1e6fd80ddd54,1652,User_27,User_390,4232348,22428d8951e9c0de798b3f87713290cfd2fdeb77e1c76a25fe17946145d874ff,2027-06-12T09:29:23.828412,0,normal
916cc39d-4a43-46b3-8e71-714667121ef3,1359,User_141,User_85,1140532,9500223e3740c5f3726aa9c5984772f2a14705f179fa61d6c34874f82fc7defe,2026-09-18T02:40:40.828412,0,normal
fc1449eb-8d4d-4e0e-b96f-c9614b745db6,2812,User_135,User_308,1034575,e51257fa8397d2a08f5f2d549a07e7db57f0a691543edd6a53baada898b02e87,2026-09-09T06:16:24.828412,0,normal
5c955612-43c4-4386-8e15-2d0834307a04,2726,User_469,User_145,2568213,df3c624908bd906bf3b0ff891e99a896cf084f598663234949cdeb949b7ee8d0,2027-07-12T14:02:49.828412,0,normal
808b84d9-40b1-4ee2-8d2f-a88c8464effe,2866,User_78,User_215,4688055,cc5f2713d977040451eb5994b041b4910c22f108d7e5edda36ad6cf91575b8df,2027-02-13T15:36:52.828412,0,normal
7071c1e2-28a3-4fd3-826f-c9b23c3cb4dc,2395,User_309,User_451,1798976,6ecdab569ef6b0505ef6f62495e2e0fbf16be7b6d4cc40ab4f51c672b762d017,2026-10-02T19:29:04.828412,1,duplicate_land
b2844751-044d-40be-8acc-9aec9b80e81a,2156,User_384,User_226,3288164,eb3c23df5bdd0cfcbc53ef6531a2b14c1aeb0f08877c1f2c576baffddb06ccec,2027-08-12T05:43:10.828412,1,duplicate_land
9f321307-c144-4bf7-8d7f-45d0d31f3120,1517,User_153,User_272,301460,37c621d3b2505085a7b501782c42e2c5d851fe391be3c7aa39ef1b77e5bb84ef,2027-02-26T09:04:19.828412,0,normal
10850fe4-4cc7-4d0d-b685-8463be2fbdc0,2629,User_168,User_278,914861,748978c4c42380c63cc943dc1daa9369c287bfaff430f5176eb4c60059f038d1,2027-06-24T12:16:10.828412,0,normal
343b2d16-fc07-466b-a537-3e9cef07234c,1924,User_138,User_415,2607524,fbd7f75510b0daab8f59592fe93ce68b3ff1000475cb76d860af5539835aff40,2027-05-01T05:30:51.828412,0,normal
7361865f-9afd-4fc7-8414-99f0ee592174,1262,User_333,User_10,2968958,ecbf356143f11776970e0581fc86c2f7110fa5224e3783985efe121fea58bd38,2027-01-26T01:44:59.828412,0,normal
90077a02-2d8d-4d09-a781-4c8de834ddd2,1149,User_413,User_260,660291,92bd8cbbaa18f58e6cc314bb73894a218cc4f0a315c2bb2b404d4da5c9d16db0,2026-12-15T16:22:07.828412,0,normal
d208694d-f392-47c4-a69c-3d862e0f813f,2725,User_319,User_79,1216520,dd57c5677da8bc55bdda407410acdfa2fc89864076a9e251ccedd309238ab2f3,2027-07-22T00:15:12.828412,0,normal
579c3d7c-9216-43fb-ac6f-7af6122eff99,1961,User_143,User_229,5729951,1b768e1ccd5965e5effe168dc0cf8e9a19eb9aa4e845fc74995a050bf5ebcd7e,2026-11-28T14:16:59.828412,0,normal
e78a5424-47c3-48a1-b653-1b383599fcd8,1287,User_233,User_338,1041788,98d6918f00d0d9d0dd20fa0c9de548bc99754778942e55faf5181fe1aa031585,2026-11-11T10:05:24.828412,0,normal
c82c7dc3-a105-43b7-b04f-9eb050633b65,1435,User_393,User_253,4943536,157dd7fe178a797378e1c9559f9d8f2250da054c4e7a4c4fe5fa80634d55bd55,2026-12-09T03:25:41.828412,1,duplicate_land
08c4402e-a55f-4f56-82d8-15abda712acb,2243,User_73,User_78,2678619,3926c02d45f6ff8448aba0b12290d23b776b5e3d1975b6726dc31bbb7c95ca64,2026-08-28T13:57:25.828412,0,normal
5666b53a-9176-4d18-aba9-11468dd32222,2367,User_225,User_95,936782,5494c38efbb9eea8423a5690ad0b235eb36b079ebce8c6f61c65df13c40be43c,2027-04-28T04:13:47.828412,0,normal
2302e830-7ccb-455c-b307-64268f7b4f82,1097,User_181,User_480,2437845,97a81ca0740d0465539f557a27495786b12abdf26de34ed035635088761a1ca6,2026-09-22T14:30:40.828412,0,normal
056707b4-0cf8-4bc1-a32f-a76712013fc0,1204,User_400,User_198,2310031,e105ea1614bf51158695986f60282e24af13b61d3999ff51c5c10a0bf618b87f,2027-04-06T11:26:02.828412,0,normal
dc639016-28fa-4e75-a97c-d58721c5c5bf,1477,User_478,User_481,2143327,8dcbd52a6871a77b4236f50fb9e88d4815f8d0044917c1bcd706d3ff679fa700,2027-06-29T21:40:11.828412,1,duplicate_document
23735fe2-b0a8-46e7-90cf-d59908c0d622,2776,User_441,User_49,4349012,eac7af671a117fd567073301c9e49abc270a5e2b36abb8379cf491834d98e09a,2026-10-27T00:27:51.828412,0,normal
26d62efb-44d3-45d1-acca-deddf84fe520,1761,User_5,User_312,2379081,1b18e3131bc291dd30f25ed11e1de5bffd98a6db16c8f7c8dc1a2156bf8361fc,2027-01-19T21:32:48.828412,0,normal
2420222a-a8ea-4bba-8eba-792d748aedf0,1741,User_479,User_210,3385305,a998ed2176ae4899bdb13372a5b58d4b21f259bf7c744f8a8d3256c5a48ea8b9,2026-11-24T21:39:21.828412,0,normal
24295ba8-7878-4a00-91df-6e4f8ee306ac,1461,User_234,User_289,2135834,2ba5e7e7ec784f46e34cecb081c93e9873539be80f1144a1765a1fa4708a470e,2026-12-05T16:40:28.828412,1,duplicate_land
a35a5881-bb0b-425c-aa9b-131cb5dc38d1,2277,User_121,User_356,1802067,093f45a4c606f59363bcce2160a8981f3e6a8924d9e841afba5c6b8e6ff86119,2027-03-05T02:46:15.828412,0,normal
bec3bf26-0f4d-457c-9cb2-8b24044f9662,1705,User_255,User_202,4237170,79d6a3c7733cf458545901734d80be4c2fe50781436155278e0c954eef49318b,2027-07-01T10:21:22.828412,0,normal
24128bbc-5de0-4570-9fa8-1538de670ed3,1509,User_89,User_374,1094790,9958c35ce415f16bc70276dec27e74f4f924872f19575ca3014f560e812e7993,2026-12-26T00:14:08.828412,0,normal
63ec369b-1976-4390-af94-3c1f0acde5e8,1115,User_12,User_225,10883176,21a0f22999e6d9f96491d1e0e8e2bee0075ed2011555b96971c6750ddf08e324,2027-02-21T01:37:45.828412,1,abnormal_price
16e502ef-5805-4163-9fd6-fba964fbc270,1026,User_246,User_215,3616562,9321f2452c5de387509909638695032c48353f137f1cc170470cac2f89447879,2026-09-25T11:32:22.828412,0,normal
22b48ac6-16de-42de-913d-8a4ad77d8b0c,1217,User_255,User_441,320870,750dc02fe88f4e1d3c431392353615b7f0176705505c5f67e5c5768b5e78c03f,2027-03-29T05:17:59.828412,1,abnormal_price
6abfed87-cab3-4d54-85b4-a4b3429ad27a,2619,User_310,User_243,325481,0e17c078a56e3b724091036833077b42a771d150a774646162bb9ea6dab8efde,2027-07-03T04:55:49.828412,0,normal
f7e8d106-ba87-43eb-9e46-9cbc722634ea,1726,User_188,User_116,1907332,281e711f1eee85f358ded74de4c90c796b30a0f2bcfb5799f55ab6322b5c57c1,2027-06-10T03:41:04.828412,0,normal
3c7c1523-ef89-4042-9763-4ceb7d983778,2132,User_164,User_189,2812109,0e6f2106ab431c993d42ef5c4121cde7ab6aa54bd15cebddc267dc4c60d15371,2026-08-26T19:53:57.828412,0,normal
2d1bef34-a468-4d47-8903-7dba6bf5f29e,2678,User_301,User_89,3140294,988ff224126a6743b6b838adfa0457a4401342de789d59359403335edff4aef3,2026-10-16T12:32:59.828412,0,normal
57f4f0d8-fe95-4bbd-98cc-02569f534840,2475,User_41,User_388,10439590,ea06266d86d49695211ea32ff3022c81af705350ef362217cb5c3296e15af782,2026-10-05T04:17:40.828412,1,abnormal_price
c7ccfae9-0bd9-4988-a8d8-504183c457bb,1035,User_414,User_250,1670605,d58bf80653ca3b6dae617256b8e39e711d07fa973f6cbed659d0148ca5e0e530,2027-07-29T06:33:17.828412,0,normal
1fa04637-e017-4c9b-b71b-171c7686decc,1524,User_249,User_285,4613179,e4ce030a69e4d835697201ed8cb13ee711c46e3da2b8e359754202a3774b80e8,2027-05-04T14:53:32.828412,0,normal
c2460673-5ec4-4c9a-b115-2ab0d4b75764,2012,User_268,User_288,2008432,7fa79a3628f865519ef53a70a21da4aa2184b27ab4c72120e83a06ddecca8218,2027-01-08T05:17:17.828412,0,normal
fe86b838-ff7d-4fa6-9c96-02b5b827ba22,1593,User_231,User_354,4881535,ad1858ea0a440738ea8971d926a788e35fe5fdc2c92c2bfa4fcf998ad5463f4c,2026-09-18T07:44:22.828412,0,normal
9d7de116-6644-420f-9511-56123ccd8f4d,2329,User_234,User_400,926461,daba69ecdf36bad314e560a9c55779d5a60e9c192c862049606baa0a489b65bc,2026-10-04T18:09:53.828412,0,normal
87160d07-2b56-46d2-a023-2c91e90bd032,2486,User_203,User_222,552138,3f0695ea8966bd13eaab16a0614d34c42369510be8122132c859df1b2651cccd,2026-11-28T13:07:12.828412,1,duplicate_land
a8de9511-4845-48e6-89da-8756558b2a01,2521,User_161,User_484,1052638,22f8da9b4a48172ef32736b3c917e65bc654bed66f9c2c09dd6d9ea967ea926c,2026-11-02T00:31:38.828412,0,normal
f480c81a-f48f-416c-ba78-3f423c8f1fe8,2969,User_226,User_80,1680399,b3b43febd295dbd4557f5e2870f5f5b00d69636ed3ff42a30007cedaec660bcb,2027-03-19T04:38:35.828412,1,duplicate_land
4b3eae50-4bc9-4c94-b0c5-37e2a5d669e3,2106,User_165,User_162,1489004,4a6452856e6a5203b23957e8ed05c1022c9038ea1b284fac78184cbbe21f9e06,2027-06-23T08:50:16.828412,1,duplicate_document
0cf68ac7-e275-4091-9df5-a85c4ed65fbb,1272,User_492,User_180,5338700,64b09f47a77c7f6da313bf32f41d6b0d3f756b7023540ab74b3dde112aa8bc38,2027-06-09T07:03:21.828412,0,normal
f23fc40a-c49f-48fb-bb90-05fc0836e6bd,1176,User_74,User_482,1764085,8af13de5e163321d32671da371eb811d2ac42697fdfec6a483c7fa8f53b4d69b,2027-01-02T10:15:22.828412,0,normal
4d63b4d0-865c-42ab-8895-c6bef27f1014,1295,User_462,User_267,311011,ef9c9f8e23f4846baa55a2a37a61e511950a5f205f365a9972b2edb7c3f4d878,2026-10-28T15:20:38.828412,1,abnormal_price
93de6666-4e59-4bc6-bd8e-53d99d5672af,1012,User_261,User_199,2795312,f9dc4b24a3c45637e0d7d5e731b36f41f81f620e449d2cbd3724b7b695a48fcc,2027-05-04T15:19:53.828412,0,normal
48e010c5-2fa5-4ff4-959b-5d5e9a76dce4,2140,User_164,User_262,4750256,505515f39ed837023252341d0dcceb11b3f621454610e103b404d2c5aa3c4a2c,2027-07-04T14:43:21.828412,0,normal
70d12739-ff35-47d9-a17f-ff1d1e6dba19,2688,User_120,User_165,4786170,d81e989f219f7a3db33680a0054732fea3861990a2aa4cfc354b51b40a57d87b,2026-10-13T22:37:48.828412,0,normal
ca1d8e74-9741-46f1-9e6a-c8f96f8ae9db,1461,User_191,User_122,2306710,6fd6b03e4e88e722b258cb94903f20ac3608143572aeaf862260c928c31af951,2027-06-30T23:07:58.828412,1,duplicate_document
936aa282-54a6-49c4-8419-56d9bb2306c4,1297,User_493,User_287,1338232,47a56388757b149f35acf4509fef5e4c092d7f76722bf899ed5f1e299bdf2827,2027-01-08T07:31:04.828412,0,normal
8e66e5b1-f7d9-42b3-bb61-8d657878a356,2435,User_366,User_173,1560724,cf0c3c6b59929f2a126c5323eb1e2f6f6d0ebbe05960fa7ee5a21f514d683c7a,2027-05-29T06:45:15.828412,1,duplicate_land
56052f8c-34b2-4e12-a446-6c4953da1d80,2557,User_13,User_401,438541,f287a0867b3329c9c76a849060e36f1dc52e98b07514f61614c8ddc147967bdc,2027-07-26T01:34:00.828412,0,normal
5ece846d-471a-4c45-a8c6-44bdd6cd0369,1249,User_111,User_71,5261647,39203210cc02db32ca4555ea354b52f02f8a3caec6587e4ca31a19c0098d9cd6,2027-03-08T09:19:02.828412,0,normal
e9cadde9-a5e5-4277-bbc3-19f082e0784f,2332,User_147,User_149,3579569,92d2f8fccfc7dd09bf3c2748266481a243f450cc4dbf79edf7616dc93a04bdf7,2027-07-22T23:58:42.828412,1,duplicate_document
7bf116ad-9829-47f6-9d27-d651cfc090ea,2074,User_196,User_16,3481947,336fe62fcc205b518651f92186de427a15293a356072f4b1c7e994d1fe7968d4,2026-12-20T23:05:57.828412,0,normal
7e96e793-afdb-4803-a459-f597490c4ea8,2700,User_19,User_85,1770768,22902b14a7d1eeb2e372b244d8f3ad872b8792576531e6aad09ec9cfba4ddb6e,2027-05-01T19:39:30.828412,0,normal
2a2139ba-e9f3-4a2b-a730-cad1d8180813,1958,User_464,User_292,2174600,160db44918e39653c3e9e9f6826269d4015110fe659fc92f1316fd355059b642,2027-05-20T21:32:07.828412,0,normal
80b60bf5-ded0-4005-bef3-2174df163e3b,1571,User_403,User_46,5326268,628e62bedabb77b2565901f9cba56e8f35581dff43bad7749e583df5710bea92,2027-03-02T06:29:29.828412,0,normal
e5a0efc6-3eed-40d5-824a-c549b6bc48c1,2766,User_117,User_441,3994098,f28ae11f16c89f080bad3d483f5d1f4900ab53c709de644f441826bfbe6c41f7,2027-05-09T13:30:51.828412,0,normal
56e07b9a-a606-4ef1-8506-785b78836f24,2262,User_284,User_277,773745,12ad8d0c2dcf46ad9a0fec697cd61e22c152098833b2026f8bf4e188eeffccd0,2026-09-19T11:44:15.828412,0,normal
faf35cb3-5493-4a14-a572-b5b36f386de6,1840,User_129,User_294,2344766,5904a2c8a297720a4b58676e2b4ba2e7eceb71df2bc3836728d4fb346f7f7dfa,2027-05-16T05:46:20.828412,0,normal
4ab4ec15-d2a9-45d1-bb75-74c934775a0c,1158,User_12,User_2,2589969,4024a32b05eab92cf9208498ff8620ce1e1bca9acadf3ed487f5a58e986b9aec,2027-03-17T16:35:03.828412,0,normal
d3d99efe-1138-4f9c-abae-9fe5e28f917c,2055,User_82,User_50,2574572,f28cfd3bfda884984c31edb261e73b1d48d3a0981cdae75c7c8f557b36feecb4,2027-04-19T16:55:53.828412,0,normal
6f82e913-b9d6-42a4-92fe-f9384ba73878,1321,User_26,User_118,1239021,496f24d38b97a1dec14b215ff08bb8768f11d86185e772c0c1ff3a833970db6d,2027-08-08T17:00:38.828412,0,normal
14c5134d-9829-4a80-b769-7e1ebc1bd9c5,2175,User_106,User_32,2301249,37b38097adfc88a0cd4cff4b97be85c6cc73547eccac196f245cf7cfb937c202,2026-12-06T19:04:15.828412,0,normal
c375c0af-af2e-4912-9d2d-c7e4b738dbac,1309,User_487,User_180,4525563,796e8818451a7e12822a623488f3b40197a32a3f5fb92f8a309fbacfe3610fe7,2027-01-06T08:56:56.828412,0,normal
3ee8e700-5baf-4cea-98d9-983fc2858ea5,1107,User_98,User_62,2794491,627335d22d4b409388a82ea5f4377bde7568cd36361a91f22a75414bebdf80a4,2027-05-02T08:07:12.828412,0,normal
e8ebf59c-90a0-4796-b1d1-b7290430916d,1798,User_205,User_2,348419,282edafab3d77992310fbc5f16abf0b1e8ab0fffafcbf1a01045b14b263cd5dd,2027-06-10T04:27:37.828412,0,normal
7f25056a-dd37-4b0d-be41-dd5d1b6753a8,2799,User_441,User_247,2096159,9be0ecdff8d919f5fce5ae9cc00068a26ca818c4b4374c451143338aa5380be9,2027-04-24T22:16:07.828412,0,normal
008786c5-eaec-4c59-ace6-9fb2e773ae43,1991,User_404,User_475,1700151,64e14c96db8454a1a2e5eeaad5758bb7b24c9e1e67e807f6cccd669437b32934,2027-03-23T07:57:00.828412,0,normal
d1ac367d-8174-419c-8834-d1b423ccc9b3,1986,User_110,User_333,4235471,dac61715582f70b92cdc6fe365b30d00e3322c7a5a0f2a9626c6455bed25abfa,2026-08-26T15:36:33.828412,0,normal
5d5cf850-9abd-4d98-b98c-9857ac2f3ce9,1500,User_107,User_405,3028653,29461361bf665221259b2009a9382daf4c357acf4dc78318e7885a1dcf04b481,2027-05-24T09:51:07.828412,1,duplicate_document
735493b9-297e-4fb2-bf24-5f2ba8a0ee70,1637,User_23,User_107,2076364,d9ecd0446f7e51fe50e0bff4ec3ad1b988bc13e11590b7a0abe100f36aca46a8,2027-01-12T06:59:47.828412,0,normal
cd871951-096e-4a17-8fe6-85a94f6fa61c,1796,User_116,User_292,2576855,4a50d94212c4f4dd91edca83c2588992939f3b6301e25d769178dbc66aae00c6,2027-04-05T16:11:12.828412,0,normal
b40a0daa-11c8-4e84-afdc-2c2c9f233556,1261,User_25,User_220,2714339,0c3b02f95e63807f9e2ef6c0fa779542bb818305f71eb0e779b0c5ffc3fc9f8d,2027-04-09T09:40:42.828412,0,normal
cd9c6754-aa7f-40ae-9454-74791187c6bf,1127,User_88,User_433,3127888,a63e64b952df3eed76b03e50ef9fd4e2083ad1c58cb82c11955ac4dcc3a8d8eb,2026-10-07T21:02:25.828412,0,normal
b360817f-41d0-4d41-b154-4c7ab2c95265,1313,User_313,User_135,1648490,cbab79a060704165ea6b7543c06c2f1f0e9600d70d09fb445aec255366b52af9,2027-07-18T11:19:51.828412,0,normal
827db9f3-0a5a-4fc8-a7d2-a703471e8bd5,1167,User_78,User_167,613331,111f81d1e71938f1383c69094bca5c52376840b68489d6b6699422feebb335be,2026-12-07T13:43:12.828412,0,normal
26607ac5-64e2-47d1-9784-f8f15cbca084,2189,User_62,User_249,4889135,f323b1aa93590dd618b7046e4e32ef45bf61408e7bce3ba8e22147b1de3e8dd2,2026-10-15T09:22:52.828412,0,normal
f456d398-b7a7-4788-8806-cd3b1a82935c,2501,User_466,User_475,564404,2a0c8c065f6e345fa82d6eb93dae452c0fb1349cbc790df94b8b6e2e8eaab450,2027-01-31T13:02:19.828412,0,normal
124011f7-1468-45f8-91db-384b8bb27312,2324,User_466,User_120,5070478,032da26f34876a45501a91b5cee28339759e8b774dee9122634b0af4d3b52480,2027-04-16T09:33:29.828412,0,normal
3175f666-cae9-47a8-a29c-bcc5d2d320b6,1803,User_136,User_343,193292,52d7172429a93e185d457431e7fc5d2d6f82bb7a1b7bfac08ce4bd88f7603b8d,2026-11-20T19:47:51.828412,1,abnormal_price
0d1fd5c7-9e61-48cf-87f7-82d0157bdb31,1220,User_296,User_469,3486770,86edfc1f501a764cd85d1fc9c53657fccf69fd79c469198bff857f7e34be393c,2027-01-23T03:42:13.828412,0,normal
262ae14c-fd4b-416b-82f4-1c0921b03081,1865,User_305,User_481,4482438,fe530ef47642efb8f44ffd8061f0c69fab89dadf5d99de6b4934de16f42ccc10,2027-04-19T08:25:00.828412,0,normal
def16f66-d3ff-4f59-a69c-61178946d76c,1912,User_473,User_9,5003852,ad37a866618aa0bf535b7b1a334ce7c1b09aa7ae7170c9ea0c0e1957dd406a82,2027-02-10T03:11:10.828412,0,normal
b094ba0f-589c-4e16-ba58-14b92d9801a6,2603,User_57,User_163,2711507,0f343c8cd8f86cefed852a17069c91785d247bb97c6e35c78b366e3d2fb89c93,2026-12-16T21:44:30.828412,0,normal
90341eb0-df68-4b04-b019-424aeac69e1e,2044,User_345,User_468,3732346,f7cc9df8e39c209dec2e3be5961d1f0cc51ed9e6918a5320504211c67161e3ed,2027-05-10T19:49:15.828412,0,normal
23d5a2b5-83ba-493d-abae-d245fab3c6cf,2832,User_339,User_231,3059488,f8ca00b886cf60a35c8e34b897b0b9821ea89e44b1e5aa006f8e5f3fd57bc7e1,2026-10-01T04:03:10.828412,0,normal
033913da-f8fc-42f9-9522-a119aca522f6,2254,User_133,User_34,2062056,281248cefb5f2cf61b15981c574730082940227a08821126c412866c004cfdfc,2027-02-09T16:21:40.828412,0,normal
373fc3c0-4842-4481-9d65-69668b4ea222,2578,User_494,User_218,2850633,564f4d3171b5fd7486456dd033ce34a9a509332ac01f97b16a1a7093028373f9,2026-10-29T08:46:54.828412,1,duplicate_document
006a6e58-9098-45b3-a74a-c6fa5dd1eb4a,1751,User_10,User_368,1326796,4ad4e5e6a2cd194fd4298aa866861079b692bea35fd8bf0903d76dd24fd876ef,2027-03-05T17:18:03.828412,0,normal
0e76f05d-0a28-42ea-94b5-fda8523b884d,2441,User_425,User_408,5470873,7e938281d43e42a6e88afdaab5901534c56cb34dff15b508302ceba7cc3e9754,2026-09-26T10:08:10.828412,0,normal
214bf4cb-a108-451e-b97f-a92dc2ce22a4,1686,User_456,User_361,4437571,aa813bd7b1ee3d4c0ac51fa09d2fa5fcf4e7ec2561cae87aacf3eb4c7640aeb4,2027-07-25T16:47:37.828412,0,normal
84aa0651-312c-4c06-873f-49d3925c1499,1580,User_315,User_291,5765818,01288414d9c6974ceb6a01846082e165c86f176699f175cc2ed04c6084e9cc60,2026-08-20T09:04:34.828412,0,normal
c4a5a547-0ea3-446b-bac8-ed19a541cb14,1150,User_121,User_52,4903541,d84a677fbd0ebfd71dfdc6e63a2b8aa58219d57d593af6f70f661a67853c8d6b,2027-04-13T12:16:02.828412,1,duplicate_document
418195cc-b03a-42bb-9e6e-019f3acfda1c,2280,User_43,User_208,1283047,5944473d94d8b08f60d5cf047f654d1603b68b67e087df22a0dc6daebfc20750,2026-12-10T08:32:32.828412,0,normal
42ca1f3a-98b0-4a85-893b-f3c881030635,1429,User_411,User_203,3140286,05d8599abb340a98e3144577aff0dbac0ef7af6a0bf439a50486b1ab75c27c30,2027-06-22T23:54:23.828412,0,normal
a6508337-7521-4fbb-9e95-16bb2b7959f9,1799,User_378,User_61,1615870,0b296829ba6162e18593de23087c0f95613695910576baae4f1746cc890c2214,2026-09-04T12:24:27.828412,0,normal
3cd24727-3fab-49ff-a69d-6c99552d01cc,1688,User_157,User_158,2097437,2bc1882ea1be5df5e454b8169925b1094873d8f30f8f2430291ebbc6b29b2011,2027-08-07T03:54:38.828412,0,normal
a8f3cee3-79d3-4a16-888d-dd365cfd0dd0,2547,User_92,User_71,415768,598c9d62d3501c0e10a5dd3df705f8717dc0518f4334b80e29a3ff6ef85b968b,2027-06-19T08:31:11.828412,1,duplicate_document
ca535984-94b2-4242-98a9-31b2b539091c,1859,User_269,User_183,318164,050cad4265cbec665ee49be4e8bac399a52815b921e8a5ff61a8909602401b32,2026-12-15T04:09:53.828412,1,abnormal_price
23048ac1-4d71-4777-aeed-9f73d649f29c,2740,User_423,User_484,2638027,ecc68b80416db0172aed88af1885239f9ae8fa63c1206ce9bf6633ba0012b6d2,2027-05-04T13:56:10.828412,0,normal
c2d0dd89-d160-4ba8-b967-4208cac8a0cc,2300,User_18,User_480,867711,e25ff201cd19aa974375ad1edb0af48e73c4b7638277d243cb89b25f190ea08f,2027-07-20T20:52:18.828412,0,normal
bb5ce179-e6e0-452c-8c8f-8a70ee118218,1760,User_151,User_107,1432570,8835a013dcc1d3619c32e82220f9a7757d9b1cc6fcca921da02beea6a2ee67db,2027-06-22T12:32:47.828412,0,normal
e56c6de5-a5b6-4c7a-a10e-6caf2b149226,2039,User_61,User_76,3209181,186b38dcb8c073569c9130ff7692ccd31318ebce4360e6c248bceca122395edc,2027-03-12T20:14:49.828412,0,normal
3d78e620-6b51-4441-b676-ee0d0d1f6bde,1042,User_50,User_87,1173983,4d65aa9feb1018879c92f172eb23312f81be93bafb59eced6c6b6ada345faba4,2027-05-03T17:21:27.828412,0,normal
830e1b57-06e1-4bdc-857b-1f82d71f78b0,2252,User_308,User_100,2553288,41eed841cfa8904df800d37f6c2954e271b3333305dd5ff298a5221c134e03f2,2027-03-14T13:38:00.828412,0,normal
37648e44-ba9b-4697-bf53-fae3fd977ee9,2954,User_373,User_76,2262212,4daa7fa853989ed7b8dd53cb3921e79f962f9f3c67802828734366eb07607b7e,2027-07-07T05:59:41.828412,0,normal
1f98b004-cc6d-40ed-91fb-1bbc7584d4b8,2239,User_20,User_165,4336913,1d2fca1906b19ec889b83b09e8c48d9a8f8be0c663edae9d8f7324a55eb233f5,2027-04-05T12:08:33.828412,1,duplicate_document
96584054-05d4-427c-bd69-bd58c7b2170b,2071,User_458,User_18,2612381,d69ef726db95344c7e4cb4383a542bd79c4477407d69f56b4902fed80773c0c8,2027-03-04T09:47:26.828412,1,duplicate_document
7d760a1a-eae2-4abb-9797-5abe67e72cca,1514,User_244,User_150,1422662,41b4cef8f25f3a28256e797a456d94a1bf8a08ad7feb499e9baab9283b886288,2027-07-13T10:53:29.828412,0,normal
bbc02157-e189-4955-845c-0d2335fa8c4f,2850,User_452,User_219,1870219,9cc319cd891ab521aeff37923bc73c0943b84c0adb545209ad9487a2c77e5e2b,2026-08-19T12:28:16.828412,0,normal
9749c89c-5a39-43a2-8ddf-304d57688e00,1837,User_219,User_54,1870396,44bd1ad3106736a3ce95db1e78ee6cb26d62c1bf215cbe0cad4fedeb0a0259e6,2026-11-27T07:22:52.828412,0,normal
c96d36d2-ca7d-43f0-a42c-14be68fbb812,2973,User_188,User_275,599986,c04a464c25d552788ba6666b06cc868b0b2afc9ae3fc513804ca45678efd7523,2027-01-29T20:43:33.828412,0,normal
a6a323cb-69cd-4dfd-a2a1-63e63bd2ec11,2932,User_493,User_284,1073430,1eb9361df0197871250c6921d4dcedbd603bc553e021238df1bcce605dc3b395,2027-02-15T22:12:31.828412,0,normal
3d3d1aee-e61c-48c6-b220-95100192011f,1127,User_433,User_441,2693469,a63e64b952df3eed76b03e50ef9fd4e2083ad1c58cb82c11955ac4dcc3a8d8eb,2027-01-18T09:48:35.828412,0,normal
976a5328-9f28-44ab-aeb5-5d4c13fbde8f,2612,User_378,User_171,3573040,c5ceac864da9362ca93c6803efb157f8b7932e5bc81d4ec15e6f7f6983a3d48b,2027-05-18T02:58:02.828412,0,normal
d329ecc6-e675-4677-9a0a-4f51518f6c61,2103,User_141,User_67,4094825,12cd318a0f1323e3af7492ea2e05f5d02ccf92f36959ac66a2aec204aaec206e,2027-07-18T22:54:16.828412,0,normal
cf194ec1-e5f2-449c-a0c6-228441274f57,2660,User_71,User_379,1258270,842a1838f01fad0c3688c0b37a15cd78a8f43e83d2297485c6db03e68e34f2f5,2026-12-22T08:50:59.828412,0,normal
3abc62cc-e31f-4af3-98aa-710963a3b7d3,2601,User_10,User_193,1430608,d0f3ce933ba407ab6aae6c7706348018883c782d4122aac862b4a19807f70916,2027-04-22T10:25:19.828412,0,normal
63d3e1f2-5052-4bc3-8b34-80d7b91f68e4,1203,User_284,User_142,2401451,0695c205e92fac46664989e41ce53afbf24b082ef7336fad81d69d10d0244e08,2026-12-29T03:35:24.828412,1,duplicate_land
93a14d45-34ad-43f9-bef3-a3f0d461d235,2366,User_212,User_367,5566079,e3ce601d0a566704b52b6aaa159bffc0f0b025a7c6ff3ca78338be02fa79b052,2026-10-14T18:45:04.828412,0,normal
f27a3173-b9d5-40ec-9504-e4bbedbf8092,1298,User_114,User_274,637093,76083ce73214da37b1e51b672e28c49824a5f2dabe80af01d5fbf6437d2ef492,2027-03-09T14:43:45.828412,0,normal
59b62915-ac9f-40df-a1be-6469a4f9239c,1320,User_84,User_339,1932686,79e25b9bbaf2299c216f5a0a79a2ae7aaf11b01b14191c6e210961a2694e28b5,2027-05-11T08:19:30.828412,1,rapid_transfer
d77fcfe7-894e-4a83-a865-81478069a4e1,2226,User_7,User_282,1180107,7c0cbd0b5c44e45c95e02b63c23da688f116e2b7d230d6c5595ec0dd9cd5254d,2026-11-03T06:25:12.828412,0,normal
b075c1f4-66a5-4d04-b798-9b7fa0ab354a,2900,User_456,User_486,4387433,6dbe2fccc3a6043178bbfb36d164a8fec51030ea9e499626d66e475da030229a,2026-08-27T22:14:52.828412,0,normal
469ca747-080f-48d9-9c4a-b27881c68f3b,1610,User_278,User_368,2992620,39b08ca626b94448b7b01b8da536e4f5d6e858acb3dde5966c1a4fda1ea2618f,2027-03-17T06:31:54.828412,1,rapid_transfer
41ac0fcd-b094-4cc6-aeb7-c1bb9223f788,2345,User_355,User_495,3694583,45c9b4f4ae6e560550bb164817ac8df1967e7f4ec3478ab8bed0c782f07e4512,2027-05-10T03:03:02.828412,0,normal
f98d4e4a-2626-412c-9ece-2ebbd3675371,1732,User_186,User_349,335979,8fd008d07ef9691d4917f47f161edf5622cafb264428e792ae86dde1ea6926dc,2027-07-31T16:30:54.828412,1,abnormal_price
2bd06f89-97a1-4133-aa2d-4ae905b52660,2087,User_319,User_430,3059961,9ea7c5c63e7ce897b851aa55a155d691f906254f491710441676e94b5af76e73,2026-11-09T14:11:48.828412,0,normal
d41faa3c-1869-4c4e-a58b-946a08dacec2,2179,User_217,User_142,3963769,3c21f0cbc03b85e542ce006ad2c1ab6ad77053e3245901f328705610600a4b76,2027-01-31T22:57:14.828412,0,normal
3905d12a-db2d-4596-852b-3d8dc7cf84f5,1948,User_391,User_110,497162,678c36c11a101657c9508ed2377e160e53e817e89a920c35d2288df8b4e8fb30,2027-03-23T08:38:48.828412,0,normal
dded0e12-4736-403f-9cee-73cf727d1a80,2958,User_61,User_245,1445697,079705a98bb78a4d1b95c2659a638520f7e4145fe0e013841e2c322b70f0b8fd,2027-02-21T03:43:07.828412,0,normal
5fa892a8-a507-4399-ac7f-dc39e810a977,1999,User_290,User_456,3425488,9a6d865948e515d6de5bf9212ab83c1302bd81ec4b90ada0b83e9e745c262619,2026-11-27T13:44:59.828412,0,normal
1e4d3bc5-38db-4e7a-9fc1-e5c08c1a2dff,1482,User_262,User_344,3869803,3325c49b19281d31b55691dc8a34f48a1f459ee1f2a563b33ed2786e1d1f53a0,2026-11-09T21:15:28.828412,0,normal
d294395b-c0ba-4d29-9d45-e0df7722e16e,2340,User_440,User_367,3585110,b0fb0e30fca05a2aaa8c799ef5486da9d5899bcfbca1bd516afb4063fb610e7e,2027-01-02T18:16:29.828412,1,duplicate_land
562113ce-425c-4e31-9305-c5e7352439fb,2175,User_32,User_252,4204529,565f86bdfd0740df77b6bb969930c19c3faf13cc28bf4f2e8b339165a3fe1055,2027-05-14T04:00:34.828412,1,duplicate_document
4d8f6ad2-b379-427e-9572-32f57ecc0091,2851,User_229,User_27,3514481,bc1b2c0b0ba16665460b8e7df33093941837abf9eb1713e9fb048772c90411ed,2026-11-04T21:27:47.828412,0,normal
b2add335-ee84-4b5b-9aee-6498c783da1c,1239,User_42,User_493,2986940,b97b9c480c9376a4d78cd7cc8f83338b0a58f402b8f1d9a627b47a2ad2c1310e,2026-09-12T23:55:37.828412,0,normal
75c80b63-ca45-4403-8386-0ab733043dd3,1336,User_309,User_57,4223221,db85fbaa2ec765170fd7d3f59ad736e8bfeecf5c03d9648bc39714f09fd3cd9c,2026-12-05T07:36:14.828412,0,normal
0554e76d-ef76-436c-b23b-50154aa42f91,1795,User_393,User_154,2751898,134a3ccc49332c8f6152c684fb2038e4053b3f2c0bb6e2fe52b9087dc5b4dce0,2026-12-14T23:37:59.828412,0,normal
71d33c81-bb0a-4623-b7b6-38c996e8c235,2393,User_311,User_456,3957735,90c20dd99ba6f8e71074cd507707c41923467522271b026c485eac9a37236698,2027-05-22T19:43:29.828412,0,normal
ff35dae3-e221-4443-8fe3-86db126486fc,1987,User_178,User_395,2085119,cf1fec93325876f0f4f98a6a32a892b2e510b5faac2824963a951d58e08dd5b2,2027-07-13T09:34:55.828412,0,normal
76fb65f1-84f4-422c-9288-104a44aead44,2922,User_283,User_111,1608760,8fbe3f8b2224b2d9934f38a778f0f8383a1e5abd4d698d24f9d8b8c4d9e90b8c,2026-12-03T04:29:23.828412,0,normal
9919e8ee-63b7-46b9-9b38-02eac86223e9,2041,User_425,User_144,4899052,fa1ca78145c10dd72cd7467060b38f79d786567caf7a70af3c33b42e5789ec48,2026-11-03T10:46:25.828412,0,normal
3c75ae57-61b2-42f6-aa5e-f7b53949eb2c,1358,User_342,User_336,661393,6a11685b9a9f5dc138201cb557222cbc7f8befb96571021648d2b834d6608981,2027-05-21T17:27:22.828412,0,normal
2ac4ff6b-cff4-48b3-b7f9-8f800bd7dc88,1611,User_52,User_135,3463370,62ed5ee141015eab1812d0a83ba35ce18e1cf4ff1d52da815f2f685cfb50ebb6,2027-05-27T22:26:51.828412,0,normal
338d7d95-9d6d-4ba4-93c1-f01315029d0f,1221,User_9,User_494,4277180,ce2cd1b3270e12314160c5f29fa0825fdcdb62a1aaeeacda6dfd0a8f3cc68176,2026-10-11T14:00:44.828412,0,normal
108aa8b3-ca70-4e9a-af3f-2086552b2750,1939,User_437,User_247,1373651,038e1fa228e67e28dca7db55ed466c976da70988888ee531c52c3477b1e79aba,2027-03-02T01:18:04.828412,0,normal
0fb8beff-4cb2-4f6a-a87a-c88d1f1fceab,2657,User_322,User_116,1346691,7baea2c822388e27b37f83388c31a3e82c74df7ce46677d5cf7dcc8c7955e7ba,2026-11-22T11:40:34.828412,0,normal
1c87873e-1e9a-49ba-804d-522d74e60a37,1668,User_238,User_54,2101678,74dca54592bc3422c08b18f1ae00c4ca1107a38215c1454219ce2e3280a96fef,2027-03-22T03:44:48.828412,0,normal
2e729f51-15bb-42e8-8de6-cc130f8f43cc,2125,User_211,User_337,899625,44ce9cc302724b0745e8fe426c6be0f29636b3469daf6787bc47ecc223b25647,2026-09-23T03:21:38.828412,0,normal
84e341a2-521c-4a79-b734-769f26a2f979,1332,User_147,User_341,2937847,d09cc1b2c76b05e80c98e2bdee7cb5507ad9773aa0cb8ad2f8b006db86038eb8,2026-09-26T01:39:19.828412,1,duplicate_land
0129d335-b4b7-4087-8b78-60cb240ed86e,1794,User_474,User_347,887621,6dd165cbd1c2b55bd1ed7403049ac93d3d908407aeceac332226da3f559c0e14,2027-02-24T11:35:04.828412,1,duplicate_document
c4090835-5602-465a-b0dd-f1d770b3b3b5,2164,User_190,User_408,1595496,aa55ed0b791754b9dd540e0ff15ba13a80391fd6d4a18a1c7f19bb5e59a98127,2027-08-10T16:35:27.828412,0,normal
0510ce0e-6770-4fa5-ba4b-31390963e1b7,2388,User_414,User_123,1199399,1d05f6942d5f0db40b02b9e319dc2d9da19b44a7820b9e5658bea31f1391d5cf,2027-08-02T10:19:17.828412,0,normal
f9a7319d-22ac-4015-9755-f9a4787555aa,1365,User_465,User_404,2026869,92d2f8fccfc7dd09bf3c2748266481a243f450cc4dbf79edf7616dc93a04bdf7,2027-07-18T15:28:37.828412,0,normal
68943aaa-fe9a-4da7-ad0a-bcd84b44e6f2,1240,User_441,User_71,2177225,2f30417f0acad68d9eb0e98164ebccc59aa7bf4a445866ec9a9b9aee0b534e0d,2027-06-21T08:20:16.828412,0,normal
3206246a-7344-476f-97c9-ff476932ac3a,2939,User_495,User_191,1315563,7ba556b6dfefea3595480e148358e06d832bc4f83d2c9be6acc39972dec47593,2026-12-13T23:09:26.828412,0,normal
11ceb3c1-7ef0-4600-9fc5-9a420559ba97,2468,User_480,User_4,1976062,7a1adfe6e11014a0f9f0e9e30148b2b208a9e4a52ef6af30b33c16169ec14670,2027-02-25T02:14:56.828412,1,duplicate_document
1468334c-089a-4f75-8747-42209e23fc04,1334,User_499,User_64,3004590,0f0e78ef0fc0c4be5b14900edab9f353e96afb63914d35030a1e4254cde8f265,2027-06-02T16:31:29.828412,0,normal
3403a5c6-bada-49db-80d0-2545c03a223b,2452,User_124,User_439,2399402,8dc12f92a4564c0f7785b796d8a2838a8c21dd75537bc08a4c889aff0dfc4180,2027-06-24T00:48:25.828412,1,duplicate_document
d5603803-bb2f-41d2-a698-9473f64b12c5,1438,User_393,User_21,622855,6ff8bac57b04dbe2b20697c3aca8a3d00ce1c900badab92923223b0dbeed5006,2027-03-03T02:37:17.828412,1,abnormal_price
3aa1e95a-8e53-473b-88c3-bbf764f4e92a,2619,User_243,User_424,322611,0e17c078a56e3b724091036833077b42a771d150a774646162bb9ea6dab8efde,2027-07-21T08:46:31.828412,0,normal
2cb9c66d-200e-4c86-b095-7a7b65041096,1780,User_406,User_334,1489983,55fe87b0f928d7e0df19d190cc8ee771a2ae0b76ecfba94dff90f207310ab69d,2027-02-24T16:00:12.828412,0,normal
a9e44002-04ec-4b2e-bfe0-4dfa7eb02d50,1780,User_334,User_67,1402072,55fe87b0f928d7e0df19d190cc8ee771a2ae0b76ecfba94dff90f207310ab69d,2027-03-22T12:02:53.828412,0,normal
1b8a0e3c-6283-45d7-b84f-5ad1ecb4b1bc,2483,User_81,User_222,3919898,3bb35e4b947787ed146440a2b66e1a0296f8036a7c2ff54a5a41dbf474f38b4a,2026-09-25T18:54:38.828412,0,normal
72274465-15fe-4f8a-9d12-037493d297d3,2268,User_322,User_51,3080400,e1b67c94ccda8f75ccf13510f6f6192a607e96974a9aa42f064773c75cdb228e,2027-01-30T11:07:07.828412,0,normal
b7916967-2be6-4cc1-ba23-488078c90ca8,1668,User_54,User_382,2009844,74dca54592bc3422c08b18f1ae00c4ca1107a38215c1454219ce2e3280a96fef,2027-06-28T17:23:30.828412,0,normal
337f16a8-99f0-42ee-9055-36322ada4d98,2210,User_127,User_58,4034529,095c9f2030e21cc2a00c1f6a4f0713763bb8af3b5e8a094295933c54d39b32b4,2027-07-27T07:13:27.828412,0,normal
84adf3bb-3fd7-412d-863c-8a9445984b0f,1101,User_378,User_150,3067853,d87e7caff9e4bd89b38ea324c9bfae021e482d5a223af6f123674292a3d581d6,2026-08-30T04:43:09.828412,0,normal
982bf4fe-06f0-4f20-a5c3-d1b41a835f18,2309,User_335,User_452,3196853,50570388a7ec4250a961753a343465fa7fb0c8ffb1fa275dd5a4348a38107d03,2026-10-23T02:18:40.828412,0,normal
56b6da01-8711-4708-b677-eecc4ac78962,1308,User_333,User_454,4904143,01c9762b2bb5efb96724d756b0d53361df93567521bdd5618e2913c3eb6aade8,2027-05-23T01:53:34.828412,0,normal
d52bc4f4-c122-41cb-9fdb-05c3e1c80325,1497,User_33,User_117,1490678,034d99ee7e71a2db8897fa7f45a316175afe1462aabe3e9b8e247ece1062c84a,2026-08-14T11:38:10.828412,0,normal
2515a63a-823f-478d-a924-b8fda84a8839,1888,User_419,User_241,910195,b8f008cfdbefcc5b2d56b07e75bb697197c63ceaf2576e965c97b2628be27edf,2026-08-16T06:13:54.828412,0,normal
fce779b2-23cb-4071-83b0-e3a3441eb8c2,1347,User_455,User_169,3334957,6ce8060596cdf1a6eba743d9350c69d2929ed047473d2aefa3ccad7ea04c5dd0,2027-07-26T22:28:51.828412,0,normal
d6c61507-8397-4a42-bd3e-35853766fd53,2051,User_364,User_256,3981987,8fd01b37865f5ecab8e218dacede557dadfb110ae3eacd5dc0d58c68d8598d60,2027-03-26T11:24:10.828412,0,normal
df97b5f4-19da-4560-9bca-aad2e9cd2e89,2892,User_319,User_3,2727311,f72b44e39fb2a0ba05539756a2506b6fa647e3fee84d324a01a93071746f523a,2027-02-28T18:03:48.828412,0,normal
81291fc8-26b8-46b4-bda1-0af5f1ca9dd1,2627,User_379,User_455,4370086,341728263451ec117703329cc82850bae114dcd281e1cabceeccf7cfb2793ef9,2026-11-19T17:10:01.828412,0,normal
579a3e68-c701-4873-a920-14681f08d672,1317,User_480,User_335,385477,bfa6bc44868050b83189f4de0f225ad3021522e083b75bdddddb54c51232a5b5,2027-05-28T14:25:06.828412,1,abnormal_price
8c90ad41-b82b-400d-8371-0d8d8058d604,1097,User_480,User_76,2107811,97a81ca0740d0465539f557a27495786b12abdf26de34ed035635088761a1ca6,2026-08-16T00:24:00.828412,0,normal
c50e69d5-a707-4f23-a97e-f522baf3ecad,2950,User_313,User_441,2762817,880e83a3a05a4d7f6aaa8db2d07aba5e1b6ffe60986d718f977cfcefbed3019b,2026-10-11T02:14:08.828412,0,normal
cfef429f-f946-40a2-ac7b-14af0c80b692,1701,User_161,User_169,2897899,168fe0262a364024bf40f8c767e8622d4c112b3857227178586f6c4077ffe220,2027-06-14T05:25:03.828412,1,duplicate_document
63a3c3ec-a724-4fa0-85c8-1fecbc4518c4,2251,User_374,User_27,1847411,e11f846953cabb8ee3189d5795f2089de9972ff773d800f22cce32c9be711b8f,2026-11-13T18:15:16.828412,0,normal
a259ffbe-1639-4e17-a83d-807238e707a0,1960,User_358,User_7,1797900,d360f3e5f40cc20ecadb4d29063df1d754eb7946eced2b217c47ada1f89b89a9,2026-09-14T20:41:41.828412,0,normal
f5b6830c-636d-4035-a6e8-ce3e3ed3da95,2690,User_213,User_431,8621068,9a51fb246f642f1aa9f5ec90c066452ea06513670cfea352e96aec5dc99f2fe0,2027-06-10T02:50:29.828412,1,abnormal_price
306443e7-bc0a-436d-a9e7-d5b246a0040a,1132,User_327,User_6,1848551,54ea4f647fa3d3e1e91cb3ae2cbd74515be806167cd541e21c2f24039831e482,2026-11-18T23:29:01.828412,0,normal
ac18aca9-8c01-48ef-94ec-9c32f118bb8d,2336,User_182,User_19,2347381,82d5549f53801ead8ac9874719c6b517864b99bfae4a6d4cc1ccb4c493bdd86b,2026-12-02T11:27:01.828412,0,normal
b00313ea-0d37-4831-9647-19b4003a2782,1984,User_20,User_400,3053784,78af3d8f6716cc227efb2cceedf5bed6cca1d70f2952bfa8a4938632a029f8d8,2026-10-17T20:25:41.828412,0,normal
810ae118-eed1-42d3-b76e-4443303f0b48,1687,User_225,User_376,4501501,208a1a0eeb6388edf2d518673c261a415f22fa28a23c4f916671174af44c91b4,2027-07-04T02:26:41.828412,0,normal
b3c4d9bb-146c-49d0-8ddc-d062f36e7236,1381,User_355,User_353,3253266,5baf3df8b8303627b58fc6dc34878941e06de909a768173a5bfbc43ddf4b6f4e,2027-06-21T18:04:35.828412,0,normal
4714564c-57ea-4bdc-a242-752143317ebe,1470,User_67,User_219,3242694,08b9349be2e5fb1eef39dd8380bfc17781f1aa2adf5c1e79b35a6546404a38d4,2027-05-31T06:45:52.828412,0,normal
0422c5ac-69ef-47a8-b024-ffca2a8667b7,1327,User_373,User_429,1074224,7e37ac00e4866d2a9548d7c0e054221ff35eb73e7a9d0c63b7f18c861d7e7466,2027-03-02T02:45:28.828412,0,normal
0ed1c369-3ec4-4624-a879-4b10f4f0a3d0,2178,User_283,User_172,453258,29b28eea402a221827d13987e2e049106039981d3871bbd3ce345f9fcaf4d222,2026-09-15T17:20:28.828412,0,normal
28c13a95-65de-4681-9260-68c3ec958e80,1371,User_200,User_142,4299750,86f69e89ea6704e59507cd81a55f509ac217c2366e7ea68c553fdffcad0a68bd,2027-07-13T18:21:02.828412,0,normal
32c3b410-b0a4-4db2-9376-31724a911b4a,2844,User_331,User_170,4196118,9e6df4ec08f83cb72dc4125d427ae457bc795be2371c6b010f6e486a9bd45ab1,2027-03-08T07:40:39.828412,0,normal
33aecb9d-877f-4776-b2f3-e4d13b14d391,1568,User_118,User_8,3864734,43c9182d36dec12c0d8a2eb6bbb8a47ac235280c8a5109d5c391b1d25b91a996,2027-06-28T23:02:14.828412,0,normal
a28a15bf-a1f4-4a88-88e2-e92ce8543bfa,2255,User_431,User_213,1095321,3e0d143fc8f06c34fc42dc47307e05d5c569f01f2e87e61cd02443b154ecf6c2,2027-03-18T02:34:18.828412,1,duplicate_land
66a9e512-1e2f-4d5c-94c8-c485533f79bd,2992,User_205,User_220,4922501,f2698815b5d3b141ea6ee8d5497e81e8bd14b4f00f2d4568102509a9343b819e,2027-05-26T09:56:19.828412,0,normal
de94c8fa-c083-4bd2-ba19-53a8c09bf862,2237,User_484,User_327,1586817,da91fd3dd288ea703991205c3952bb209020c88536c4609c3af43f4e3849f160,2027-03-27T01:03:17.828412,0,normal
c25e87d7-1bca-4f06-aa56-66bad6754405,2439,User_372,User_380,421751,72c5caebf58fa70bfaf100f0bc4223388b9d174416a1db45830c5d58c18f34f4,2027-05-03T23:37:57.828412,1,abnormal_price
bef2e748-2c17-4d7f-be11-1931792db2dc,2547,User_54,User_385,1546028,c6540aa48cf2289b8c8538bdc5acaab734424d823ee138968071daa183072357,2026-08-21T06:24:22.828412,1,duplicate_land
7d329665-825d-4e7a-a4d7-a224d0d747e5,2691,User_187,User_479,3144688,301582428ad0d9d5720298f592af9fbd5bf67d04c53d4c92e780535f0aa019b6,2027-05-09T19:23:47.828412,0,normal
08cf29f9-e37c-4d53-bc49-48dad9981b3f,2284,User_215,User_20,5030892,9ecbec045e29df76806d0633e3f6015d6f8dc9af7ac9d4f6a388d0eb09f86cf9,2027-06-26T07:15:02.828412,0,normal
6201acc5-10b3-44eb-82d8-e242acac9628,1207,User_159,User_457,674314,a8687855832bdadbb883e0bd836f33a9cc745729c10916fc760f64927d0b4121,2027-07-16T00:04:21.828412,0,normal
1670addb-f48f-4d80-972a-84f956ec8b34,2713,User_294,User_491,3606015,f56abc09cd8a680940827a149733aab6631264c8cffbbdef44e2ac449593c47a,2027-01-19T01:23:33.828412,0,normal
10e083f4-5cf9-4b33-9438-70913ecb922e,1084,User_221,User_331,2553524,d90c557ebdda3bfec86ba6c9f4413ac4a353b1575cc24d5b79473cb5a0577caa,2026-08-15T18:27:58.828412,0,normal
d89d6881-62cb-4ff3-b2bb-a276e1d76b91,1713,User_151,User_114,823068,3c42fbafed271544dc0d95639afc3f435bfeef510365bafcecffda6b72266bec,2027-03-26T10:19:04.828412,0,normal
faf4ea14-922e-41aa-bbb6-e3cd2ea4982e,2356,User_488,User_205,3346783,850d07c6fdce1b78de033a677583a83cab22b92e81ff3afb47a8c727422342f1,2027-02-06T04:24:55.828412,0,normal
70085077-417e-461e-be6e-e4af2f16fb10,1863,User_203,User_50,5753237,81336ac6eb4001fa54e8b82e0d93090b3f8baea0e1084d861626006f78d437d8,2026-09-12T08:25:10.828412,1,abnormal_price
3bed3213-1632-40e6-91bc-8a8fb65e551d,2008,User_403,User_11,2242925,c9d3943b63c1b7130c470918825d8cb2c774213cef4584abd161e93a67c1714f,2027-01-13T18:01:41.828412,0,normal
91fb0480-d56a-48ad-96fe-e350a64401ba,2605,User_73,User_465,4697673,5590fed40ac3f60fe93e76983ff4e87f22e1bd2925090ce8224aaedbdc25f456,2027-03-24T16:51:03.828412,1,duplicate_land
c9bc86d5-0995-415b-9425-0619ac2b934a,1198,User_273,User_286,3795084,69c8058714a9ca8cc715c4b8075860b6f852624760e4c32cb913f07450db0a73,2027-04-29T06:51:31.828412,1,rapid_transfer
aaae18bb-9624-4e38-8896-dcb03df8b819,2575,User_499,User_337,1151769,e13f1ecec1da3b164b54b5d96efe88865c4513c354c062d791f343d0a1401578,2026-10-14T04:39:00.828412,0,normal
c933aa42-3dff-443a-87fb-024806656d4e,2752,User_160,User_397,4094523,d2825d1558fa5acc7b44f5a27cb0c80904065f5b70f76fd9d5d4e9944ca68929,2026-12-09T10:55:30.828412,1,duplicate_land
e6888633-855b-4182-ac02-dbc2ac38f922,2459,User_365,User_379,335874,d1b79c02df31f41cadb579bd185f0fb22600623accc79c360365f2b2641511fa,2027-01-01T06:15:45.828412,0,normal
09f2b3d2-81ae-4139-9ada-5901a32aada8,2900,User_486,User_108,3516728,6dbe2fccc3a6043178bbfb36d164a8fec51030ea9e499626d66e475da030229a,2026-08-18T20:06:25.828412,0,normal
8a4588ea-4981-44b5-96e5-d4802d15af11,1474,User_269,User_336,3669940,e1a4a2f8cf50f4b2a8817bf7deb6802bb98a817bd3191e3f43553898a9844d04,2026-12-27T04:55:51.828412,0,normal
0d00e36c-a0fb-40ba-ad59-e7f53779898d,2651,User_311,User_125,857148,458aa7a61236ad27b323345cb35f84649a8e108b5e58e8c7edbfe8d5439aaf76,2027-02-14T10:45:06.828412,0,normal
d6c596ee-1050-4c88-a7bf-8d0d41a8bd40,2467,User_366,User_433,3333457,0d762d010394622d17126dc6ccb49623a287e904ff4f34bf9d32bbd470110695,2026-12-11T05:59:35.828412,0,normal
af019053-df1d-4033-9459-b57934fcdeb2,2401,User_207,User_130,3595292,4e222d4049272f9b98d1364dbea02bbc2926028a06b40ac0427de9c195a161da,2026-09-15T21:57:39.828412,0,normal
2dadfb0e-f5ab-4128-a36d-da0c49d1b440,1200,User_135,User_178,1440972,c1423c13a337a59553b73ef3dfe5bdeceadc7a31a10e496241a4ee8446c73e2a,2026-11-27T18:48:26.828412,0,normal
fbe90f74-559b-45ec-978c-c71baf088bde,2318,User_149,User_24,1628724,5127c92204276d085cf0a5a2a4e37061c5838669ce3511fb8f8e4f0aa6d2b466,2026-09-21T11:03:46.828412,0,normal
773c53a5-1dd8-4f64-90ac-678227209a0d,1886,User_422,User_408,2309918,62b2f0383d801740604241627e3631fef771f58ab0922dc0240c14649729aac0,2027-06-02T20:52:05.828412,0,normal
e636087e-2bca-48fa-952a-2e6fb1102b6d,2218,User_405,User_482,3810989,598c9d62d3501c0e10a5dd3df705f8717dc0518f4334b80e29a3ff6ef85b968b,2026-09-13T15:59:40.828412,1,duplicate_document
5ab0791f-08ee-4bee-b58d-bce4030c9ec6,2597,User_215,User_243,2419612,324e1838812e022add6c528acc07f6ebea8307069751e61232551f23fb19d87b,2027-04-19T14:50:47.828412,1,duplicate_land
4b0e844a-c9ca-45b4-914f-ed84224e9dbf,1496,User_66,User_342,2316914,8f77a8ff4492feb34341586b27d7c3d59abdc54e17b831b2542790496e59e6e4,2026-11-29T23:25:32.828412,0,normal
4ac325a2-ea19-4e0b-8e53-f6e54a7b66ea,2779,User_105,User_411,3617253,c2d5918e3bb9c95a242d515a1d7fce4792cc2bfe8e179008027ebcd9f20c47a1,2026-09-02T11:05:12.828412,0,normal
9f00dc3a-f393-4867-87fd-1017cb34aa7a,2943,User_152,User_286,1495758,602bb7cb86fc15120ba59eeee9286c1f711d4548d9407d4521103fa8a4075591,2027-04-20T16:34:55.828412,0,normal
30339955-77a7-4d70-ae75-290ea0013c15,2360,User_392,User_456,2363534,1f612826d46cdc6f55d644f7025a744eb8fa906f11934799c3f5b74ae022d74b,2026-09-17T09:31:05.828412,0,normal
44957598-0fec-45d7-b680-f88f07ed9cca,2690,User_213,User_215,2300989,9a51fb246f642f1aa9f5ec90c066452ea06513670cfea352e96aec5dc99f2fe0,2026-11-27T10:52:48.828412,0,normal
9193e99c-d56e-4865-ad8d-b6ab94a40ded,1411,User_312,User_69,1836471,d056c75dbbf82dc263ad9027dd196be2f0c717d692d884fde87b2806fc51e29a,2027-08-01T20:18:30.828412,0,normal
40b6cbea-8a99-4f53-87df-3656ee4d1a22,2394,User_252,User_184,4733887,030cb1bd98d4fa1acb1f8e40982e363f76beb8574c7611ab621e259bafadc996,2027-04-07T14:47:29.828412,0,normal
79c5a641-2342-4605-b9f5-9132a642b9c2,2560,User_60,User_342,5596848,55421496812dcde0167da2f16b9a24c9f90a601a30a4168d4e39071dfe80ccbd,2027-02-06T09:43:24.828412,0,normal
92ee2c19-a6df-4e14-b5dc-12ab46e69f52,2146,User_421,User_385,4007132,1d2fca1906b19ec889b83b09e8c48d9a8f8be0c663edae9d8f7324a55eb233f5,2026-11-27T00:58:04.828412,0,normal
d665d074-1601-48ad-a975-1bbe91321383,2453,User_70,User_371,15833239,6f6b8f65ac2c0132eaef4196cc0c8772cc2a3bc199a1174ece5bbe60b6a2f4a4,2026-11-18T15:24:59.828412,1,abnormal_price
4a55f26f-6069-43f9-b097-e3064f242c6e,2334,User_293,User_137,1781871,15c1675f4ec969e5b7f7b630c927eeb51d879c430065687a4d3aed6c4eff7e6f,2027-07-01T12:40:51.828412,0,normal
4e06d7dc-28f8-4c51-acd7-1c507485da2c,2287,User_129,User_458,748314,071595b1563520e077c25849be087b82d807580fc0e3b4d88d3db5a244b00f31,2027-02-22T02:24:20.828412,0,normal
1ea446aa-dc3c-4d2c-82ab-804301246c15,1843,User_65,User_100,3016398,b3a8427b410913aefc7b7a32f9e83ff0d393f295c2cbd3d1539c854c6150ab08,2026-09-09T18:47:35.828412,0,normal
94d8e8e4-a003-4fff-b78d-32aa9cb4dfab,2854,User_89,User_432,2944052,a719cfcf2ed0aefde399656a90cf90c9d2449e54ec98f5f9bcb0f5403b92ce91,2026-12-08T21:04:00.828412,0,normal
361dc317-47c3-4d2b-9e0f-3e259f5bfd5a,1371,User_142,User_93,26070908,86f69e89ea6704e59507cd81a55f509ac217c2366e7ea68c553fdffcad0a68bd,2026-12-10T18:03:20.828412,1,abnormal_price
a8061b57-60e8-4f07-9021-cf31a4c2728e,1639,User_211,User_301,3935063,1eeba58fcb04c5495a03cb86ec08623f8ec224a267b0df5ab081f7e450fc9d25,2027-07-26T02:25:57.828412,0,normal
c640ddc8-6f1e-4bde-849c-9f9218b75f90,2022,User_54,User_454,915092,1e4519c56254616cde05c43759af407b7cad9807c11380b87544b4f6ba99f975,2026-11-16T04:13:18.828412,0,normal
b8f719fd-fc4f-4291-9df2-4320c6ea5583,1438,User_393,User_29,4169264,6ff8bac57b04dbe2b20697c3aca8a3d00ce1c900badab92923223b0dbeed5006,2026-11-06T07:43:09.828412,0,normal
77ab2154-11c2-4a40-a06a-0ee7ca5576b7,2112,User_263,User_357,3682048,3a4fac0315a20fd216cb7d485a9b1d21f34f8c6071589cc1c6fcd7c8ddef501a,2027-06-03T18:59:57.828412,0,normal
575cc18c-77a4-44af-81f6-06ada7f7248a,2370,User_322,User_420,306370,2a6de9f8cf5aa7be5affc788fb6edcead011cdef7e0b66573515415480e370f0,2027-05-06T22:29:29.828412,1,abnormal_price
bc747a83-b044-4368-af93-287df86816a2,1661,User_12,User_366,3173870,9c25842762b873e2130e9620d0b3e60c1d2baeb0cf0caca661ce47cff22a54d5,2027-08-07T03:13:49.828412,1,duplicate_document
0f5dc4fb-0915-43f0-a945-7c811b36f07e,2515,User_263,User_462,2127449,0bcff81488d87b83754b8e2270ec5cac6fc4f4f4e964b8bbe1f8f97f280f0ffd,2027-01-02T13:41:13.828412,1,duplicate_land
7054ad6e-fffe-4dd4-a4ed-668eba535e3e,1251,User_343,User_416,472723,a9b5741db1b8792c1a2c44a910a4d3a8e7a6606e4e030ae0b9143e64667b107d,2027-06-30T22:11:24.828412,0,normal
3475b0b5-4f8b-40a8-83cf-0a0c2f64b94a,2608,User_281,User_392,2419507,30c31458bf8e1f108e8d89c3b97bb2a3c5c769c6d4d03eeaa3ad3e73bde346ec,2027-06-11T19:00:25.828412,0,normal
3b84c91d-55ca-46a1-9891-173792aa092b,2851,User_27,User_64,4168597,bc1b2c0b0ba16665460b8e7df33093941837abf9eb1713e9fb048772c90411ed,2026-09-30T12:17:01.828412,0,normal
e28ba8c8-e2d2-4a8b-8975-f45e9e1edba1,1234,User_173,User_393,3875293,aa0e339768d2169822531f228ef6d0ef14e0a266825d0e9eb1fb8768b85dd1ad,2027-06-18T20:19:44.828412,0,normal
8f920a9b-8fa8-41c9-842a-eb52c88f9415,1220,User_469,User_247,3592933,86edfc1f501a764cd85d1fc9c53657fccf69fd79c469198bff857f7e34be393c,2027-01-04T04:41:25.828412,0,normal
c126290a-8816-47d1-a4c2-f7e4e3d9d64f,1697,User_294,User_475,2374021,9ddd53f61823ea16bdac7790d18b0666fe26e8ee0f2739f7de769977ffa2100a,2026-11-29T04:06:52.828412,0,normal
3a511a51-caa1-40c0-a0f5-923eb1c3c9d8,1904,User_268,User_353,3102200,dacc8e71d31df30615cb3cea1e39f62b703b19fac32c86940ec9854fa358b1d9,2026-09-08T14:13:26.828412,0,normal
4528f8eb-4aba-4be3-b771-bc73776e3cad,2541,User_348,User_9,4075068,fe6007d4b7804363c0a4ee00411046e47772db6fee00e624d563a87812737c7c,2027-06-02T20:58:00.828412,0,normal
f6cb6817-a831-42d5-abc1-37448148e694,1741,User_210,User_493,3928333,a998ed2176ae4899bdb13372a5b58d4b21f259bf7c744f8a8d3256c5a48ea8b9,2026-08-29T05:42:14.828412,0,normal
f8f614db-f2a0-46a6-9ca4-bdc338d5ece9,2114,User_213,User_30,3619034,830294a154a0f56012c98e7dd0ed555501af643b47548ebac636670f07715ae9,2026-12-08T01:55:37.828412,0,normal
4a22d403-2e04-4bc4-8c19-adab76eb323d,1982,User_217,User_490,839269,2fa50e512a5ece85a94eb8407752578a2516cca165997442a175e40938acaca1,2027-05-08T01:11:25.828412,0,normal
a6bb9a73-f7c4-4700-9d93-d024cd0a4153,2763,User_235,User_197,999905,2ce91ab77433742c9376c2d79a5412ca777100c063f7849dac826b164f55f243,2027-02-27T22:54:30.828412,0,normal
97b1a33a-fe67-4b5b-a057-b447fa951dc4,2951,User_382,User_208,536639,288108d0e74742fb7e962873e87722e88b8baa078446ba425cfcd5fb47662b47,2027-02-02T05:31:35.828412,0,normal
80be504e-0ef8-4b6d-86af-a3f25cc4fab0,1164,User_339,User_473,25264125,4e51a6d801beb7de05dc5527e6add54b5beed521cf6c0a7e39f297e7c58373ef,2026-11-16T22:11:17.828412,1,abnormal_price
9f1ca5f6-fa35-41a5-8261-52889872c8da,2271,User_322,User_205,1750086,7a4b573c0e58ae23884638a99d643d3ca413fa38450d621734947cb78e277d53,2026-09-24T19:21:50.828412,0,normal
c1ceb538-936b-466e-8ee7-61a0d2d85280,2362,User_160,User_252,2252876,3f037b5b51e17ce539f07cbea5da24a9554bdee1177394fb00379fe6c50180b1,2026-09-23T17:54:27.828412,0,normal
61bae69d-931c-43c1-bf44-3ee13ed4eabe,1968,User_461,User_460,1761964,0d8ec0b28937fb0acfebb85d4c351f0dc5a5e4a50c96d1e05bc4e4fd2d9aaa1e,2026-09-12T00:29:47.828412,1,duplicate_document
5e2433a1-9502-4e5a-8844-678afec1292f,1066,User_405,User_310,2295950,fe9c123cc45151533d9a4db98417a4f7884e6ff288645a2b81bfd7b6b73ceb43,2027-05-16T08:48:05.828412,0,normal
52630f67-35fc-4ce3-8e20-52fc721a5f6f,2839,User_490,User_28,685216,48082c0321a236e079f7d27c49b0c7b6faa2b0c989d387647cb65ee42efdbec4,2027-07-08T06:56:54.828412,0,normal
455623af-366c-4cd6-9ecb-5e4d42ac5c3f,2915,User_16,User_348,4511520,dd790875d690880cd07fd48b44548e5791a14ab9e41356f5ea57cdd2a3bf5333,2027-06-17T08:09:11.828412,1,duplicate_land
979aefd6-96b8-4997-a8a2-d4156db63390,1396,User_75,User_74,4537154,09d7b4d188fb8081be7b5e14e85c828080a38edf75d153a8e7d633551a9d7997,2026-11-13T22:21:30.828412,0,normal
d75b437e-4315-4ca9-9ae7-234b08aea4c2,1224,User_90,User_40,878648,22577980ef490dd5adbed662a6ea1a533176e2787599eda02f2b4cffeb084279,2026-11-27T08:27:52.828412,0,normal
1581917e-d856-4b78-8e10-4eb69f9aedea,2214,User_185,User_210,5067815,1e5aada0389674fccb24aeb5b4d94d59b7a89083d0810d4a4c69a1c090c625bf,2027-04-06T19:24:19.828412,0,normal
45864ab6-41f6-420c-8987-d7a922ffaa6f,2511,User_25,User_153,33509180,76aed7a3dab305615aa4901ba123002097f3916c135906e3eeae980f87934d23,2026-09-13T20:13:41.828412,1,abnormal_price
abba2421-0d4c-4c47-8575-7906bece169e,1963,User_491,User_151,1305982,de0f2fd2f87bffb89a4689dac7e94dfab7ffd95581d3c45918cf9ee43c48aa6e,2027-02-03T23:40:49.828412,0,normal
f1eee41d-93e8-45d9-bd23-14ff8dfa6e48,1449,User_429,User_137,4523109,7c7eb0d47a559dd13339136fa921b018a2f7a12216a84814527b79bbbece5c95,2027-07-08T09:33:01.828412,0,normal
be0155b8-6e79-41bd-9c93-cc6b45a18162,2029,User_171,User_376,1807829,f2dc6f2889bbd9dd51a440820009d8b4d8c92fe05dffdbbb6bd7d32926a34c48,2027-03-28T12:20:39.828412,0,normal
610da4d9-9645-44cc-869e-a47d0a39d2ab,1824,User_173,User_225,1449064,bbacacd304526fe7f542bc2f7d5aa76881bee359c2edacc708b8fe544cdccdb2,2027-05-31T04:19:55.828412,0,normal
6453d97f-6451-409f-a19e-68dec9bc3c66,2163,User_496,User_300,353485,0284a707141741848b47d796f6d0213634e3c77aabbb80e0dd1e305cd80ccadc,2026-10-13T00:18:19.828412,0,normal
be0a7775-781e-48d3-b5da-939101f1f116,2295,User_2,User_313,260099,19a07a541316c37afca947474cdbac7920b2f7aa3879f7a62e32eeb70e05ade7,2027-05-11T22:10:10.828412,0,normal
d343e26f-5744-42b4-88d1-5d5298932e60,2141,User_418,User_185,4180366,6ac6f6b2649a5e1e5f687a81350bac2c2cc4be56ff21c03f1d8055ed40821a64,2026-12-20T20:07:18.828412,0,normal
65fcbde8-179c-4a79-87b0-5702f1e1b507,1181,User_198,User_84,4124214,45a675def3054984e0db2b2cab82f9691e8b77cc8bafdfa5dc9daf00bdd99167,2027-02-11T17:37:33.828412,0,normal
e2bcbdc8-f685-44cf-bbba-5cceeb14166f,2032,User_366,User_305,3592561,d12c833fa51683aab85dcfd17193b60f8f72f35793a2fba1c7238ce153114eab,2026-10-22T19:16:06.828412,0,normal
61da986a-ce99-4632-b183-658f77d15a58,1565,User_121,User_498,4917568,861e5a6b2da64e41e4c1a14e41bc401f0bfb6e17c0792f4ca9a05de55015561c,2026-12-19T19:54:48.828412,0,normal
6ad3756d-3efd-4da8-89a5-21e0743b251c,2047,User_406,User_497,1961177,aa413ac8f4ffa7ca6d5018d68aa018954f1be1852d77fea54a380b1786372e35,2026-11-09T08:44:14.828412,0,normal
ae83f0c3-c518-4b85-a736-3a31171c0a8e,2153,User_490,User_11,637782,fdda3df173127dd29efe74d545dd72579b5f595f2b65ea4be95e8f289d75f2d6,2027-01-04T00:23:22.828412,0,normal
e1ddd677-6685-4921-bed3-e7b8ec120030,1490,User_395,User_2,2886174,efa147e8690c11463c1d3bac38d1d1eec76658f87b999b6d79687d2d9e96f937,2026-11-26T12:26:29.828412,0,normal
dc820100-c5db-493f-8b7b-590c7cb7eace,1321,User_118,User_317,1491319,f16207ff882757d75620ec17129d67516ee78d23bb4a56b275e599381d27ef1c,2026-11-28T04:13:41.828412,1,duplicate_document
80f0ac0f-bcd2-4d5c-ac7e-40d7d15d2caa,1772,User_276,User_6,1861944,5bc96f84f9f40e6a40a8d9fbd893bcb7988c5b8b71a29a6b73a50c3e8c4611d1,2027-02-19T13:10:52.828412,0,normal
2767dfc0-9892-4ccf-8c0f-2db3baff0229,1994,User_44,User_441,3979556,3b06b3ac776ea13258803689917aec84e6d98101b83bbafed8e01f72c24af4d4,2027-03-02T11:13:43.828412,0,normal
d735991a-8046-4fac-ad21-afac0d07cb63,1144,User_170,User_203,5949869,22ec603179929bd71903a5fb513ed1f27c3be0cf8453cd33b4ac0c3cbee907fd,2027-01-04T00:09:40.828412,0,normal
26d7a45b-28f6-46d2-bfff-5af0c4ccc7a0,2116,User_50,User_65,677421,1d6ff46143e37d04e81136613bd35f65e6a4c8a501f09a684be533bbab46e980,2026-08-26T18:19:53.828412,1,abnormal_price
ef460374-92bd-4d71-baa2-e753029de2da,1356,User_339,User_492,5430568,f1535dec86cec154690fba02a5a6c50cb065091fff2749a9a0143ff32df005a8,2026-10-19T10:05:21.828412,0,normal
6c0e6e8f-696e-4fba-a29f-edb7ba9fbe03,1783,User_467,User_463,1929185,fd1f7dc08db52da1c28440ecd6ab8a529634d20c7acccf62ce916f5832a553f0,2027-07-27T01:46:13.828412,0,normal
b141b8be-9544-4d2a-a629-85b134a307d7,2587,User_242,User_113,5538878,bdf7954b37195c3018e7e5c077d03b93f5b75d07beb3d1ca7f8e3460c304de5e,2026-10-10T05:05:27.828412,0,normal
77a95ade-16b2-4786-b92e-fa235c3af0f1,2537,User_214,User_428,4706573,fed6a48168f08f6ba1dd2c926534a911ffa79ea8115f34b0ed31cd469581bfb9,2027-03-16T09:49:54.828412,0,normal
0cc6aaac-0af4-44f9-962c-9e91c5b5cd2f,2024,User_301,User_269,4485283,ed04ae35a59a04cfd31eb12cbbb4c74e72497ed443cd077fc4ae5a733f18858c,2027-04-16T09:42:09.828412,0,normal
94684de6-9e29-401e-bf3e-fee991f1aa6f,2793,User_472,User_302,3848458,d38f925d2c483e6e672941304e4551c0b81e0b8dd82aa43c872b86aeb0f935d7,2027-08-13T01:41:41.828412,0,normal
6f92dce6-5485-4cb6-a82e-65ae993a3a05,2017,User_424,User_346,4937364,33217dbd81b56ce1af787b0b057160d042b2eee0f0f4947ef42e1827a0676a99,2027-06-16T14:54:45.828412,0,normal
930ed1c2-6587-4789-9a83-70bfe2d68857,1561,User_482,User_386,1069134,049a45107249cd3478b5414462ce52066fc55a68f98731c545ae49ab010939a6,2027-04-18T17:25:35.828412,0,normal
6616b3e3-0cf2-422e-8fd2-0053af7f3751,2378,User_453,User_240,1128048,70045e5a058ca90c883ababd91d65c15ef5c8fef677c8fbd053878ee913199d3,2027-01-13T21:51:48.828412,0,normal
560b42f6-b05d-423f-995c-b6e9767e2979,1373,User_445,User_409,3664585,f87d011e3a0e27d5f24e7c0e26df3bea20afcca5b33b0630d3ef156dfc6e1201,2027-05-07T03:48:45.828412,0,normal
e3912a99-aece-4793-9aee-44f3566718e4,2450,User_171,User_420,2252536,560e283fddb3727daaaec4ca5482a150f25011062f34cc10841f6a09f57b1f92,2026-12-22T07:11:53.828412,1,duplicate_document
2bbdd22a-fbdc-4714-a5fa-d8986f9cf985,1457,User_489,User_412,3280024,b53195e890e0b09c113cd0f8c180089beaf36fcca60c1c21df141a5662febf53,2027-02-10T17:43:50.828412,1,duplicate_land
a113a2fe-457a-442b-bdae-459f55679ff9,1629,User_486,User_255,2125132,b1ac85218a086d18fa165788b6223843cfbb66c4b46965ed241825027a1a7197,2026-11-16T22:33:37.828412,0,normal
ce9d02dd-eed1-45de-8643-8c02ad90add7,2490,User_237,User_3,4364593,5dd5ef04500243edacc1224ff24fae4bbf20106d52267ea19c820a0851ee3b11,2027-07-06T03:23:53.828412,0,normal
78570084-f144-452a-928f-03246c20b84a,1936,User_451,User_8,5542887,9ea31b187022bdcdeb57f7a4150fce1260828bf363a34a4dc83e537f1571b3c5,2027-03-22T11:08:06.828412,0,normal
27c7527d-10f7-4891-a374-6fabf5b2aab8,2674,User_48,User_388,3576880,22662ace121aac550a311c7af7bae764ab6a6e6165d3281e296271f44b5e2bb8,2026-11-03T10:24:48.828412,0,normal
7c6b62c7-e295-40a7-9371-a5f187a04ab6,1181,User_84,User_355,4096808,45a675def3054984e0db2b2cab82f9691e8b77cc8bafdfa5dc9daf00bdd99167,2027-06-17T04:36:08.828412,0,normal
07629fac-6a9f-4c84-b516-9dc0c2c7df1e,2274,User_103,User_58,1807654,dcb1d5f9f5c2db6e8623310e9c9d2cb21bf3431c6692902105891ca0f3ddfc56,2027-03-17T12:25:37.828412,0,normal
77274fae-e896-4676-8268-11d6b88139dd,1264,User_23,User_284,1342398,56f15225ef1195c7ff634b59ef03274a9aefcb905e1814017ea734885983f83c,2027-01-03T15:59:48.828412,1,rapid_transfer
dff42d71-7e67-44a3-996c-472164e766f7,2163,User_300,User_130,292042,0284a707141741848b47d796f6d0213634e3c77aabbb80e0dd1e305cd80ccadc,2027-01-18T09:26:35.828412,0,normal
50833679-38bc-44b2-9c20-ad726ed7483f,1676,User_281,User_425,480814,5e31f3862fa1b0ac654955b55722db4920f4031229ca59f83820ee42a774f9d8,2026-12-18T10:04:37.828412,0,normal
cc8908d7-b73d-4f99-96bb-a423c76cf969,2644,User_319,User_152,3713029,5fed288acc6d07fbe9aec621708b9f4e66f9249e24cfdf1633951aac18526763,2027-06-09T01:37:21.828412,0,normal
c935174e-1af2-4d6b-92c6-b71c2f91a3fb,1422,User_295,User_406,1316957,5cc6bfb122db509b54a699e5e01ec24fba4595a456eefa1038c2ad4a9b937c2f,2026-11-26T04:54:04.828412,0,normal
763b7bb2-d636-473a-b69e-34890dd9fa73,1643,User_321,User_95,2358707,7221e36aef47b617048beb0a0ab1c1a41a87338538a6758a7131c731fecb270e,2026-11-14T21:21:49.828412,1,duplicate_document
de3b0d07-b554-4eac-8134-7ceabeb74b5f,2521,User_484,User_303,1016607,22f8da9b4a48172ef32736b3c917e65bc654bed66f9c2c09dd6d9ea967ea926c,2027-07-14T01:24:01.828412,0,normal
c8eb6ab8-72de-486e-bce0-be97e4a1e6d8,2171,User_315,User_255,3467060,d192218110a27ea3e5856d075affc9fe61780a56747b7fcc0f118d295a5bdd34,2027-05-04T16:25:35.828412,0,normal
b64b4ed4-59ae-47bc-b7a4-e39166465278,1852,User_314,User_118,4011117,9741776ef77afe62e7c82faa4f0686ad06809ec58fc5d92a076242378d47b1fc,2027-03-31T21:18:31.828412,1,rapid_transfer
91ae92cd-a80b-4c5b-a7ba-a0b5453be68b,1310,User_149,User_21,3479247,f28e41859339716a1799d8e1a2b2e94507131b2290ee8f51606760f1ee8848c1,2027-08-08T03:44:55.828412,0,normal
cf45a384-6c42-4cb4-9248-80238343c2a5,2094,User_169,User_450,3770906,be9026b047cab2e546509a2d69fe04c8fbcdfd36d75ea4a8b7e5befe2efd3af6,2027-05-26T19:51:25.828412,0,normal
6ed1bf44-fdf2-410d-a6a1-6edc3169445b,1097,User_76,User_335,1850891,97a81ca0740d0465539f557a27495786b12abdf26de34ed035635088761a1ca6,2027-06-26T19:08:25.828412,0,normal
13d19254-eb15-4208-a78b-a8cbde73e9f3,1518,User_10,User_441,3729087,04b567bb52382d2254a9b6e9be152da6ba5b1066e541158205e93d83169d4187,2027-01-30T05:44:25.828412,0,normal
24e1a14c-3e9d-443e-9909-887913d7991e,2881,User_52,User_327,564019,10733ef81a6000086cc3b01e30d3c36ffbdbe3fa0527fecdebcb3985acd8338b,2027-06-20T00:25:47.828412,1,abnormal_price
1051931d-2833-4b76-9d61-6d31cd6939ce,2058,User_241,User_314,2820461,f5d5843915d3ea8d8a40de72860ac46489a7547d720bc9d39e698ba64620070d,2027-07-15T08:49:39.828412,0,normal
5939ee79-b727-4259-b686-225992f83a95,2063,User_241,User_138,1229219,1af7c0aaf7f7c0fc612797a347a471916bf0d9b257fe35d8943289b84ec4af5c,2026-10-04T03:19:42.828412,0,normal
d594323b-9821-4bec-a917-624675b5bd86,2656,User_332,User_182,1194243,7f0504fc0458fe29c8d6e018bcec76cc1cce66bd7ccf69a211c50cd03efb576f,2026-10-27T20:28:11.828412,0,normal
d286f31e-d58f-4ee5-a4f9-7a4ca33f8493,1613,User_480,User_439,3241460,bfeadb44cffa3662d3d9812afe4f898ab82970aef7c20eae0362d8cf8ee56eb1,2027-06-14T23:28:54.828412,1,duplicate_document
5e14a6c0-a65e-4ba0-aa41-11f94a6dec99,1391,User_463,User_223,4429697,83abdbe3ba9d5da89bb50b6d621ee31f96297d2b7f5b9ca8c066d0bced1e2d81,2027-04-10T02:20:05.828412,0,normal
31105505-05e3-405e-9306-46c62ab40265,1037,User_109,User_90,949362,bd56c3f21bc51ee7646f9745c8f000aecefa28bbc8e9b2b98880490af93c1f31,2027-02-26T18:47:54.828412,0,normal
ab25186e-4d33-46cd-9ad3-1663bdb4bfd6,1829,User_203,User_382,2804498,32ecd540a5e2f5b29c54f9cc1c1af7c9c2663744ed0cd9ee1118e9bfab70dc48,2027-04-16T20:28:51.828412,0,normal
1ca7d50d-edf5-4552-a646-4e696fa08a91,1231,User_48,User_308,1811882,b29efba0d47737c4d08e1b09b669a69938d5f23747435da3943663106596ec6e,2027-06-12T15:17:26.828412,0,normal
728dac47-458a-46ff-8bc7-eb10fbfd322c,1153,User_35,User_53,1348998,841ef4febca69d8595e82883669b18bd72342b53e2a0f911a39e404146dbaac3,2027-05-12T04:09:42.828412,0,normal
a160ad47-f7a1-4efa-8c72-e0ff706f0e28,1004,User_474,User_456,1351976,6eee4247eb58954e1660f384b1e66f321367ad64639761fbc2bcac7c8d625d3c,2026-09-25T22:22:25.828412,0,normal
5bf065ab-fb3e-4a16-b053-e1da0df46831,1838,User_263,User_379,4261164,e17d6b894f3f5093e1e03d04364ee7af01e7fc8aa3670bccde28cb99b9324a38,2027-01-29T20:35:50.828412,0,normal
e62ce31d-4c1d-4106-a28a-7060e0169f06,2853,User_477,User_28,2574119,7f4dec992d8428a14d63a8092ae1124012644e36d566a4873df652b855060410,2027-01-30T07:04:43.828412,0,normal
1c018778-7509-4e92-8bb9-1ecd05f065aa,1788,User_321,User_110,1993236,f469a4f760138309675b49b19cd6448da0d32d01b3e0a13896083724cca35fdf,2027-06-17T16:28:42.828412,0,normal
7e44c587-523d-4f29-b80c-671736351530,1603,User_301,User_197,3558183,8170859664e738e5d0c92b4ce1af24149f74289208b1b6cb2dcd701f6b5496c0,2027-03-09T14:07:29.828412,0,normal
f0a9d1e8-6c82-483a-afbe-c81c30b8784d,1834,User_315,User_13,4086982,8471ce4ddd76165a109d4093d33223021a8d48476be42b88acf08304933dfa93,2027-06-07T02:18:33.828412,0,normal
a7747b87-eb37-4bb6-a514-7ac77e19e567,1803,User_136,User_30,1206196,52d7172429a93e185d457431e7fc5d2d6f82bb7a1b7bfac08ce4bd88f7603b8d,2026-10-11T15:08:01.828412,0,normal
5b0b6c51-6fb2-4ff8-b296-42b23d7bbb5c,1624,User_358,User_206,1970662,32b1e75456fec4aeadcb39c673c9e89b6ab7d8a3e7f47fe03cb33f0b8db19c87,2026-11-14T18:53:19.828412,0,normal
baf99f4e-8ba3-4b82-9309-dee81cb65823,1105,User_130,User_38,4949885,04915580e01773880ee7e1128210330089542250368953ae060509b8406d38fe,2026-11-13T01:21:50.828412,1,duplicate_document
d1422a18-a0e0-4317-83d0-c78f112b336b,1137,User_355,User_222,2581194,48a063c3cea27e6295b69ce5eda6f3e5f91325b4b421fae11939d02e5733f516,2027-06-06T16:26:52.828412,0,normal
39141ee0-369a-435d-9d01-aeaea7a38a3f,1916,User_233,User_321,8176434,760ffe7259fbc383f67c466248543bea754019cf7b8935b634d07043f8229e21,2027-01-14T15:36:49.828412,1,abnormal_price
bab919c1-090a-4bf3-9a9d-95406c7b1097,2692,User_104,User_117,2985417,00363f56d77903ca77598756a1dc71b5b65416b4e414f88dbaac8efd711091bb,2027-06-06T23:19:37.828412,0,normal
6059441f-0561-454d-89fe-049831fd5e3e,2945,User_99,User_463,1342965,1b33eeb5d957c3e20c1d0d5c1a0590e4c329238aec094dd824774b82ddda100e,2026-12-03T22:01:26.828412,0,normal
5e6ce863-f5bb-4ac0-8e08-050bc00b0ff0,1399,User_59,User_205,3401201,bc9b4315871bb75a1804f2b3e13a5f49a11729962ca42c47b09e2c60ba39da16,2027-03-18T20:47:16.828412,0,normal
06a564ec-a107-433a-9aa5-42ad70166085,2970,User_387,User_201,1747556,fb35fdae8354304327dcfd736e03f036822a7e68500e15f64ee863fce7c280ae,2026-10-02T18:45:17.828412,0,normal
e8e0a8b7-0da5-437e-8656-86eb20e1a5e5,1251,User_197,User_74,306829,f4da32b94427980511c4795bac199e0aa1f39d88ed1e1effb46171bab2169f41,2026-08-21T14:13:38.828412,1,duplicate_land
c8c804f9-cd7a-4b91-81f2-07f9eccea357,2076,User_313,User_16,1282814,a1ead4b872f81834f7c0f451d711cf574294b244ebf3d7fe829b165268f75992,2026-12-24T00:58:42.828412,0,normal
5f9f3df8-2f07-406a-9ffb-fe2dc86c27ed,1719,User_236,User_193,4795840,94bea97e339afcb08082df7a8c107decbd4c75cd72153b99108f1285b02681b1,2027-07-16T19:35:14.828412,0,normal
9d452297-b14f-45f3-bb73-fefb636f0cd8,2125,User_337,User_430,1071252,44ce9cc302724b0745e8fe426c6be0f29636b3469daf6787bc47ecc223b25647,2026-09-01T07:12:36.828412,0,normal
25d73967-91fb-4a8b-8bbb-a0631878b840,2168,User_247,User_383,1019919,4cb14cfe2314b2f35a99a4b781e846c7a9783fa6213e2415d8c25ca23e4644ec,2026-10-25T21:11:24.828412,0,normal
2c6129ac-3088-486c-bf2c-93596eaf6b06,2738,User_407,User_458,1640408,f3a48601553a2b405eca6547543cedaa5e36cbd907d50d0e1a25a4e6316bcc08,2026-09-02T16:32:10.828412,0,normal
fafa9498-e80c-4ead-99f6-6a36f8f825d9,2721,User_321,User_109,17326532,b7ec8742ce4781969019ddc7b9f8bbfa5a3cd8ca7370d9bbd4581f7901eabe89,2026-08-31T23:23:56.828412,1,abnormal_price
b40b091b-2a16-4821-9485-e06abf1346b8,2233,User_398,User_48,2958634,f7e2a1db43ec7666d6b4106d00afa3ddd2bbde41b8e9d0dccac1bbeb94f4c0a4,2027-07-19T03:13:46.828412,0,normal
22c37279-c2d1-4a7f-81c8-1024c31c9e32,2794,User_126,User_217,359650,6dd9b0553ccefdf2d759d1e90072e0d1dbfe521c0310397405dce9b1f14d089f,2026-09-18T02:43:38.828412,0,normal
3735f620-8408-46c6-ab06-01bbe1f72219,1528,User_390,User_90,2774810,7e737395b6f4beb8b33d537790cef89f954435cf93f510e44b1146fa87e65bc1,2027-02-05T17:16:22.828412,0,normal
df16ee3e-bfe3-4b84-b7b6-3aa3ada7768a,1457,User_103,User_326,2965325,f171a50945786871bf9892b0cde09c80be43c3459aeb89d38ff6023250dbe552,2027-02-25T10:25:33.828412,0,normal
42fa7159-4587-4b01-b121-003c208eb2ac,1449,User_137,User_27,4492853,7c7eb0d47a559dd13339136fa921b018a2f7a12216a84814527b79bbbece5c95,2026-11-13T18:03:57.828412,0,normal
5b004852-32d8-4915-8a0e-df767e1f5e0d,2442,User_412,User_277,2577615,e730486d447cd15c2ba99108b7b862cbe729ad16a082ab1d7bce8a4428b9dcab,2027-03-19T21:28:00.828412,0,normal
929b188c-0bd3-48e5-af12-e92873b3e135,1064,User_95,User_284,1150792,932349b14751f2ec2e1ae1b26943b0983fd875921aaf712dc9bc544a9ae4b136,2027-04-12T13:27:41.828412,0,normal
138fc81e-047a-423a-b55d-c1cc88a5471b,1733,User_489,User_473,3390120,256e39b07b1dda780eb3c9fcc597e6c1526b9ade662579be846074e61dd2a14c,2027-01-21T00:51:02.828412,0,normal
de47aeed-ffc8-43f6-b679-5396cfd3f7f5,2848,User_216,User_121,5538763,05c144e4cff311a6473dcd6035d492e101419503af027e4a886adc22991f3e2f,2027-04-30T18:01:38.828412,0,normal
377b377a-62ce-449c-bd3e-adb1d0f52c64,1448,User_189,User_19,1548550,4e86d149450a06fcb33015f380df12ed7c1996168d42f41067865147d5403387,2027-03-18T07:10:05.828412,0,normal
f0084ff1-bd75-4fc2-86e9-0a460d6f8145,2386,User_257,User_468,5172416,03f6ce5e0a0f0dd9524d8b9232c07e0dd24e56f7cfc034bdaf71c58053db2ebd,2027-05-09T07:55:24.828412,0,normal
0efe6fb3-37d1-484a-9d3d-f82b0bc78bce,1798,User_2,User_109,407615,282edafab3d77992310fbc5f16abf0b1e8ab0fffafcbf1a01045b14b263cd5dd,2026-11-29T19:34:07.828412,0,normal
5b161188-9e93-4431-a862-f3caa1c205ff,2355,User_94,User_114,850954,f7ba62e6f89f49abfdb63902e019ae5800516c4a1658e13a55ca2f1b8d15f1ea,2026-09-30T17:42:04.828412,0,normal
834ae8be-ce5e-4b34-a80f-5cd39d5d11b1,1812,User_482,User_13,3590006,10839d44923a63b7fbebf4da0b803aed347d46daa3a8d7d4d5894e76e8fc985e,2026-09-25T03:46:55.828412,0,normal
f575349e-f5da-4d24-9d4c-6674c38ce20f,1986,User_333,User_271,769051,dac61715582f70b92cdc6fe365b30d00e3322c7a5a0f2a9626c6455bed25abfa,2026-11-26T09:18:36.828412,1,abnormal_price
7e5576e8-d7f7-4a91-9883-63b4c491a53d,1491,User_260,User_250,1609592,7004a27ba265a17ed2b745a0fbe46490e8f7374924bc332a811e84f1c5d1840b,2027-03-29T22:54:38.828412,0,normal
e0671bc3-9128-470d-a33b-3552dfc74358,2747,User_64,User_433,2634948,3cb18a1b7dea15205969d6bd7c772d734831e11b56874a75ffd1afac7d2a20ba,2027-02-06T14:51:26.828412,0,normal
727b63a1-cb54-4931-9ddd-907b1f27971d,2849,User_67,User_177,404205,ea2cf7ad26f00d8e79941c31e2444635812f92ace37aa4576f7c4501141bc000,2027-05-06T21:21:33.828412,1,abnormal_price
8e6c60fd-ab75-4d63-a6be-872c4b49ba82,1876,User_36,User_71,2564978,35e409a88088e7f455f79ea433a34c4422e29dc03ff3c2e6bcc23cab59ad6c23,2027-05-26T19:07:18.828412,0,normal
92b4b232-97d8-4cc2-a282-1f845fd06bdb,1194,User_212,User_235,93539,ef909d2373b46ce370564047ddf8c7e9cdfbcc552f78a953c1bf33694ccea1f6,2026-09-07T03:01:27.828412,1,abnormal_price
63346947-eb34-46ee-8662-64d5b629302b,1314,User_38,User_171,4917045,d8ad436a9df9775769bc44eec2c8f771fd51916511673a55453967d8c29192f3,2026-11-25T06:41:36.828412,0,normal
5aaa5a5f-8010-45a3-b5c4-c46b66f3f493,1478,User_275,User_166,3091785,2f2faeff1dfe0b398116507e2916217392962b2203a834629d5edb5fab363351,2027-06-04T15:07:27.828412,0,normal
525887dc-2a08-48c1-8ee4-a2f357176943,2967,User_155,User_35,3022603,fc075a3d7a3a85cb0a5286a2da763b31d35173e1a7f9da7243353674f3115624,2026-12-16T04:28:39.828412,1,duplicate_land
c5319e93-ba83-44e6-b1c9-52df1e351850,2779,User_411,User_492,3614537,c2d5918e3bb9c95a242d515a1d7fce4792cc2bfe8e179008027ebcd9f20c47a1,2027-01-30T21:37:55.828412,0,normal
2eee6915-80ba-40a4-9803-ab6a800ae409,1244,User_425,User_156,415962,2eebebdb54b015f7709fbef05ce74436988e2df9dc90d5ec1f4bf4e171c10148,2027-08-03T09:18:49.828412,1,abnormal_price
e975dec1-a57e-4ff1-b28f-b34ba54ff129,2171,User_255,User_33,3281865,d192218110a27ea3e5856d075affc9fe61780a56747b7fcc0f118d295a5bdd34,2026-10-22T10:13:03.828412,0,normal
6864b20f-3732-4049-9c0c-b0af2f6733e7,1744,User_460,User_289,1074684,2a3b6b561011d38cd59fae03de61194aa4aee347f6a65c7fbaa9418a8c166e9a,2026-10-27T13:16:45.828412,0,normal
e2c98bfe-bdd3-4142-a65d-914f0d607b93,1021,User_103,User_193,1204624,5bac86985b595c766cc8251abf767452c520badcf3dbd212485825337953fe5d,2026-11-25T03:13:05.828412,0,normal
9748bbec-18b8-438c-852d-d417b88a9698,2573,User_384,User_418,7503959,79d8329bcdf855a260c9e3b27f0e7887a3747dcccecb1a749d14cd1c2677fe8d,2027-03-03T03:46:50.828412,0,normal
0cf63771-b11a-4b44-8717-6c25e324f795,2206,User_484,User_300,2931815,460e26cbfe4c59fb9b0c339fcb0c10377d4f4b5d13028d7907324fa95e696497,2027-07-03T10:29:58.828412,1,duplicate_document
ec663e57-e933-4fbf-9f2c-b0211baab495,2593,User_450,User_163,1153319,da87c337953af27b21e6f05be49e7edf0d0216b00a3e7d9ff517ed9df0d3c450,2027-07-03T09:45:44.828412,0,normal
ddb964b4-5517-4563-b961-124fa94ff1c7,2954,User_76,User_62,1871008,4daa7fa853989ed7b8dd53cb3921e79f962f9f3c67802828734366eb07607b7e,2027-04-06T13:20:42.828412,0,normal
a09ea9de-5d78-460a-b74e-3fb7a8ea7dca,2920,User_488,User_359,3622391,f5e0f2a4101ea9890c24a690a42a521a22579f0e8e3d2548bce98774ab34fbf2,2026-11-08T03:26:16.828412,0,normal
a62275bb-28c1-40d2-99da-9ff32db0eaa2,1308,User_454,User_230,4858236,01c9762b2bb5efb96724d756b0d53361df93567521bdd5618e2913c3eb6aade8,2027-06-20T08:18:57.828412,0,normal
d6b98b09-308a-447c-8c5d-cffc2a3f7a6d,2196,User_161,User_106,2409132,071f532e296eb7a3366bbae8c5ba39dd1478af0822ef990e515cd7d91948bfd8,2026-12-12T17:32:07.828412,0,normal
407b31cb-9b6c-42d1-a340-dd8d9a46fd8f,1021,User_193,User_107,1176403,5bac86985b595c766cc8251abf767452c520badcf3dbd212485825337953fe5d,2027-03-19T10:13:59.828412,0,normal
9e0a8943-b205-4380-8eac-39db929fcc21,1725,User_13,User_38,638165,8b8820655d7b22a2b2e18b5149d4dfee4f29eb73eadcb2a817d817aaf6eccfc6,2026-08-25T02:43:37.828412,0,normal
8381731f-df8c-4038-b4c9-5c27a9682d6a,1290,User_493,User_368,1651935,42dd4646313cad3614d4d4935665f2aa44a40cead15763111eeb83895221044c,2027-08-04T16:21:25.828412,0,normal
bb4f8727-cc00-4d45-938a-a69566b93548,2954,User_62,User_368,41566,4daa7fa853989ed7b8dd53cb3921e79f962f9f3c67802828734366eb07607b7e,2027-03-15T16:41:03.828412,1,abnormal_price
767cad82-d8a0-4969-a368-ec2ea4463ea6,2930,User_291,User_259,3395416,3ff194aee254d9258d350b39179ea8f6930ca1239b3717ba8aaa753d1187dcca,2026-10-26T05:13:34.828412,0,normal
95f55590-bacd-4012-bccf-940b0e16113a,2189,User_249,User_270,5497037,f323b1aa93590dd618b7046e4e32ef45bf61408e7bce3ba8e22147b1de3e8dd2,2026-09-10T01:08:32.828412,0,normal
fc455a7d-ca75-4101-92fa-b3863a857b01,2944,User_194,User_167,348786,b642ecbf6c80373018834c1f297fd54d884193fa753802e777b8888fd82e70d5,2026-08-31T06:50:13.828412,0,normal
4cca26d3-ec01-42d6-b7e9-657d9f355e71,1539,User_342,User_80,1341828,e884e1f236829d05c26a1b6ab7d35ee40c8bf3ffe722b272c45e24a82414d6aa,2026-10-18T17:25:26.828412,0,normal
791af418-4851-48b4-ba7e-5fc57bb7a60c,2076,User_16,User_243,1208590,a1ead4b872f81834f7c0f451d711cf574294b244ebf3d7fe829b165268f75992,2026-09-03T09:40:10.828412,0,normal
d4ea79d3-3441-4738-b608-7d971271cfd9,1069,User_400,User_405,1077579,60953b9bd32ce1985136ae26e5d8bad7be5f9f9ad9aaeef6edf11518eed5015a,2026-12-26T10:39:59.828412,0,normal
b6492f86-09e9-48de-af56-8499f7e5ed5d,2427,User_487,User_98,1998505,ffe6abc80c25b5c91d3cc2dc7a82369316a8147ac91479d24f3d61fad6993be4,2027-07-12T23:16:34.828412,0,normal
53cfa17a-168a-43b0-bc68-58d2ad21f867,1575,User_327,User_170,3053501,02a4554e353119b4828e6e5aaf0d77651b32b7868513412a8205f89810ffd00d,2026-12-09T22:10:35.828412,0,normal
4ab24620-edcc-4517-b257-1495987a489e,1826,User_418,User_288,3171195,7ce70555830c35c266d5f9a6ab8166d63265af2a355a4936bc9df4b6fed94187,2026-11-10T09:50:51.828412,0,normal
74f6fe3f-f35a-459c-9eeb-257f92666212,2452,User_124,User_486,398958,51bfabfcb73495dd120a26bc897bddd7398cbf1b22a11b6fa4e05c6c00772af7,2027-02-23T21:30:03.828412,0,normal
5065ead2-6bed-41f6-b5ac-7c5ee0a11517,2842,User_114,User_67,1367015,1960f65a87b3166046929fba7ab16748164bcc29ec68c28225390bbfacb4f611,2026-09-17T08:08:35.828412,0,normal
52af7281-5570-4539-9a27-26caf6f62a11,2630,User_220,User_134,688340,ad95ce293493ef0675ef07ca83a0be34293ede0b27850bf24c25a45376dfd6a2,2027-05-03T06:39:09.828412,0,normal
756812de-eace-43e6-b9e3-d893a6d921e8,2431,User_460,User_37,4514999,ae082ca93283caa0d6119324bf91f967140252ff812cf19feb363ea6cfbca4f8,2026-11-13T04:04:01.828412,0,normal
8662880c-c4ee-4d0b-81a4-f7258f8ffb7b,2346,User_272,User_275,3209085,1b42b030e3e22b628816b010b7ccb086ae903e34001ad3b8cb5cb0eb356faf65,2027-01-24T06:49:40.828412,0,normal
df3a639d-358d-4b7f-ab6f-f9dc23be536e,2613,User_190,User_93,2818663,df336434f026052a55345d1171c48e5fd9ab6a95aa6cad29e98029de966ddd41,2027-05-13T04:02:45.828412,0,normal
9bcf15d9-557c-4d49-88af-0461569411a1,2129,User_387,User_69,1518178,e3ddf9e10047a5b485c55d830ff3548e1cc01dec963e56c4a3fe8ca7676495e1,2027-04-13T08:49:12.828412,0,normal
484a9b5b-3315-4651-97ff-03c5bb6d55e0,1786,User_391,User_119,2101278,318d436cb44606169e289ec1398afda9c867b29797d1c6cbb5fb2dc96202160b,2027-06-01T02:02:43.828412,0,normal
620f1d79-9337-45e4-af13-73256c04b072,2281,User_7,User_269,2238804,894d79b998d5d288c8d8f6f37edeee1e3bdb1da73c372111fc1adf456d37af62,2027-04-08T19:31:22.828412,0,normal
9a45e564-0df2-4865-b6fa-dc7dabb74a6e,1432,User_85,User_220,1660768,e4315a89503264b5f32f8d957a07c6d894c00dd0282ba6d79b53a321ade01ea8,2026-09-13T22:55:30.828412,0,normal
845e1058-d20c-4257-b29c-7c64415cf43e,1928,User_466,User_353,2298360,2b135dbc95281349aa384c83e1e6b9f92d0058823a981310c500bbdf7a7a9d55,2027-05-02T08:35:46.828412,0,normal
544e5ace-39bd-4307-8d0c-627037b1af1a,1618,User_53,User_248,3201393,d202ddb69e67e3723760a72d0530f5ca9711b365e813dc01b01bdf627a355d87,2026-10-09T12:55:55.828412,0,normal
e5931941-11ea-449b-bfe0-0acbaa1b050e,1805,User_337,User_203,2320197,0df9376f6d204a42c49dfc31df34ce442fa58a8a6e7f4546b4bb09e1797bf2fb,2026-10-19T23:58:26.828412,0,normal
92b6275a-034e-45bb-8612-f9cffd0b31b6,1320,User_339,User_313,2032984,79e25b9bbaf2299c216f5a0a79a2ae7aaf11b01b14191c6e210961a2694e28b5,2026-11-21T12:27:17.828412,0,normal
97ef0ff0-6a2e-4d95-a546-272ee6a8597c,2572,User_227,User_329,1096086,d80050576e3aab3e32091cc8909e43f6ff648d85933f2dc08dc4e5d2898a34c4,2027-05-30T16:28:15.828412,0,normal
6f7f23b2-a4ac-42a5-838d-42a385f17be6,2666,User_166,User_453,4415303,f777e5bdf2e6953efa641fce0670b2696ff741d9718428a43722f1a0132eba40,2026-11-14T11:39:55.828412,0,normal
ab62ee53-7b17-410f-a729-9c4374cb489b,1611,User_135,User_448,3033916,62ed5ee141015eab1812d0a83ba35ce18e1cf4ff1d52da815f2f685cfb50ebb6,2027-05-04T22:59:59.828412,0,normal
3c0376e3-7809-4c6d-8136-f2cdea0ecf63,1077,User_204,User_119,3324683,8da1ee2b5f4f44e2a572073fb4351aece5a1a3d46495f94b49cb8f8e46c94889,2027-07-22T16:26:30.828412,0,normal
9c00e5a8-2358-4e4f-8e64-f12e4f00e783,2533,User_480,User_269,1652243,bd24222f814b21c223b32d4ad662e51d0de75e50b7459817c691a047918b7a3d,2027-02-08T00:44:04.828412,0,normal
4da6db1c-e126-43ff-8c8e-8bc57d8a498d,1596,User_162,User_253,3308085,38218f799fe717c127fae8621b57ddd5853301cc106903ea6cfdb1ae0bfdb00f,2027-01-18T19:44:33.828412,0,normal
c688e590-7ead-4b20-82c5-c8c5c18758eb,2761,User_366,User_310,1612535,f415a01b4d658c835083cc778e0770dbf6580e5288464d195cf79c66e0f5e71f,2026-12-23T14:44:30.828412,1,duplicate_land
7bcab564-7328-4107-9263-a3cddaca1ec9,1031,User_316,User_371,5478671,282a32a3470777252dd0c1dba759efa6aa0a3dba8cab14f8c6aa93a74a41d611,2027-08-10T22:04:56.828412,0,normal
52506158-69c5-49f2-87c1-32eeebb3ef4b,2955,User_49,User_175,227690,aa04c73517d204b2f2750e220aab6a2ed3736ac7c58fc8292e015596124558b1,2026-11-15T05:08:22.828412,0,normal
7e74875c-af75-4626-a0be-cbc19757b921,2238,User_92,User_15,3445888,ff539496459a050499ea7a34aabfcb5d168fc459dba233ab6433133af32e3224,2026-11-21T21:05:06.828412,0,normal
253dd4c1-de1b-48bb-ac11-f7cc47601554,1658,User_42,User_67,1652684,200e5fe6f59e6f47f283b3c249f4deb7d9c06d7eff449d34422ff4099b341c4b,2026-11-29T15:09:49.828412,0,normal
2da2c21c-9f05-4e15-a34a-c0709bca63ed,1124,User_376,User_6,2575095,6d4c614b4da9d8b49e3389e8e20ea4a15c88e445850f5a163d7147eeca5ca067,2027-06-15T16:54:08.828412,0,normal
17e39484-a306-4fa0-871e-bff36d8ddd52,2421,User_358,User_34,948865,edf1f21e4c8c6265487a2eca7d5b3c4f7cb5dd361b99851ffaaa1aafd7b3624b,2026-11-30T01:40:13.828412,0,normal
c87f12ac-30b3-4748-9862-6b4c76b459cf,2288,User_138,User_133,3478084,abc02a90a1169adc0ef973f1b19e701aa5646993251be8fe9daf2ad4f9c9ae17,2026-11-25T19:56:59.828412,0,normal
0263f5a1-3d13-4353-bb86-ab7a804ec28e,2642,User_265,User_83,1159669,60212b21cc78d5943a44bd66d712eeaac871d8d7f188bd33cfe98197538db7c3,2027-03-24T14:47:03.828412,0,normal
d5290e70-80bf-4d38-87ba-be81823f958f,2725,User_79,User_401,1122823,dd57c5677da8bc55bdda407410acdfa2fc89864076a9e251ccedd309238ab2f3,2027-02-13T12:16:05.828412,0,normal
d462e1ca-0ef3-4a5d-92b4-3ac564e14ecc,1156,User_13,User_473,1746280,62623cde9707635e5f701893528b5addf4f238013b6bd2a3d1809cce113037d5,2027-01-10T19:33:41.828412,0,normal
ae781d19-bcae-4518-8228-b5ab3605d95a,1677,User_56,User_141,2429752,47781338768694202f06d485da5d2a36d72c58757ca7178c3bb841137e5cc91b,2027-05-28T10:14:13.828412,0,normal
12aaf4df-4a4e-4215-902d-bb17d41f2915,2837,User_135,User_385,1598925,cea40a95de04a82d9c2b32c6606df20a0ff5de74b2e2246bfc8f8e223d114b1b,2026-12-16T13:24:35.828412,0,normal
cd650d75-7556-47af-92ef-a26a535d1604,2270,User_120,User_189,2969710,34496d6ef185ed270d0084fe820467c29daa1e2a1682fcaff547aad65d99a325,2027-06-08T22:56:56.828412,0,normal
231bc490-5bc8-4386-9686-43c46b1e4660,2612,User_171,User_69,3463612,c5ceac864da9362ca93c6803efb157f8b7932e5bc81d4ec15e6f7f6983a3d48b,2027-04-28T22:45:35.828412,0,normal
7028d992-1d0f-4c01-a2f3-2c2d1ebc9505,2222,User_465,User_53,2614405,f10c1bd8d66012533e3438f387a7ae110b6340aee61f17d24c25c2e661b85b4a,2027-05-21T09:59:10.828412,0,normal
7c94edc1-2ac7-44be-a2fb-cfc66f6f6166,1921,User_329,User_443,3465669,aa99d537451f14714cfc9c0b34bc37241a18eb4fc84ee8ca26da0959af522059,2027-01-06T18:56:37.828412,0,normal
d9b65b30-915a-49d5-9d21-b895dbaba3e5,2586,User_326,User_5,2105527,a8b90e8010d835b47bb26ed897604098cd57ed1b7800ab9ccd6fc63a72917d5a,2027-04-07T10:53:36.828412,0,normal
241b036e-ed70-4743-b604-04be12de07ff,2247,User_389,User_321,926166,e35ce4f372bc61d0d7c940341dc046ee0a147b9d7e127f71a7f23b3ec26ddf1f,2027-05-08T09:09:45.828412,0,normal
3853420c-3cdf-41bf-8179-1fbc95456c4a,1355,User_426,User_88,3353907,83bbfc6c6d70122aeef517ac1a9c58b33161cc896133bcdea20108d1f5100cea,2026-09-11T16:45:47.828412,0,normal
7c761970-40da-4e54-a585-b52c8e7042db,1015,User_345,User_459,4288851,5dacedcb3cfa515fc1b449930b2691e6f005b958731eb46ade22bad09fc0b38e,2027-05-09T06:46:56.828412,0,normal
8817e016-8a28-4240-b3ab-cbb80502834b,2357,User_430,User_109,630313,aa0f0b6b78b8f0a748a892e17f3c7dd82e08ef295ed8a5de520468b43ccd212f,2027-05-07T02:05:37.828412,0,normal
88a7dd15-cd89-45bf-85df-33f1ee337390,2838,User_393,User_377,17953008,4a6452856e6a5203b23957e8ed05c1022c9038ea1b284fac78184cbbe21f9e06,2026-12-21T02:02:53.828412,1,abnormal_price
077178d6-453b-4d20-ac1f-92ae595ca5fb,2128,User_61,User_339,1078460,44e60672da579df4a598dc73f9467c483f19c89e45dc576df3ed122f633ebb5c,2027-03-16T23:45:09.828412,1,duplicate_document
9cab0e18-4310-4d5e-a69a-bf4111ce45e7,1734,User_200,User_239,1575976,5b83c5784ef229a0a4826bd07cae72b8ee0d6dac43e8636666fd59e2dd0a0238,2027-05-02T13:24:57.828412,0,normal
c98bd67f-e24c-490f-9d8e-28ed2add2fcb,1384,User_224,User_494,1463825,04349952d8a3144383d8f75425f309e4d9501f13276bc1920c5bfb4dad95683b,2027-05-27T15:58:20.828412,1,duplicate_document
5c78f5c8-75b6-4979-b5d6-b5b47ff12f4b,1063,User_152,User_179,5415036,bd85e5bab7e6360d775a85a8bf32898f24415df5e35075a1720f3f5ec62a762e,2026-09-04T03:47:02.828412,0,normal
50da4ce5-b734-4baf-adfd-7e7cf7e9f15e,2710,User_98,User_116,3587999,c272ee792cbc7123f5ac7fe3e372efe738425ba76fc7f3b1e6059de3e86c75bf,2026-11-13T16:12:35.828412,0,normal
22e37368-8a8b-46b8-a1e1-31a30a993c29,2496,User_180,User_347,682630,9ec5b4485a5cad57cab78c6d913ab6b0229c08f0cb3b9825dcff4edd5a244b98,2027-01-08T04:37:34.828412,0,normal
a7a02e24-8e6b-4bb6-9797-87d83af1415d,2580,User_287,User_442,1253399,ee4b7dc4daaf0ab4e68efa6a6cc6cfefb2baaae881119a1cfbe07daf4c66d126,2027-03-30T04:23:18.828412,0,normal
2f0facdb-88aa-4e7a-bad3-356ae6a913d4,2298,User_189,User_373,5330400,c68d178008c93168bdc46c283d87623cb8aa80868e86941ec2540b6fbbd1a726,2027-01-15T13:49:20.828412,0,normal
4f24611c-0711-4bc9-b676-5041d63e2163,2604,User_25,User_356,4333404,df48b17e9e6c28214fcefae873e91d4d7b90addcd39193b7b9ca64bfd6a396e6,2027-04-12T16:54:57.828412,0,normal
766c3f4d-438f-4d45-8708-6a67629f9450,2464,User_405,User_225,2457008,3c3c6d73c466e392d1baef2ac86385a5168417ff757bba7c7537f8c0c03bdb7f,2027-04-18T01:35:00.828412,0,normal
3846bbb7-251c-48df-a6cb-ccb394d32890,2855,User_51,User_276,1079139,460e26cbfe4c59fb9b0c339fcb0c10377d4f4b5d13028d7907324fa95e696497,2027-07-12T22:48:41.828412,0,normal
6a383ffe-a601-45b3-a394-38e097f976d0,2308,User_34,User_396,3078045,ac5540b2ae14fe7df002eea97b80a89f080e9e0b90a05fdd2a847070d6478458,2027-02-18T09:51:16.828412,0,normal
3addf3a3-0270-48df-ab57-e5a31f4c4535,2265,User_430,User_111,583158,ac24c47e67d8fd93aee58c0c1b643c2d03eba83dfe95c4646a1b3e3df7da9b67,2027-04-26T13:00:44.828412,0,normal
96f48b9b-c485-46c6-9229-48e63381c760,1539,User_80,User_266,1115349,e884e1f236829d05c26a1b6ab7d35ee40c8bf3ffe722b272c45e24a82414d6aa,2026-08-16T12:04:39.828412,0,normal
b10c6a15-676d-4659-8d31-27304ae44985,2248,User_92,User_98,3879838,87b41059a5c79d18fdabdc972be2c40f5d5adc11a1109f1b40a5abcb1c1d09d5,2026-10-24T09:14:36.828412,0,normal
a59ce223-dec0-4e30-bd0f-17e01d1d8ade,2037,User_296,User_500,4846509,939aadcda13ae8910bec3a56dd62b36288b5e98604f3100b5659533d67a4fc09,2026-08-27T19:30:45.828412,0,normal
663a2ae5-08fc-4848-bf5c-d3b6177f3988,2345,User_495,User_239,3154593,45c9b4f4ae6e560550bb164817ac8df1967e7f4ec3478ab8bed0c782f07e4512,2026-08-20T07:17:56.828412,0,normal
7e74df68-aa7b-403c-8089-7da01eb3da64,2211,User_442,User_157,679238,cabbec83d8c01ecaa69823dbdd380939e5a5eba9c03920c0967a15d01a359e69,2027-06-16T20:45:33.828412,0,normal
1be380c1-0133-403b-a2aa-13222abf5e72,2456,User_113,User_332,4054477,22d707c2441266beb7af92513ff9dd8b895bafaa5118a2122ae453f1722d680f,2026-11-13T13:07:59.828412,0,normal
2fc4e9fc-c8dc-4166-ac0a-b50e83d95abc,1756,User_56,User_247,21836403,234c43ca5f8dc19fc4adc276607b708ba8cafc2039fd46036c7fa9ca0ff50b7f,2027-07-12T22:27:38.828412,1,abnormal_price
438907d6-9c50-468d-8251-42c68cb87edd,2997,User_188,User_297,3255552,c36e49faf2415e0f9980416bb8b792f2d63df0772e3877fbfbb078ea64c6d541,2026-09-28T23:16:40.828412,1,duplicate_land
051e6039-981b-49ed-b0bb-2564383d8bb6,2889,User_421,User_355,1200382,f4bdb5c12821434c580f097c26746744d1022e94e033c557e7c3542b9f88b622,2027-01-16T21:31:53.828412,0,normal
3e91f928-0042-4ea9-8982-f0bf751d9163,2463,User_278,User_493,3862137,fa97c9a36e0f48482bea2db7ef304ca42af570758a14e83dda1ad39ce4e4442d,2026-08-24T15:07:53.828412,0,normal
35e0f3f4-3302-4010-aefb-77a159c3a5a1,2354,User_203,User_50,3988665,238b3a183776366ed91db76eadd524bd177ddd6df6ac23615628d065d9af5a4b,2026-12-07T04:18:04.828412,0,normal
3c0522a0-1316-45f6-b814-30dbbe10d24a,1179,User_232,User_274,4145070,6fd6b03e4e88e722b258cb94903f20ac3608143572aeaf862260c928c31af951,2027-03-26T13:17:07.828412,1,duplicate_document
85ad4e91-a0b0-4cbe-993e-8f8d4f7e661a,1206,User_290,User_416,5768845,c3f7b47603cf7a85d307fbce5df39b7155036a1582a29a6aa16f7fa39a9aa8cf,2027-04-04T12:01:49.828412,0,normal
81856876-defc-4af8-8eb0-ed3ab5385fdc,2911,User_221,User_103,1603343,a5b1710e6d6c2c354a4ca178be8f994ee808b88ecfd5e86cf5c4d44e7c854e7d,2026-08-28T21:59:12.828412,0,normal
51da3e4d-0ef4-42cd-bbeb-947f38e95e19,2934,User_135,User_269,2348025,98952eef94e488b6fe7433e3f5bcf8fc00289818501b93c612b18e923a411194,2027-03-05T07:57:26.828412,0,normal
1eefc889-64a3-42d0-9426-8b426ade9c3b,1236,User_472,User_414,5026637,6c4826e2574f4a55f01b66afabe59f89ba5718de863878495b9fd67bcfceaf6e,2027-01-26T04:44:28.828412,0,normal
2113439f-65cc-4f9d-93ac-064d29bc6f03,1309,User_92,User_434,3803463,cfc32de8237e0b809d053c08a5a41dc973ea8641b0cb01867c81b541697ec8f5,2026-10-28T10:31:08.828412,1,duplicate_land
cc7bc27c-35f5-46a0-8f37-ff555a5af284,2436,User_447,User_73,2914514,14fd07f178b8b0165a4ebf88869c4ae42ce3f877eca6b149a56d918c665a6130,2027-03-23T01:13:53.828412,0,normal
8cc23908-633b-42a8-95dc-15cd9a3568c6,2002,User_36,User_106,3055759,3b7c20f939253cc44e378f8a6578b1db2891eb131b75c780b76cf5a9d0de51ad,2027-04-29T10:08:13.828412,0,normal
57bb8811-1b02-48ea-9640-95e6ad32b9d5,1746,User_14,User_262,4979392,7e7c236f1d54397aa5b1063fea8868c5f43b4629f2ef009824d86b50c2c4f1c6,2027-01-31T17:03:09.828412,0,normal
ecb52d4f-7a0e-488d-9441-7eca19d0ef74,1024,User_74,User_323,52434,c86964579bb7d34dc0877e09d111dedb5a5e68b169a968758eb86da208526e8a,2027-04-10T01:34:07.828412,1,abnormal_price
c3b3f954-3f95-49cb-809b-823afad67450,2221,User_106,User_129,2667829,e0f74ee5b08576fcd85c0c3e4afa6fd550d3514a47a90677c186c59e3ef46e83,2026-11-21T00:38:48.828412,1,duplicate_land
4e329065-fd10-4d2c-8114-479ebccfa577,1821,User_386,User_156,2048498,ee4c0caa215b771b1bf223edca3c5a3a4d7b36a8a6e63afb0d5c5cb7bb894755,2027-06-25T08:52:53.828412,0,normal
a9bc78c2-d3d2-4ca2-a5b1-004034ed2fbc,1210,User_59,User_295,385393,5581142a75a03a5dfda1cfd99b6217d1c61283812de0a8dd79ef056875898b1d,2026-09-18T15:52:48.828412,0,normal
d811b01e-302d-4ab7-b0bb-0e46a002f00e,1336,User_57,User_140,441206,4a50438b18baac282b1f9000f2392ae368f32831b0f9331c8baeabd99329315d,2026-09-13T19:04:41.828412,1,duplicate_document
7a95bee4-b231-4bf1-a1f0-55dcd4264de5,2603,User_163,User_168,2370463,0f343c8cd8f86cefed852a17069c91785d247bb97c6e35c78b366e3d2fb89c93,2026-11-29T19:34:24.828412,0,normal
10232587-a120-4619-a9d5-c324a56f2347,1895,User_390,User_160,7790765,40d2722e87f663d7ab51e6243b67ae0e1f4f9c66f239efd4dfca0825e1919f16,2027-02-02T07:26:42.828412,0,normal
1be467bb-4f28-46ba-b6e7-c9df0262939d,1064,User_284,User_340,1221813,932349b14751f2ec2e1ae1b26943b0983fd875921aaf712dc9bc544a9ae4b136,2026-11-15T08:22:25.828412,0,normal
5ab89057-d1f4-4752-ae4e-d909d15a806e,2575,User_337,User_388,1348025,e13f1ecec1da3b164b54b5d96efe88865c4513c354c062d791f343d0a1401578,2027-01-09T14:38:39.828412,0,normal
a2c0b9b5-a964-4d24-9acb-54ff2b5cbbf3,1397,User_324,User_286,4369051,0f00f44b868c9402773395349428e83198bf3c45f1003421bf61c2c8e2bef7ae,2027-04-27T10:56:58.828412,1,duplicate_land
0840f7b8-d77a-4b34-9e8f-8c0d202ea0b0,1153,User_53,User_477,1498529,841ef4febca69d8595e82883669b18bd72342b53e2a0f911a39e404146dbaac3,2027-06-21T05:59:20.828412,0,normal
5045d33d-c697-4015-8af0-4751474d6135,1637,User_107,User_294,2192946,d9ecd0446f7e51fe50e0bff4ec3ad1b988bc13e11590b7a0abe100f36aca46a8,2027-06-23T05:57:54.828412,0,normal
eee6a512-4251-4113-9689-fa9a2c4b3245,1481,User_366,User_367,4227730,cfd6988aa71a5954b2011fb31b2d879d67c6fbc4a022a4474935da4b9141c0c0,2027-07-08T08:26:10.828412,0,normal
1e0a2e2c-c535-4cb6-b380-3da496deb8ae,2658,User_491,User_288,1780186,5cd44f987f483236fc21a02d832fa0ef80a349b9b9749dd6f39100aedb6f15be,2026-08-23T03:33:13.828412,1,rapid_transfer
29a3ae73-1d26-4e89-94bc-4b5e72c04950,2815,User_414,User_217,422757,c96eef99ff82f4673d6c5e90bf4f9e4b4cc74d1ed3ed04f7d0e6110f9cf3eb58,2027-02-04T12:34:45.828412,0,normal
03b27d9b-cac1-452d-9823-e610c916fd04,1549,User_185,User_490,3227769,a63e64b952df3eed76b03e50ef9fd4e2083ad1c58cb82c11955ac4dcc3a8d8eb,2027-05-11T07:27:13.828412,1,duplicate_document
e5d0723b-24f8-4e20-bddc-3fd2f5508db3,2874,User_271,User_35,3895518,629af7e57b47605201d9783f5d620108d45791db02c79d7c9868b4d7b2131c52,2027-08-02T04:08:44.828412,0,normal
c663cd34-e655-45c6-8d52-cce2e1349b43,1492,User_419,User_266,2373889,51ada8766828bb8ded3384b8e952312f2b04fed1ccc82681e2c536f9d776da79,2027-08-09T12:42:57.828412,1,duplicate_land
38f83b37-af63-47e2-8b76-baee177bcdd3,1518,User_441,User_1,3178092,04b567bb52382d2254a9b6e9be152da6ba5b1066e541158205e93d83169d4187,2026-09-07T13:22:39.828412,0,normal
49f7d2b6-ec6b-4ab4-8cd0-4ba7ea6a1e24,1410,User_439,User_488,437105,0e28dcee6b675b0c3fa66d2e0a4dd757d33b4c6339d495c5d50e7f9725fb35a8,2027-05-02T19:07:47.828412,0,normal
f097fe06-db0c-4ab4-b27d-e5710d218acc,1725,User_38,User_418,528138,8b8820655d7b22a2b2e18b5149d4dfee4f29eb73eadcb2a817d817aaf6eccfc6,2027-06-28T21:25:56.828412,0,normal
10a8b9b6-de24-4cb0-96cd-6876a6f15ef6,2709,User_88,User_39,2350424,ee017e3982482f2ff22b4748cda8a56fbf246f8b747337abe686dafc6fda30f3,2026-09-01T22:28:53.828412,0,normal
886ed0b3-f2f1-44f3-89f7-64d65bc0bbc2,2645,User_355,User_148,3539579,f73ebf6914988ee34164d56690f5116b8bd17a323909cb1319d3de7c021142ae,2027-03-25T14:58:24.828412,0,normal
334ec0b7-22dd-4955-9029-ebe15738c4fd,1883,User_21,User_182,1540593,018b6853d3e064db30dee5534909f5484957ce2b24612ad4258d0cb157669e87,2027-04-22T11:15:49.828412,1,duplicate_land
06d94458-aef9-440d-9408-05937edc4f75,1780,User_67,User_43,1665274,55fe87b0f928d7e0df19d190cc8ee771a2ae0b76ecfba94dff90f207310ab69d,2027-02-10T15:57:39.828412,0,normal
1a35e902-e5cc-4db4-8ac2-9819e8df457e,1755,User_228,User_71,594513,202b0ee3bde1f73206555a6b5fc39410188e13d5b1db1fbe3c1740167ed7472f,2026-09-05T09:54:41.828412,0,normal
b27519bc-8fcf-42a4-b449-e97ece4c4650,1774,User_268,User_293,487331,100bf898d05ca9dddf8bcb83c9709974f309416ff0771e8605d65d5554bae9e4,2027-07-25T21:34:15.828412,1,abnormal_price
93abb76b-1078-408c-bf1c-eeb51356ca72,2693,User_257,User_242,2775027,d16552f7f22862a007a2b258347aa42e385f5388d917be2034f2215263fcb9f1,2027-05-28T14:40:48.828412,0,normal
a38990e5-4492-479e-9e00-f5f96d7ea26a,2921,User_217,User_373,2810158,6f092311933c5b8a9e45177fe57fe8ba464a304b390c08a183db38624d73c5fa,2026-10-24T02:57:54.828412,0,normal
3c4002ae-440f-4a10-9390-74040c46aa82,1355,User_88,User_458,2753922,83bbfc6c6d70122aeef517ac1a9c58b33161cc896133bcdea20108d1f5100cea,2027-01-05T23:28:36.828412,0,normal
1c8d3a79-2b98-4a49-9038-d3652af323a7,1018,User_437,User_349,2738205,571e93a40f306937ebea0e3e61f2cc22e22e72026ce384dd35adc00d13b1a62a,2027-01-13T14:49:19.828412,0,normal
2cfbba8d-011f-40c6-8dba-15e5d1cda66a,1617,User_106,User_196,2714428,0c43af6b7de4552b1ae28eb3806278d3093746b64679049dd7245527925de911,2026-11-18T01:07:56.828412,0,normal
92774ba2-2af0-4bc7-83d2-7345fb3c8997,1721,User_10,User_4,2844581,76f14a43d5a68c4b5d0e19e153d553c2f85ca63cf0d24ae1f02615ffa0e71e13,2027-01-26T17:21:07.828412,0,normal
9821f41c-b20f-4ba2-910a-d4f44d7e8335,2416,User_237,User_74,3768017,427c6b829c674dc98d53dafbe62ddb6039956c1e2dd2b11fed71f34161ab1854,2027-06-09T23:35:26.828412,0,normal
c35c49a1-7339-493c-b6d9-32372d8e8c5a,2439,User_372,User_228,3528120,708cdb74a6a0fff4eb913e9f9f6b05f1931b59170403651aeb6aba2a0574a1f1,2027-07-05T04:08:27.828412,1,duplicate_document
df5e7dc6-02fd-47b1-bc54-af2758547828,1813,User_201,User_369,5151752,9e93b01e4f67702dd9ee59e0db06ff56ace42cdeb98fbeb93ad8bd6261f08eef,2027-07-23T16:39:55.828412,0,normal
0c990ce0-3523-49ec-876f-6a30597ac615,1611,User_448,User_357,2051299,e1f0358e1dcf4f0858e121f27e32bee71d004ac67fb9d87cff7412b4cb4e34f2,2027-04-02T12:01:15.828412,1,duplicate_document
3d59d93b-d5d8-4141-b681-2a579d6d2305,2650,User_20,User_76,135874,dc2bf08eb94964150fe423f872375e5dd9480fef1b871eb1a2c5b5a6234e7bb2,2026-08-23T00:42:32.828412,1,abnormal_price
6cfa0d55-0142-43f3-a727-d4a0318cbbb5,2240,User_255,User_459,5549513,66349fbf8beaf88b1cf38f70e000bdb151e9f3a5ec2a2140466c69a0c2e9b918,2026-08-30T19:43:33.828412,0,normal
ecec6eae-9016-400c-b7f2-192907ee0e8d,1328,User_458,User_151,3196956,fcd16e710f8466ee266ec476b98ccc223d7cea7f389249eaa77db82ce71e6358,2027-01-22T10:41:11.828412,0,normal
b1ffea3f-41c8-4ac2-90f2-c73964a948ef,2058,User_314,User_43,2290565,f5d5843915d3ea8d8a40de72860ac46489a7547d720bc9d39e698ba64620070d,2027-05-19T16:44:59.828412,0,normal
3b2d64ec-8f20-4f42-a9b4-78f81f633cc4,1425,User_422,User_346,1824319,2ec3f4438bf86f32faa77d93069b2c34807bfa57cda9a1602c086ec11a4ab2dd,2026-09-23T00:31:07.828412,0,normal
60a26aae-e782-44ff-910a-f6099ed5e580,1039,User_154,User_346,4149136,720092dda00b31942cb565f55bd905e32652a0b454fde44fda1a3e968cd2d942,2027-04-15T18:26:05.828412,0,normal
4746b2dc-9fb4-40c3-9c72-48db60fc7c27,1920,User_402,User_496,2340960,cb9916edfdf7b7944e3d3b176ad2070f6b97260418c2497b0f770001a08e8176,2027-07-23T17:15:55.828412,1,rapid_transfer
d16d2ac9-4c62-4f2a-ba7a-b441556948de,2509,User_418,User_301,2283289,d312e2b0a91f35b9dfe5bfafde2a21f8caed105fd5b217585b9688b365d23fac,2027-02-20T03:26:07.828412,0,normal
a70140c1-754f-4b97-a05c-0868945abf06,2643,User_226,User_38,68688,f94f71a6b03d94cef7b605a404721d5cf4372f3697471d97066f0d059dea696a,2026-08-18T23:01:24.828412,1,abnormal_price
31597009-f899-4f76-8853-f254e720e825,2131,User_150,User_374,988768,b931d02d84b291d0efae8fa3a9339ef31d54a0ac544f900ccd559d51e452bc53,2027-01-14T20:32:59.828412,1,duplicate_document
34445dbc-13dd-49ae-8a31-33c451e201f5,1746,User_262,User_360,4423513,7e7c236f1d54397aa5b1063fea8868c5f43b4629f2ef009824d86b50c2c4f1c6,2027-04-26T13:06:59.828412,0,normal
f3bcced8-c13c-4fbb-89ab-2980b628ee73,2963,User_261,User_460,305252,5423994babb7124f09576ab3f6b4fc32d400201b31993c20980c949d303aa91e,2027-01-04T02:48:34.828412,1,abnormal_price
32bcff67-96cd-4bc3-aad0-d396da8df091,1061,User_452,User_189,2130634,598c12b38a7491fae452ecb68fbaf4ee204f2ee75b14c26390456a8e77375380,2026-10-23T04:59:16.828412,0,normal
9d37b9af-3d5c-426a-9b23-1f341a8e7c1a,2934,User_269,User_267,2609956,98952eef94e488b6fe7433e3f5bcf8fc00289818501b93c612b18e923a411194,2027-07-16T03:54:22.828412,0,normal
8fb90a1b-71b9-4151-ab25-3f5f09aabe56,1570,User_242,User_467,4959650,ec35cf1e3d4ef5c66928440eaf6fc0efcca8ab220c61674b2ebb805f68dbcbfd,2027-03-21T07:01:24.828412,0,normal
82c179dd-b586-4cc1-8c34-eedd77cfb4d5,1389,User_438,User_393,1293640,021b18cd97642797398af0c8e4ed11963c19b42dac4ca0c3ad10284a0196f601,2027-05-01T19:29:40.828412,0,normal
8116a326-0a60-45bd-b1b4-b5d3e7ef308e,1979,User_348,User_295,2059640,9ebe621cae36f2cb3a4fa1bfd9d141a91eeb3c795f78443ac00c2a64f6a39a8e,2027-04-19T13:49:11.828412,0,normal
1ec657dd-102b-4599-861f-68bd8327e960,1169,User_27,User_465,550931,0a3053e0bbd5c7afafac6eb48aa4c3ab68a012fc07da09ea0fd52d99003f58f0,2026-12-14T20:54:28.828412,0,normal
35583887-8e91-4d54-8ac9-6573487b0d0c,1687,User_376,User_209,4708455,208a1a0eeb6388edf2d518673c261a415f22fa28a23c4f916671174af44c91b4,2027-01-29T13:12:03.828412,0,normal
f1a24e23-d49d-465c-9773-f6c43a0c2efc,2223,User_73,User_222,4458658,d19893b708afa9e878914be6b3e49c1f28518f9d98491acfa27c833a41f1b12f,2026-09-23T04:56:18.828412,0,normal
e6cc9638-ddfc-4dcb-a110-df211703cc57,2268,User_51,User_318,3077961,e1b67c94ccda8f75ccf13510f6f6192a607e96974a9aa42f064773c75cdb228e,2026-12-21T03:03:00.828412,0,normal
ce238e3c-34a7-4cfe-8c82-960cb2c942e2,1322,User_22,User_366,615491,acc6a57539aceb4ff5fb6d8acb3026ca8d13ea6b9baafde54de904726e087661,2027-03-18T18:44:05.828412,1,abnormal_price
5a91ec6f-4db7-4769-ba28-84aac4397544,2815,User_217,User_159,453920,c96eef99ff82f4673d6c5e90bf4f9e4b4cc74d1ed3ed04f7d0e6110f9cf3eb58,2027-01-08T09:41:28.828412,0,normal
ea716fb6-f68f-4b99-961e-080f13e43ad2,2776,User_49,User_70,4213687,eac7af671a117fd567073301c9e49abc270a5e2b36abb8379cf491834d98e09a,2027-05-31T07:33:08.828412,0,normal
47933067-f022-4ef6-82ca-c0c4cf861542,2052,User_106,User_483,24375,82352e8fb026e03da473bcc9c90953443674330ec39ba57420ca32704c742ca5,2027-01-06T14:55:41.828412,1,abnormal_price
26d849c2-694e-4446-bc4b-4a9b7fa34169,2930,User_259,User_434,2808320,3ff194aee254d9258d350b39179ea8f6930ca1239b3717ba8aaa753d1187dcca,2027-04-10T05:21:05.828412,0,normal
456ad485-c99e-4743-9129-b9770b098f9f,2316,User_401,User_275,1609853,f4b8327a0f1bc564c6a5a604b04a57a2515e005cd2c7ce1fe1c8648def22bdaf,2026-10-20T12:50:06.828412,0,normal
6830fbf0-4800-4ace-8801-4bb2b51f1e10,1569,User_79,User_306,3912210,8a052f2dbf403a8b18435c5e84be00bb54fbd1be340b958ab0c26d32f72d4daa,2027-03-28T04:02:18.828412,0,normal
f11a639d-d912-48f5-9089-545315775df1,1637,User_294,User_151,2614926,d9ecd0446f7e51fe50e0bff4ec3ad1b988bc13e11590b7a0abe100f36aca46a8,2026-12-26T10:13:47.828412,0,normal
572deeec-4f30-496f-a91e-e7e225a96176,1600,User_289,User_394,2401099,78d633acf1f5c081ba40bedb3c04850895752af7b7ee63ff7b188c87ff210dd9,2026-10-21T23:55:19.828412,0,normal
a40bb4ca-56ac-4423-a38c-8b5647db547f,2137,User_350,User_22,1806962,9694658f3767fc88f742ed8d50736a3372460c70eeb23a7ebc57bcf08f929eb0,2027-05-03T19:15:15.828412,0,normal
884f4853-6442-47bc-99d5-18018a0a9ada,1089,User_4,User_324,4418555,0765cc0d01ddd99c1d0b94ae939f57cfb21775e5be46d8409b94740f5c37f104,2027-04-29T22:08:12.828412,0,normal
a6b91b8e-49f5-46b6-aded-b95135099f84,1061,User_189,User_425,2421981,598c12b38a7491fae452ecb68fbaf4ee204f2ee75b14c26390456a8e77375380,2027-06-24T04:29:05.828412,0,normal
54a7f3f5-dced-4a83-b7d1-8d49b27035e4,1823,User_157,User_439,4177826,58556df8052bbe796303cd45462291a2214688341c965bf69a46181f668d1b99,2027-05-06T22:21:07.828412,1,duplicate_land
0fe6535f-e25c-4ba6-93f8-4bdb8d553b4e,1594,User_361,User_230,485818,03769ff591349b90a95cd72f240075f5dc6fddb4d60ab257f32fdf85e049cedd,2027-03-13T12:59:35.828412,0,normal
1a546c75-d6ba-4f6f-8203-a84aef59a11a,2577,User_59,User_256,3148839,0ac985bd42d3a4915eddc33c9fb438b07fc0d3ffaff294e6e369c604593cc101,2026-11-15T05:01:36.828412,1,duplicate_land
f4e2bd79-4685-44eb-bfb3-e193ade4158d,2216,User_71,User_304,1540014,4c3760db345da2c9ae3d6e42c8da48d3f7e6f32ac5c48371c3de64e1313225c1,2027-04-28T07:10:41.828412,0,normal
df294b68-583c-4f5f-bde3-ee675c4f3cc4,2008,User_11,User_281,4367691,67ed56bf12c7f13ae1b7878d2935f37a866a86d7f64a30fffd46fc782a7c1f19,2027-02-14T08:28:35.828412,1,duplicate_document
57453992-712f-4e1b-a29b-c4b42b7fe39e,1738,User_185,User_236,2478909,aa7abe1a0435c9fb83e1048c11dd901e103a977f89219c8227c32537b9125d9f,2026-10-28T11:34:45.828412,0,normal
9dfc69a0-2390-4599-b93f-489464fad439,1164,User_339,User_252,4938362,095c9f2030e21cc2a00c1f6a4f0713763bb8af3b5e8a094295933c54d39b32b4,2027-01-01T11:25:36.828412,1,duplicate_document
cb5b85d1-ebc7-4cbe-922b-d393b1dad89b,1175,User_210,User_233,2837180,b62e19ed219b6302e0ff6b45ce5cc2087ec39ebfcc5c39a2c7640d16b1690668,2027-01-02T14:30:54.828412,0,normal
d42f8e35-6e59-4809-bc6f-b0771bbc549f,1241,User_472,User_224,2697473,fc04a4f21bd97315807485f39b95855894b72beb4053c45524d23b4878b016cc,2026-08-30T13:55:12.828412,1,abnormal_price
8b09ec64-418d-41bc-a24f-963fb430ff59,2620,User_86,User_221,3838577,2a8098d3ce04317599c897c236f74f6111470aaa32664a2a3ff541f1a669e6df,2027-04-20T18:26:41.828412,0,normal
c4b8e805-7aa2-4295-b97d-c8baff0241c6,2348,User_318,User_398,4879173,cf34f1a5b7d115afb6fac4b17124ac57ab71511f10f5c31da524c09b846ab322,2027-02-11T17:53:30.828412,0,normal
8499e168-24ac-481d-af68-86f33430ae12,2784,User_256,User_50,1348955,3795324d4f2d5ff75dda02b261e061db75bae9951ae83d7cf24b472136a92af3,2026-11-12T05:55:00.828412,1,duplicate_land
094798a9-6aa8-49cc-839b-643b9f41feb1,2381,User_495,User_9,1068497,1b685c51c0101ce5d0d50cc7edd26ffdafc57d48e30f2a1e693f09a2f32e5d98,2027-02-25T08:06:11.828412,0,normal
8b52aa80-6146-4d7e-8dae-7aa0c9a76c1b,1938,User_472,User_75,907887,4345d165537a809d0f1ab70a8838a80d333b50b4bbd5f1373d93f61617237397,2027-07-23T18:25:46.828412,0,normal
3c710d17-e148-4da8-a0ae-835eb991ff9d,1483,User_214,User_397,1639281,e1b66fa2cc67974af3499c0fe06335751d7b025901551069e82bafdaccbeb9f3,2026-12-10T19:58:36.828412,0,normal
f89d1f5b-b256-4730-8605-fd218b94071e,2958,User_245,User_34,1258525,079705a98bb78a4d1b95c2659a638520f7e4145fe0e013841e2c322b70f0b8fd,2027-07-29T23:51:24.828412,0,normal
ab313c96-2e52-432f-9657-35cb8f3dd1a9,1163,User_290,User_419,497601,6a894277c45df8a651e1f9f8f85bf655fae6999c50d438b77e98d4e8eab67beb,2026-11-27T03:16:57.828412,0,normal
3941a71e-1452-46b4-a5dc-63c2b794ce6d,2900,User_108,User_347,3516728,6dbe2fccc3a6043178bbfb36d164a8fec51030ea9e499626d66e475da030229a,2026-11-09T13:33:12.828412,1,rapid_transfer
d50b688e-9f9b-4f62-b34a-3939e4e212db,1727,User_478,User_455,2931845,74be4bf1a5a7a943bda4e90765338a30efbcfd7bcba2c3f183b3478e922003ed,2026-10-01T22:58:06.828412,0,normal
6acc2a0a-45f7-4118-9d9c-babe296faaa9,2451,User_346,User_393,1603719,db3d42ce2cb79b6a271356b976f42d1b634a5787105b272daecd03929ee10d4b,2027-02-13T04:04:12.828412,0,normal
cdf46ce8-a23a-4474-b3b8-b6d2ad487ab5,1138,User_321,User_372,3231615,1fb22a43eae02bdbd680ec0f2d2689b1ef0f49f9c5845185e78ee001354252f4,2027-05-25T06:59:32.828412,1,duplicate_land
48cf6a24-c5c1-467e-86b4-e2a3ddf32106,2694,User_38,User_475,1484948,d793d8801cda998edda3812c5307540749824cca189aaaa04e4863525fce9bfd,2027-03-29T20:01:18.828412,0,normal
56be99a0-bf10-456e-b947-6b3b3d5f88d6,1513,User_223,User_64,1959526,ad82b066ded14da12f932fa35f0b8482227d522113ed64874edd2b6764a2658d,2027-04-23T21:35:16.828412,0,normal
f7bda226-87ac-49ee-8847-196787daf6f6,1848,User_415,User_365,3565855,5b6cb065627538695c8223937d4320a7de129b9ea738728b8b23d48bbb3b237a,2027-01-08T22:38:18.828412,0,normal
6682ab26-3fec-4da0-bf85-d8f3ba14e5d6,2035,User_175,User_120,1720731,00c407703c8c93e9a97818614b1b6c044339490701c056285e947fb719d8861c,2026-09-15T02:33:35.828412,0,normal
fec6ab4d-2f90-46ff-b005-be84a638d535,2728,User_73,User_452,1563620,5b6cb065627538695c8223937d4320a7de129b9ea738728b8b23d48bbb3b237a,2026-09-19T07:59:17.828412,1,duplicate_document
9edb8f4e-1fe3-4b07-8120-31cbf93c63ab,1188,User_244,User_185,2235750,f99954b4e975544452bbb66151b8e063bfad201d6e1e6e7322c6ed1fcfccca56,2027-01-15T00:13:37.828412,1,duplicate_land
d2601e12-a4ba-47a5-b875-8a47b8b195c6,2394,User_184,User_121,4168901,030cb1bd98d4fa1acb1f8e40982e363f76beb8574c7611ab621e259bafadc996,2026-12-21T16:29:21.828412,0,normal
244d10bf-d316-48ff-94f5-5b72dc8b5ec1,1122,User_369,User_347,3644912,196e22280f52f849d6d51b6c2a270e46c8f504f81450867d0f29c71e31e095a6,2026-10-31T15:21:32.828412,1,duplicate_land
c595c397-1aae-4692-9536-f69f20612234,1280,User_141,User_7,52652,13d3676187f19b35a44ec3ed03668c5b473161a849ade1a4f30271e1c7141d35,2027-01-06T08:53:41.828412,1,abnormal_price
f6a2d6e1-8426-40e4-a1fa-30b4c4c05c07,1599,User_84,User_441,3185986,bca3e93aa3d36f16fdbd14ccd43f966d7e80cd0d0436ecc2577fa7fdaf0a2dc6,2026-12-14T01:50:08.828412,0,normal
3313aad8-e9d9-4877-a29c-7ed07ec3d409,1232,User_257,User_113,922387,ed2a65b55c7e4308fead04cc50c852aa7808e19a93e7cb69071cc32a51f03986,2027-01-17T08:25:59.828412,0,normal
69d39993-96fc-4af6-baf7-c386cd961ecf,1261,User_220,User_489,2774672,0c3b02f95e63807f9e2ef6c0fa779542bb818305f71eb0e779b0c5ffc3fc9f8d,2026-10-02T02:27:18.828412,0,normal
5c04d666-3c83-40cc-9230-0332a38d7223,2434,User_425,User_94,2709158,1803ab3152e9271b5d4611741a5c4de4ab66a3f8d5c941235cc8fca2c120f5e5,2027-04-09T20:00:14.828412,0,normal
62f7d1f4-0364-4b08-b989-6abbaf26b24a,1682,User_249,User_378,3183054,28206acd077bb8cbb1238145b011bfa4d29081f8e18ca3b7f77793ff1c4e14d7,2026-10-19T23:11:46.828412,1,duplicate_land
6baf4a43-112a-41bb-b910-f0b03b6c2cfe,2619,User_424,User_162,1233191,70045e5a058ca90c883ababd91d65c15ef5c8fef677c8fbd053878ee913199d3,2027-05-22T09:41:03.828412,1,duplicate_document
3bf94c7f-2954-4d80-a7c8-3319169e3d90,2818,User_397,User_116,4187810,a7a56243e9eed5939082e768bb785d62011114899e90042c85ed496b68f9dcf4,2027-07-05T01:13:59.828412,1,rapid_transfer
68e86ed2-3f07-48f2-b0dc-94f1c1099d3c,1945,User_313,User_307,2991119,cca2102b8e9f3571ed3e38abd26c544e6704e30164efa55e0272f7a7be194741,2027-08-09T10:22:54.828412,0,normal
32bf2a0a-b508-4472-89aa-8f4233002862,1566,User_199,User_351,5037692,fdb8f3058f558e98c0b5985521ead55aba726845e147c18eb182a6e36c1ae380,2026-12-17T14:21:17.828412,0,normal
4da45db6-311c-445d-a752-92d15d729063,1163,User_419,User_236,408012,6a894277c45df8a651e1f9f8f85bf655fae6999c50d438b77e98d4e8eab67beb,2026-12-30T13:45:25.828412,0,normal
1994b6ab-3244-41a3-9d85-20c3263d60e8,2805,User_44,User_433,1583407,35e57b276e13468ff5dca3d1b9905a97184cf83ff6b62da47bcbf71181135c4a,2026-11-20T23:10:49.828412,0,normal
2d87f04c-6a7b-426d-9da0-1d3d57296e76,1372,User_74,User_217,825825,9a6f65ac8e19000cf1ed72d2dc7062779da4e193934018d687a6f8bd2cc55f21,2026-10-13T05:21:33.828412,0,normal
26d5e712-6a90-4300-9af5-d252360f7648,1010,User_415,User_79,2104395,0b69a27ccce681e2c425b5945644c63cc3039fe30589a65ecb128c4fde387bd7,2026-08-14T03:27:47.828412,1,duplicate_land
dcf01dd4-3936-472f-95d3-d1aae82d1f81,1899,User_212,User_110,3740117,d8b6649fae040874c93f38f04de09dfb9f2dda6ca505306b55f759d853a6bef1,2026-12-08T21:10:27.828412,0,normal
831c5861-4a31-4e09-b278-466036213b8e,2871,User_275,User_317,3568980,348868ed413e168ce08ae9607180dc19435f99030cc15fa351e689b46f0d0253,2026-10-27T23:02:05.828412,0,normal
0b21f256-9196-4cef-8eda-5e506be2566a,2474,User_14,User_92,4996752,77d227e11cc8915b5c4f5e56d399e9ccb09d6cd1c3d2478784befc931787b40c,2026-10-23T13:44:37.828412,0,normal
8976c599-e6e1-4eec-8df2-4c9c928d4afd,2179,User_142,User_126,3461298,3c21f0cbc03b85e542ce006ad2c1ab6ad77053e3245901f328705610600a4b76,2027-04-22T07:49:02.828412,0,normal
5ad05fe2-b3cb-4045-9bce-bcec7a4dc92f,1094,User_7,User_186,459421,c8722f81e187b1b4d18f7389db8ab996b91012b95e65be91b215feb9d7222b6e,2027-01-06T02:41:54.828412,0,normal
93633243-e788-490d-af6a-de4cf3be1e6a,2434,User_94,User_55,2688600,1803ab3152e9271b5d4611741a5c4de4ab66a3f8d5c941235cc8fca2c120f5e5,2027-03-24T16:20:02.828412,0,normal
a3522a8f-6f19-49e4-b3f1-b25a22f87042,1908,User_415,User_30,4665982,bb4a1504676bb979cc14d7e682162abe80130948160868e245843630e37f2217,2027-05-20T14:39:57.828412,0,normal
eeb152f8-de3b-43e7-92b6-0966daeb2599,1061,User_425,User_405,2849927,598c12b38a7491fae452ecb68fbaf4ee204f2ee75b14c26390456a8e77375380,2027-02-01T06:57:49.828412,0,normal
76e3defa-5589-42a5-88c3-3ae7fe94f2c2,1030,User_246,User_14,2256208,29f07fefc976fa7b4f69e4f6ebd5fdf8885487c745e95b1a9af0f142ea4a0826,2027-07-21T05:25:51.828412,0,normal
1b3edc03-6aed-46eb-98f4-29818329cadd,2593,User_163,User_467,1170640,da87c337953af27b21e6f05be49e7edf0d0216b00a3e7d9ff517ed9df0d3c450,2027-01-11T08:33:09.828412,0,normal
597396bc-4e7f-4b3a-a151-d147cde5279d,1113,User_473,User_103,5398343,d7218345a2ebe5b2c31757fad241e166ca28f3f735131537e037502dcb0136d1,2026-08-26T14:13:18.828412,0,normal
2351148b-a21c-41c6-a3af-e3aa945db97e,2098,User_114,User_403,4469437,954b2a0c1dcea6223b17fcfded97a1eba23d1812388be80d04474bb5eeceaa76,2027-02-12T01:32:45.828412,0,normal
9c4c4db8-e1e4-40d3-a090-e2ac32d510b7,1003,User_485,User_290,3422406,2f40c5c13ab1cb95468d2638fe86d7fc09227a89dbcba0f74ba8f90b03c788c2,2026-09-15T02:23:27.828412,0,normal
e4a17368-c377-4fac-a064-4462051467a5,1317,User_480,User_40,3047762,bfa6bc44868050b83189f4de0f225ad3021522e083b75bdddddb54c51232a5b5,2027-04-24T14:51:03.828412,0,normal
28133c23-f620-465a-8dcd-8aa4a20f306b,2386,User_468,User_488,47439945,03f6ce5e0a0f0dd9524d8b9232c07e0dd24e56f7cfc034bdaf71c58053db2ebd,2026-10-10T07:31:11.828412,1,abnormal_price
4897911e-3bd8-4d73-9a38-5fcf42acc5cd,2860,User_49,User_214,1603611,c23ae0d0bd3e6f31922610accd8d563a5bd0edd2d770a56806378c2fb3741969,2027-01-02T06:40:16.828412,0,normal
5a45eda0-24a7-41ff-b531-f3ea749fee88,2858,User_71,User_146,820453,43758a95177ae130381117bc473fcc55a33cd434cbca45f2083d862cf9060cf1,2027-07-19T00:42:18.828412,0,normal
27a7aa34-97df-4230-af4a-a8e16bdeab1e,2518,User_357,User_393,1021759,e5db1f41fefd6a9c1a7c6c70454d669c3dc46b5da501e9c73e48c369fb65f816,2026-11-27T02:54:11.828412,0,normal
6e3186e9-7462-4062-b0b6-1efc40059f0a,1021,User_107,User_496,1180340,5bac86985b595c766cc8251abf767452c520badcf3dbd212485825337953fe5d,2027-02-23T16:46:15.828412,0,normal
1a34c6e9-ad8d-407f-8442-4937c58f6e2f,2297,User_299,User_351,2977619,bd706e2f553cee9e4cf61471285208db79c85955d61f39a1ab1f5c0f1b5dd7a3,2027-06-22T08:55:44.828412,0,normal
12faf792-a6ab-4965-bc89-d2f2d9a7fe26,2173,User_262,User_394,3347802,36790fbd4c052c6cfbbe3c916df0b5158f9052764036e287c9d3c0ea6b431c37,2026-09-06T21:48:09.828412,0,normal
dcf93806-d33d-4f2f-a75a-e0f528c18ca1,1695,User_453,User_193,802356,e4946f1e2f0d5cfd2a3436a68d4faddb0740844bee1a7e1503830c6c17fa0c7c,2027-01-16T05:33:21.828412,0,normal
d3ae3f77-7a3e-4e53-a21b-733cb41769a2,1052,User_400,User_324,515495,d12aabcc57c907e1b88d75b1ae69e811bb8111301ea8305df4b9d424f25bfb8e,2027-05-21T15:43:15.828412,0,normal
ae1ee072-3091-47b2-962d-a8f68592b625,2178,User_172,User_232,477042,29b28eea402a221827d13987e2e049106039981d3871bbd3ce345f9fcaf4d222,2027-04-19T22:06:30.828412,0,normal
49ad4700-b0f7-4eee-b3c9-73819bc9ad75,2854,User_432,User_210,2933666,a719cfcf2ed0aefde399656a90cf90c9d2449e54ec98f5f9bcb0f5403b92ce91,2027-01-09T09:51:11.828412,0,normal
38f42c7d-9e7a-4a63-bb02-8fba2d8027ce,2321,User_306,User_359,2436124,de0420666f7a24e4b2021c7b6f81f50951bfaf7a7fb5961ae2992314f1b788f7,2027-06-06T17:13:06.828412,0,normal
c6bf621c-adfc-4193-af3d-262219005f57,1856,User_223,User_133,19381883,ed206b6d291c353301f665ff5eacfbf982d265528b6a5fb5b5ca0c62f54f3bd1,2027-02-23T19:51:52.828412,1,abnormal_price
63429546-726f-460c-8c5a-fbc86fd708dd,1849,User_410,User_467,1564971,17ea9387859f89458b9f31f144432baa2f114cb835b6cb45542e24a4a3a13d98,2026-11-17T22:59:40.828412,0,normal
bce10952-dc80-4e1a-aecc-1915eafc436d,1383,User_93,User_473,3671147,74186d073f36fb51e1a98c6f0ee6a38966a5cfab3e01a07788cf70cf789bb6ae,2027-04-12T10:11:31.828412,0,normal
fd3862ae-1818-46dc-803c-7c7b5b014f0a,1872,User_426,User_168,14690641,84effef13eb88ffa8e7cf407e567be0a3e3c773c00c71855d65a61c7c6c60c00,2027-05-12T16:52:19.828412,1,abnormal_price
3a232dfa-c6d6-4d04-b169-22bf40552f21,2954,User_62,User_245,1802355,4daa7fa853989ed7b8dd53cb3921e79f962f9f3c67802828734366eb07607b7e,2027-04-10T05:14:38.828412,0,normal
7ab5efae-b9fd-4a48-b5a0-6e0544d061e9,1597,User_36,User_478,4629140,6a4adc56d276da85226c8863714c3815fcedb7b3f31dac56347b304474a4b8fd,2026-10-14T11:42:44.828412,1,duplicate_land
8013714d-aeaa-4ccc-aeac-55bc839c5127,1420,User_244,User_41,379667,4c9463c324a7161d31bab51d7d75d50bc201b7e8c80563f9a17281bdfcfdc230,2026-09-19T16:12:56.828412,1,abnormal_price
fe39406e-7beb-442b-9c3b-6ecb9e769e60,1032,User_404,User_261,5251070,c8137556d70cf7689512333db28c0076eefb76d5dc46c5155aa172d039a71081,2026-09-18T13:16:49.828412,0,normal
f4bedaff-8af5-46f4-a9ea-ca1ff2b9d225,1208,User_447,User_369,2118728,5dd37eab8574a0a8625b7ed6905c6d6caf251d373c1bed8e120e7d62f55f0cea,2027-03-14T12:55:22.828412,0,normal
f8d0f907-9aa4-46da-880d-938769027009,2280,User_208,User_485,1329941,5944473d94d8b08f60d5cf047f654d1603b68b67e087df22a0dc6daebfc20750,2027-02-05T08:20:12.828412,0,normal
ff66d099-6615-4ccb-9cfd-a0a9444571d3,1704,User_105,User_353,2288381,6ef23698fb48a3f1ad3317dff2ca46192bc497bf7e3ad2e0a6fc7e5b9b7be81a,2027-05-26T17:38:39.828412,0,normal
9c5e74fb-4307-47eb-910a-41f601cdd05b,1675,User_432,User_175,1462134,ebc15b3a1da38e3c6ddccaacad4a2c81407688fcd14871bc2f754c4daa1cd2f2,2026-12-17T08:53:46.828412,0,normal
412cd1f0-de6e-4408-ab9b-f13d77afa00b,2995,User_362,User_115,4934284,99012f0f533db614045cc5e5547893e386bc89aa7aa6503c360922ef54630f83,2026-10-23T18:41:29.828412,1,duplicate_land
b03f137b-1585-4610-8c04-68a8aefb8c66,1953,User_386,User_422,3867338,8b8b1b23752a6870a35778c7a3283c77fb74b466f49349461220c3e8a4177cb7,2026-10-21T00:50:13.828412,0,normal
1d072538-089c-4802-b435-54e8af4251d7,2623,User_402,User_405,1452464,8ba9d06b402ebe2fcd704fe39647b16e2cebb87691140019deece1e04ee15e6f,2027-07-17T23:02:31.828412,0,normal
d8661c4a-240d-4df8-8069-736d648ee221,2026,User_92,User_66,1887946,9a96f057648eb75f4b587f279b79d2764d06283272d7331045d40528457e02fe,2027-03-24T03:48:56.828412,0,normal
4ade815f-2c27-4a21-827c-09aae26eadae,2042,User_238,User_173,2940296,85b957fe8c5b6f127b53bdea7b48c46b531f53230e955a1301439179fa5e1795,2027-05-14T04:22:09.828412,0,normal
f45fc628-b651-4413-8217-80926545e6c9,2093,User_352,User_425,3477763,88d31ae55a4a3e8f84ce4a0acc3afeecbfad218b3f10520bdfcdf9d6736ccaaa,2027-04-14T04:44:40.828412,0,normal
61078560-33c6-4b4b-a58c-f94078df7768,2434,User_55,User_15,3061404,1803ab3152e9271b5d4611741a5c4de4ab66a3f8d5c941235cc8fca2c120f5e5,2026-10-01T14:04:16.828412,0,normal
24a6fbeb-dfca-4187-8f55-074d4480c2db,1208,User_369,User_302,2072600,5dd37eab8574a0a8625b7ed6905c6d6caf251d373c1bed8e120e7d62f55f0cea,2027-02-05T20:05:35.828412,0,normal
ddbab34c-9295-4c0c-94c0-a36298169dfc,2161,User_408,User_259,2999720,2ae72db9c86a93d3a1ad94f14d925f37c38befe5c04081c0b6ec942ab7973c18,2027-06-17T03:03:33.828412,0,normal
3e04ed95-76e3-4ec4-bf9b-687add82060e,2298,User_373,User_137,654571,c68d178008c93168bdc46c283d87623cb8aa80868e86941ec2540b6fbbd1a726,2027-08-07T07:09:26.828412,1,abnormal_price
6b6ae3da-6cd5-4e36-b4d8-5645984dcc0d,2907,User_114,User_102,3357083,202b0ee3bde1f73206555a6b5fc39410188e13d5b1db1fbe3c1740167ed7472f,2026-10-11T18:06:11.828412,1,duplicate_document
3140965a-ab6b-4eba-abbb-be61eb996d6c,2507,User_382,User_381,6711355,7a0f5f87ace46536360f677d9daafbc7c95646bef95cfe0566bac814273d4601,2026-11-13T06:42:49.828412,1,abnormal_price
39594dbf-ecf0-44db-b905-2ba22028c8bb,2815,User_159,User_280,3232010,c96eef99ff82f4673d6c5e90bf4f9e4b4cc74d1ed3ed04f7d0e6110f9cf3eb58,2027-06-12T05:41:36.828412,1,abnormal_price
a8947ef2-ae48-4a3b-97b0-ae4d27a2156c,2430,User_278,User_172,1447476,e3a1ea4dbbcfcae11dfff72ea3eeae1ea3ffc5379890a7a98376f6cdf1cc7565,2027-07-24T00:58:51.828412,0,normal
440bb9b8-e0ff-4297-a7e3-15b2a055d2cf,1469,User_456,User_173,2483264,bb3cb7d6ffc3a919acb36c61fe8b74735771e3d9d98a6f4daf7a6d6b1c8a3d92,2027-07-23T15:31:25.828412,0,normal
079aa2af-ede8-4229-ac14-12ff83cfd0fb,1928,User_280,User_477,396960,622e1e37d325001df450dd8f31a1c682eacc2bbb25ba68da3f3854336f23668a,2027-04-13T11:31:24.828412,1,duplicate_land
18a18e84-967d-42bf-ace9-b1f43f5934bf,1110,User_235,User_197,3217192,868e86c2219b1fe3d9995381c19b919f11ee14c820d660e5684db7db513bbd31,2026-08-17T01:58:50.828412,0,normal
31c8be90-83ba-48d3-a80c-ab87cfeb5c30,2495,User_188,User_378,1390643,00743fdb7c956f5f76c4b91360d70af7181a718371bc47ef56d736c6338dd36f,2027-04-04T14:54:41.828412,0,normal
ad97c61a-edd5-474c-bebf-3c91466836d6,2298,User_373,User_80,6288717,c68d178008c93168bdc46c283d87623cb8aa80868e86941ec2540b6fbbd1a726,2027-08-05T04:56:50.828412,0,normal
a5d51a22-8b9a-43db-b4b5-f7c9548a1f25,2218,User_405,User_318,18696002,84639512f5e740496c60fdd6a6d030b10bc390a1c99ab7d9665afba2dbee1dec,2027-06-28T11:15:05.828412,1,abnormal_price
609aa3cc-3e9a-49ef-9f51-75f2afcd0e78,2538,User_272,User_466,2883365,4c7e3334840ea21a170e751a8b508ce42c14a00fdbb2429fad63af1514e71c0a,2027-07-22T13:11:37.828412,0,normal
8e48f4a1-f02c-48ae-b00a-babeab7136f8,2166,User_149,User_264,4143446,c07a7f3d58360cbaac71c6f071099d8528f03deccea746b5da7c4f43f00268ad,2027-07-18T11:35:12.828412,0,normal
5eac3684-7f7f-4787-9c09-57acd8c668ff,1474,User_205,User_154,2420487,8d82554f6f273a29a5d4c90b80a792055e3b7a113925834b0bb5a444df9e7a19,2027-01-03T02:04:20.828412,1,duplicate_land
64c3da33-2a1e-4a19-853d-734ae7fe0f88,1726,User_116,User_182,2060396,281e711f1eee85f358ded74de4c90c796b30a0f2bcfb5799f55ab6322b5c57c1,2026-11-16T09:12:03.828412,0,normal
c7c01f3f-f5ad-42cb-a75d-52ad205d0fa8,1391,User_223,User_28,4811318,83abdbe3ba9d5da89bb50b6d621ee31f96297d2b7f5b9ca8c066d0bced1e2d81,2026-12-17T05:31:38.828412,0,normal
81b91cc5-bcf8-4cf0-82ed-34a63dda2542,1679,User_498,User_80,1501323,18bf114db47f3f53f2075ade6a9bf45bf67dd736dc0f7e1ce48f0b29c4008ba6,2027-05-15T05:15:29.828412,0,normal
1ea40ad7-87ec-4d3e-818b-ed7bcf4a96a8,1184,User_486,User_357,2112530,e575931525540d13e355539f85b5f23f5c4356117011b27eb0340fc56ee635c1,2027-08-07T14:55:44.828412,0,normal
0b354568-0175-4107-baf8-9002217396ee,1911,User_408,User_300,4183423,2e1da7d6e1656df517b8c2bb1115a18f76455a6e2faf5b19d4fdd9ed66e0be34,2026-08-26T10:12:22.828412,0,normal
bfc6d27b-cd50-49f5-8c92-46e548f9cf02,1154,User_345,User_294,3422026,a6d2cc7122ff0c72a61536590ab6086a9df02fe242b5e40896f9d6c6699b4cd2,2027-01-08T08:04:29.828412,1,duplicate_land
53e7b188-bf9a-4456-87b2-6b64c7efb9c0,1619,User_401,User_277,3006270,584ac831313f6ea15ee62166411bcd272b01ce7c2a20d4dcf7951dfcd0b864b6,2027-05-24T01:05:04.828412,0,normal
c6de0369-24bd-4665-b13e-905b903e668c,1523,User_493,User_367,1512375,e7daafbc4dff91b4bef053a984965c50d3a6bb8bb0be1787e9305cdf461b7bea,2027-04-23T00:59:43.828412,0,normal
3127443c-4340-400a-a255-e77e49a6ecf7,1877,User_213,User_427,192607,7528f44c8211ff2acc37f067d10843ca8e3ea328a8bc10dd41a5fdc3920ab354,2026-11-17T16:39:47.828412,1,abnormal_price
2fe046b8-910e-4812-abd4-8655c7dd619e,1863,User_203,User_86,5022925,81336ac6eb4001fa54e8b82e0d93090b3f8baea0e1084d861626006f78d437d8,2026-09-30T07:40:31.828412,1,abnormal_price
cc6f21dc-eaac-45cf-a633-d8e6f455f6dc,2857,User_310,User_5,1714297,c65b891c414017fd25a20104e853df36c30c7c32884a74dc24575a48bc4cd02e,2027-04-12T05:19:20.828412,0,normal
31f14e2a-efe1-4269-9d59-f7d1527e950e,2274,User_58,User_484,1935623,dcb1d5f9f5c2db6e8623310e9c9d2cb21bf3431c6692902105891ca0f3ddfc56,2027-05-14T17:05:44.828412,0,normal
4c64a700-cd2b-4e4e-8153-2aa0b3235ee0,2976,User_475,User_298,3581104,9b419f41e081ac1649ea04a2f91ed6306d0d78a6bb578fc36359bbee7d7fe899,2026-11-06T21:17:27.828412,0,normal
600f3243-dc78-4f70-8d59-a80e3102958e,1988,User_277,User_251,3077322,adee973882678ee28e72045b5ca2b35247c79f57e3b1e791e11c6488084c303e,2026-11-08T23:22:58.828412,0,normal
35d1e484-db94-418f-bb1b-83502cc90249,1004,User_456,User_415,1125566,6eee4247eb58954e1660f384b1e66f321367ad64639761fbc2bcac7c8d625d3c,2027-01-22T01:51:37.828412,0,normal
2886c84f-6fa2-4237-a07a-ab44102fe0bd,1278,User_319,User_205,461901,256fbd5d200d81188105890b754d8bc7e5492a803aa1a3adaa60cecd21f3fe16,2026-08-19T02:01:26.828412,1,duplicate_document
4a1d9731-4f35-453e-832d-47a47fe66532,1568,User_8,User_20,3320863,43c9182d36dec12c0d8a2eb6bbb8a47ac235280c8a5109d5c391b1d25b91a996,2027-01-07T08:21:20.828412,0,normal
360d82b5-f338-42a0-835a-df92ddc2310b,1604,User_281,User_131,3997952,2bf811599c26dab0920b32fa1bd392eec5d58142066b40e6ff33fe0b4ec006d7,2026-11-14T14:31:23.828412,0,normal
57e0b909-6d41-42f4-a54c-ecdef89adf83,1452,User_167,User_60,4884209,d99ffdafa423c31acbb0831fb72843f16861ebed8e2de477ce72a2a3ce58a1a3,2027-03-05T09:54:27.828412,0,normal
39497743-fda3-4ee3-b1ef-e9c723fa231e,2690,User_215,User_36,1953273,9a51fb246f642f1aa9f5ec90c066452ea06513670cfea352e96aec5dc99f2fe0,2027-04-07T09:23:45.828412,0,normal
1d75999a-9154-49bf-8521-ba8d22c907db,2558,User_181,User_70,2229127,988d67a99a130d3c4a0503e544ce0855c7f8af6c5d5d75ec2480c12706bca560,2026-12-13T19:25:08.828412,0,normal
d82c3226-3533-44f9-a6cb-d7fab92643fb,1290,User_368,User_428,4837710,78776ef83c2f4d93051dd56b2c63ec31ea8204bef7facdd49c4880335f12a91b,2027-05-28T11:56:14.828412,1,duplicate_document
5074745d-b591-4bf8-808c-4edec00070a3,1758,User_28,User_353,1849747,8080e5b6110dd7425dd3f712fe5297adeb286a0a741f3dabbdf4d3068b99fabc,2027-08-07T09:12:35.828412,0,normal
abd7ccdb-55cd-43b9-ac28-90630e74fa99,2638,User_94,User_130,1302713,8f7f24a3ab0a78f82131e15e0cde5dcc13e3edcc0fd7b6389f2ff6e1a17c5839,2027-05-16T19:50:43.828412,0,normal
a70bd959-1092-4f89-9dc1-a834e0d0752e,2238,User_15,User_322,3960825,ff539496459a050499ea7a34aabfcb5d168fc459dba233ab6433133af32e3224,2027-03-19T12:20:06.828412,0,normal
8391aa03-2195-4e9b-acc3-ba8efa1071f3,1897,User_466,User_191,747121,df88fd634ac174f52a4b193c9a9519cfaf589131f117d863ce75fce6c7116944,2027-03-11T10:50:33.828412,0,normal
7cb8be5b-b80d-4c44-a840-03ee557c9c4e,2877,User_217,User_307,80340,4f729a8fabe3b39d225d6ae5b188acca1b8798c36eb27815d4d22542d029cb2e,2027-06-26T20:57:44.828412,1,abnormal_price
3174f41e-8364-48f3-870c-48917cbc931a,2469,User_42,User_225,2871150,c27e4ba83452afd055488b384bb626795b2ba64069e14b0c1850f166f23e6ba7,2027-03-02T04:47:08.828412,0,normal
406d507c-d3d5-4cbe-b732-72d2a1f96189,1202,User_168,User_231,2580646,fe431a98b6ed5e8a95f063f8fbb3fe33c4eaa90e6a3eb7276c0c93b12d52bf5e,2026-08-17T09:32:39.828412,0,normal
6efc1693-1a82-4f7a-8221-6c8d2be55dbc,2030,User_165,User_63,2846704,7a5603eb2d0c750f367aa4ca28ea3b2d1bb894c1a2f30067b95370c75f6543a9,2027-03-14T23:35:53.828412,0,normal
0cd4809b-911a-4092-a3bc-c7c232697b84,1465,User_76,User_143,4079402,5842502a3d5bc749cdedd595bf5aefbccf43d3ee7e0c88fdf80a9e3cb6182569,2027-01-24T20:41:45.828412,0,normal
73de7f62-1812-417c-bb1a-0b74dadf38d3,1300,User_158,User_235,3860913,d4bba4f7bb8f6ca7c0d9f6a65e1084665c8631a4a191de680c3bc06acacc6c21,2027-01-02T08:57:29.828412,0,normal
d64fc682-cbd9-4f16-a8a9-b83afb428487,1873,User_257,User_479,2756850,163e373c163fdaea18a8c18ec42c066ae8bc65016fca6c2d24f8515a50c6c091,2027-05-11T19:07:08.828412,0,normal
3d382fd3-1fa3-4d3f-ab47-1ea33e838a11,2746,User_262,User_325,4136962,7633cc539c5f34f2bf52f538a957fd7f1f2996724378b03ac485f14a6596199d,2027-05-06T21:22:03.828412,0,normal
a3772fd5-1e6c-4cab-b0dd-b209ccaa8d23,2660,User_379,User_282,1476132,842a1838f01fad0c3688c0b37a15cd78a8f43e83d2297485c6db03e68e34f2f5,2027-06-02T18:58:10.828412,0,normal
dfed1ee3-5b3a-49fe-941a-88d852c54d46,1660,User_311,User_244,3559258,9fd54a81849ab90ee6c81f8a62b1d6071ba5d57f6bb1b4421317f01a48915bfa,2026-09-24T09:56:59.828412,1,duplicate_land
20b121d1-b127-458b-9db8-45c2b4eac160,2213,User_408,User_146,1716362,38ef0582a5f0627fac0700627abf921e82edc41eef09f2b0b3c02149291b01b5,2026-12-05T05:55:41.828412,0,normal
8a90bebd-9994-4579-93f9-da3d27c227d4,1364,User_377,User_93,957386,64c3cb994a33b6f5946b5eb7130b3352fb6b2e8c60812cf469cb5bc70405eee7,2027-06-16T05:47:54.828412,0,normal
4911c585-615a-4098-b1fc-501e8f512d78,1317,User_40,User_270,2873500,bfa6bc44868050b83189f4de0f225ad3021522e083b75bdddddb54c51232a5b5,2027-08-10T18:55:25.828412,0,normal
c136f7ed-4cb2-4677-94b4-1403e7b9c34d,1999,User_456,User_494,2774025,9a6d865948e515d6de5bf9212ab83c1302bd81ec4b90ada0b83e9e745c262619,2027-05-26T13:18:10.828412,0,normal
d4554013-3b5e-407f-ac35-d2e76ec0306c,1326,User_245,User_362,1489520,87d1eacf73a7a167f2269ef2bc39379fb2adf1c3492537c9d9c822b567a26729,2027-04-19T08:22:13.828412,0,normal
c3113bfd-1c82-426e-8a0d-313a395b8281,2810,User_22,User_438,1019960,f4948d3c63ec92a96e94225dc073e0874996759b08cc08f3a212b0f798c47ad6,2027-02-14T23:44:38.828412,0,normal
c27e394f-6278-4c0b-b9f1-4217d11731da,2315,User_175,User_9,1265338,cea4e87f491fe53f4beb7e55c2a3a7f305c18a7f0139178fc99709b6827f81d8,2026-09-20T07:35:27.828412,0,normal
82701088-308e-4ca1-8c78-d22a5dfe6eaf,2448,User_287,User_187,3916968,d067c0fef653b7288a4532a99ff238063f2101a8722d6a72e26f3c4caee8ff48,2027-05-21T04:13:53.828412,0,normal
a0dd313e-9850-4fd6-ab1b-97976355d555,2955,User_175,User_334,257824,aa04c73517d204b2f2750e220aab6a2ed3736ac7c58fc8292e015596124558b1,2026-11-16T11:53:58.828412,0,normal
5b30af4f-5543-4c70-bb20-ef06ddf4fd92,2255,User_79,User_214,406930,7307cfab6a6642a3a1c5717f35f22763aabd160f67823ad1ecaa81b31563920f,2026-12-29T21:01:58.828412,0,normal
57746855-716c-4310-a6e7-0a594635331e,2402,User_184,User_41,3249435,a4b1faf7ba2fdd50ad0ecc7735b9ce92b56c90e5b034acc65e0c936573a5aac8,2027-07-04T14:54:31.828412,0,normal
65ed9a30-48ae-4ac6-9118-7dbf50af938e,1666,User_288,User_466,1821062,ed04ae35a59a04cfd31eb12cbbb4c74e72497ed443cd077fc4ae5a733f18858c,2026-10-04T17:51:31.828412,1,duplicate_document
2879e039-808d-44f3-b680-9cd7cb15a3f6,2422,User_288,User_64,3483676,d4446341682a6771773f035648c308ce18abed3e7e03234ff0610d82ed19eaa2,2027-06-25T12:19:19.828412,0,normal
be26f073-c1a2-4e32-ac08-a28e29fc7bef,1737,User_431,User_103,1447832,b5cdbf63dbfa318afecf78b6346fc603a3ea9ba230b4e4f52afc3537ad1b51a6,2027-04-01T01:41:59.828412,0,normal
5644ea18-34fa-480b-8d68-628a9b8445a2,1886,User_408,User_279,2188086,62b2f0383d801740604241627e3631fef771f58ab0922dc0240c14649729aac0,2027-01-15T00:00:59.828412,0,normal
cccaf9f1-6382-4c7c-938d-1ff0d33b0635,1741,User_493,User_91,3399586,a998ed2176ae4899bdb13372a5b58d4b21f259bf7c744f8a8d3256c5a48ea8b9,2027-02-20T17:25:53.828412,0,normal
3b58fc42-74b1-416e-a148-8893bdc575c9,1561,User_386,User_173,1027810,049a45107249cd3478b5414462ce52066fc55a68f98731c545ae49ab010939a6,2026-11-15T22:55:13.828412,0,normal
2a7dcec8-ef5e-46fd-9ac4-71604a8c1f5b,2321,User_359,User_483,2887398,de0420666f7a24e4b2021c7b6f81f50951bfaf7a7fb5961ae2992314f1b788f7,2027-05-17T23:53:07.828412,0,normal
17412022-4b66-4b70-9506-c5aac748d80a,2808,User_229,User_424,4745884,b51aa706fae6108948b28f46ff169355fe17552a004ddd02553e3b4cfe785a7f,2027-02-12T01:39:04.828412,0,normal
a781ac8f-2871-4447-82b0-348f46b10dbb,1288,User_164,User_259,4261763,12a67d23fb605bfa759d8f2a25841dde3f4f144eebb2302922386d097ac51713,2027-01-20T04:26:04.828412,0,normal
eae26491-0679-4b9b-b3e9-7d6f8d96a21d,2868,User_144,User_137,2979445,ad1858ea0a440738ea8971d926a788e35fe5fdc2c92c2bfa4fcf998ad5463f4c,2026-09-11T20:54:28.828412,1,duplicate_document
6fb13d50-c2f8-48fa-89a2-046fa0cc788b,1173,User_266,User_34,2589058,b957fbb28c5ff04cf7145a7cec04a4f5da1b7197773600f15ddb7052b0bb8436,2026-08-23T20:10:39.828412,0,normal
56ea8f82-3afa-414c-909d-220c5ceca4b2,1179,User_232,User_92,838781,53717e9250704447f1cd9fd91d3222af58b0acac41bf81ba4c776498690b0960,2027-01-29T17:36:29.828412,0,normal
51cb7ea0-f3bf-4854-86d5-f7d08082cfed,1485,User_268,User_110,2313832,35fcf1985b04edc01d0d65b2327a2c0b3b3cc4362aff0728f6487ba88a93edeb,2027-06-24T05:45:44.828412,0,normal
f8542e5f-3d85-4ace-bfb9-82a080927019,1819,User_273,User_88,1968134,9190867dc91a2b32c5a1e195e4db63dda761a7e45fc6b0de9e26b1f7afda3c37,2026-08-17T08:24:24.828412,0,normal
c410e52e-4768-4b1f-8651-8eb099a08d23,1532,User_380,User_195,2715966,7e4ad24db9499d45f7269f520afb68396af1b317732e0f3827a04d95c93e9e2c,2027-02-26T13:29:42.828412,0,normal
2c1426da-513a-41d9-baba-7478d26e3dae,2505,User_109,User_193,1058694,98a297be85e2253b04c270de3b1f8a9cdb7d367ff9215a1a280481564898dc07,2027-05-20T02:01:19.828412,1,abnormal_price
1b725212-95ac-40d0-ad62-13d47f39a719,1203,User_70,User_447,1338129,52714f1d07c2f06be9295c6f3084919375b68c2024554d928acaaa19c650ccbe,2026-09-20T08:09:28.828412,0,normal
2b30163d-a05b-42f1-9000-bcf110eb1451,2033,User_44,User_151,2546880,6d1921457119d22ed888f82737302b44b5ab5e3ff35c1299a98c66cfda8f0d35,2026-11-15T12:51:56.828412,0,normal
736a4451-e744-4484-8561-0d2060dd439a,1025,User_64,User_7,1708588,4a603a73eb5fc714351b74ee0329354d7362579ca1ce588fc3cf94c67e496ddd,2027-03-23T22:12:48.828412,0,normal
cfff50b9-cf07-47ba-8420-10d173ac37c9,1133,User_35,User_349,5021001,bd929effebdbce3cdc5f5ed14d441b1cbfd509ce4fc599d320e5e22726e143c8,2027-02-03T10:20:22.828412,0,normal
502a109d-32db-4582-84cc-9229f21c2017,1568,User_20,User_18,3598893,43c9182d36dec12c0d8a2eb6bbb8a47ac235280c8a5109d5c391b1d25b91a996,2026-12-16T18:37:08.828412,0,normal
178a6b29-a394-4021-9aa8-b5dde4e6a00d,1312,User_119,User_207,2123225,deae21996a68f1b6c63842d84aa95f3a79b2d03cf8fc9c4c92f18ef6a5bdc2fc,2026-10-23T20:30:25.828412,0,normal
87a0c387-3162-4fa9-ba8f-54eb61420b8d,1203,User_447,User_66,1414607,52714f1d07c2f06be9295c6f3084919375b68c2024554d928acaaa19c650ccbe,2027-07-27T11:37:25.828412,0,normal
11c7adca-0539-458a-af43-b17e4522b18e,1409,User_432,User_301,3144889,b313db85439043ad9a8008da1582e0521af72fff05b2039519891423801a993e,2027-05-17T21:29:38.828412,0,normal
2d7881ce-2466-46b3-8a8d-17f0b73a2011,1293,User_471,User_212,2961981,cfc16d5454e14e8378610bcd20cb958cf4619384e9734b7f08c67d2d826116a8,2027-04-02T02:12:02.828412,1,duplicate_land
3dff2b29-b143-4890-b3a2-f36ada1d2c5f,2323,User_18,User_143,977832,dcf120c3532a0d48fadfa0b4971e932dde67f84249878e7c2e52bce8a30ee467,2027-03-28T13:58:27.828412,1,abnormal_price
010b0b75-487b-4380-88a3-5969a5aaf2d2,1973,User_110,User_434,2408377,10e4ce921c7500f71a92f35e7ef4055e664a38a45d6ffa7a644dd3fa6aaa68ea,2026-12-13T06:46:36.828412,0,normal
f3cd6624-68f6-4c58-b178-772e517599ef,2231,User_449,User_288,1053917,10fd86d26206a1f323322d1c0cde12ca924e5ba137fb4f5b7be96085d5853d3a,2027-04-26T22:09:31.828412,0,normal
abd99cb2-c15d-4fde-8475-dc32d3bf956d,1854,User_335,User_384,857787,20479181beffc9a11d5a11dc0f5b30f799691662ff14713a2c26fbae6ea3beec,2026-10-20T20:36:21.828412,0,normal
b22e60f9-99bc-40df-b17b-840c36fc6555,2331,User_499,User_463,361366,b7fad1e87d2a8644406e3c3558adb3e425498f2f7d5b8448f4cf73277619011c,2027-01-08T22:03:25.828412,0,normal
774e3bbc-a1d7-4a7a-b9b3-2000d7d8193d,1812,User_13,User_141,3702065,10839d44923a63b7fbebf4da0b803aed347d46daa3a8d7d4d5894e76e8fc985e,2026-11-19T20:18:17.828412,0,normal
ca845e87-be52-40ac-9e2f-b6fc7c877bf1,2475,User_41,User_249,2399166,f8b1a09629952cea30171252291d6e2922f52b7924aa190f7ad0e0811cda2a04,2027-04-14T14:19:49.828412,1,duplicate_document
bf85dc3b-dadd-4192-900c-bee61168860a,2440,User_243,User_84,3188072,23a87df3146a18b1ff4cbf43746e4bb2bec9086979690869f07f403f74f87fdf,2027-03-10T04:45:12.828412,0,normal
308e5a98-05b3-4cd6-979f-59ce4942dcd1,1672,User_225,User_130,3944430,6e8622facab9e8dfdb2b8428a1e0dc3e08803c3d6e26028b4ca5db92e39a86d4,2027-08-10T14:15:12.828412,0,normal
438c6b3e-74fa-44d5-a15a-30dd95942b4e,2568,User_93,User_30,3903422,201b328dba791ccee18aa33cb917a06b9331ac100fe5d5156dc00d7cff25208a,2027-03-15T17:31:44.828412,1,duplicate_land
3657c6ab-2bdc-4f79-b50f-8a99a8a5a900,1153,User_477,User_228,1397564,841ef4febca69d8595e82883669b18bd72342b53e2a0f911a39e404146dbaac3,2026-09-10T04:51:56.828412,0,normal
ac03c230-aaff-4623-b35f-6b09980e4554,1960,User_7,User_197,10493974,d360f3e5f40cc20ecadb4d29063df1d754eb7946eced2b217c47ada1f89b89a9,2027-04-06T01:14:24.828412,1,abnormal_price
465a5c91-c985-43e4-8858-14b49bd09445,1813,User_369,User_242,4663532,9e93b01e4f67702dd9ee59e0db06ff56ace42cdeb98fbeb93ad8bd6261f08eef,2027-05-05T22:04:56.828412,0,normal
e8593024-de15-47d8-b4d3-4d0477e7e72d,2653,User_181,User_128,1222390,465114edf5cdb6da3daacc392a4e77e4bf46a768e8b317fe4f1b83bc8a4fe5e8,2026-12-19T14:13:01.828412,0,normal
04ca5d5d-5c1f-4605-aee9-cb8aaf7937dc,1422,User_406,User_169,1461767,5cc6bfb122db509b54a699e5e01ec24fba4595a456eefa1038c2ad4a9b937c2f,2027-06-28T15:54:49.828412,0,normal
82a3f9c1-939a-498b-906b-6117efefb053,1734,User_239,User_49,2712331,a321d53add493603e403d9107609aa467b9b514828233b948589459bb7ed8f50,2027-07-19T14:30:20.828412,1,duplicate_document
86df2ff4-3592-4a28-adbb-2819dcd1d891,2277,User_356,User_265,1957113,093f45a4c606f59363bcce2160a8981f3e6a8924d9e841afba5c6b8e6ff86119,2026-10-26T19:03:57.828412,0,normal
906f9a0b-d561-4608-a726-3b23856a0bc4,2364,User_475,User_121,1346734,a5b09e252c78051be0e0974dfd946061ae03c2b1cfcac6e45d959a7ca413029b,2027-06-06T01:32:49.828412,0,normal
d3461e7b-8aa3-465d-870d-6c5ab14cdce3,1303,User_365,User_332,2168643,3ce18d6fc21dc15f22726f7f18191fe8124a42bb76fd92c3d3812ced1334c1d8,2026-11-17T07:23:10.828412,0,normal
c08e3254-4375-43c7-9d6b-55cd644022f3,1904,User_353,User_73,1914474,f8c2e632f9c30be417d85c1bdf7f4769c07ff76270182947881e813449fc4568,2026-11-11T11:52:51.828412,1,duplicate_document
149b86d8-8fc7-46a9-b039-6e2ed7ee5c76,2325,User_84,User_234,2089357,6c6d000f57c400c8051848f14f925e69dd58aefbbcae530fc53b226f9b15904b,2027-03-27T22:55:06.828412,1,duplicate_land
89a83a53-6a5b-4096-8804-844abfe67c68,2790,User_298,User_168,1876994,1b6afce458cab683f1e637315efe9773708b641b9b4dd7f667499c2dfe57b548,2027-07-17T23:39:20.828412,0,normal
40f1ec83-c059-4d22-9935-7f2b0a7031e0,1812,User_141,User_322,3665609,10839d44923a63b7fbebf4da0b803aed347d46daa3a8d7d4d5894e76e8fc985e,2026-10-03T03:20:29.828412,0,normal
e5a3b9db-a35c-49b5-b1f8-ea0e083d0770,1884,User_86,User_255,771142,70aeeb7fde66f24511bd27619af860520d9fb1e0686aacfc64dcff880e44e07e,2027-06-01T11:41:21.828412,0,normal
257fc1db-7836-4f79-8dbc-e4c3c2cf59af,1498,User_243,User_421,2380123,8fad6bc47c8fbfc5ddb94b2eaa62d1e3ac92230d75e9b16e0f5da0e43903a9a3,2027-07-01T02:37:38.828412,0,normal
ed4a799e-01cb-4e83-bbf1-f6bcfe3d5f55,1700,User_385,User_225,300163,b3962d76452691982b3f9434aea3ee88036b772a5c0499b982c734aaa892d34e,2027-08-10T06:22:59.828412,0,normal
2466d4da-86ee-4fe9-92a7-afd4794ce584,2006,User_434,User_251,6480014,dd35725f4c6bbcbedc61060abdb5a80de29ff8903c486c3256804dced0232418,2027-08-04T07:41:55.828412,0,normal
c6c67daf-ab51-4561-b325-e9709ed57cbe,2079,User_199,User_89,2829498,57869b45a6859938cb62ff5c513d4aedf580e6f9cb6f25c60e7845e3c03ff369,2027-03-23T02:09:26.828412,0,normal
ee005a6b-0ca0-494c-b4fd-f524d0022490,1850,User_192,User_201,3703836,6d1d2747587015e3f5b09c7621fc9256a5817de4069061353d9f6f700e4e938c,2027-06-07T00:54:33.828412,0,normal
3bf9ae0d-8d45-490c-ad4a-4cb8c9cffeb8,2067,User_485,User_212,4822906,b107c7afea38bf66ddb8d9c41a9f0047c9d19255afb64a8788bcd974ff533450,2026-08-26T12:41:04.828412,1,duplicate_land
aff5faf2-f9e2-42f2-b081-3891edcb251b,1414,User_325,User_118,15687588,b2268b9a80ce50031169f7309ff8d35525bd2fe694623da6c12f8b34318efb02,2027-04-01T00:57:28.828412,1,abnormal_price
3c6fa393-f8f8-4bea-a78f-9dbcc1a6a7c6,2203,User_117,User_87,4601316,09da5763a286cffc99d981527448fc56e55405b115e2b2c4595a3bb164d4253e,2026-09-20T01:59:39.828412,0,normal
c9c4ea5e-5d2f-42c1-b110-c4f48cfd1079,2211,User_157,User_97,572621,cabbec83d8c01ecaa69823dbdd380939e5a5eba9c03920c0967a15d01a359e69,2027-01-13T07:42:22.828412,0,normal
458b4649-19bb-473d-ba09-5277764a02b0,1959,User_381,User_225,3776530,fc6404c94c351c84e8c8fd79b6a2b49381284da0391884dc35c7d1c2a128cbab,2026-10-08T23:50:26.828412,0,normal
441c3417-e32c-4d47-862f-099d8918d7b6,1020,User_325,User_182,2848982,f47aafb3743b8b6b0e2435ee13d13303a58848a181092b16e346868bd3d713c0,2027-04-22T23:08:56.828412,0,normal
4a26a68e-e9c9-4781-a445-2077ee2500d2,1887,User_460,User_23,1829343,04b0c218430087a1b5f1c8263b451e98df39f905d1e1c7ceb3e63f00db64d317,2027-06-22T23:55:57.828412,0,normal
7aa6f9cd-4a34-4db9-bb45-4ffa60c4098f,2196,User_106,User_396,2168728,071f532e296eb7a3366bbae8c5ba39dd1478af0822ef990e515cd7d91948bfd8,2027-01-05T11:15:45.828412,0,normal
b63ec864-34c4-4803-9a38-46d1f71732b5,1844,User_28,User_267,2400136,e9453c54eacf126ddaf57c571c000c8daf04ce251980dbcb16a2aaa8d2a451ac,2026-10-21T04:49:43.828412,0,normal
682dab8a-9b89-4ab8-acdd-b7bcf56f0e80,1279,User_398,User_310,3594133,f95181ab0ded8d02e5e4c75861f06c0cb6e011572960c704956018980b29776d,2027-04-10T07:45:42.828412,0,normal
0bf514ae-7b8b-4401-a46e-2db41d3b92e5,2942,User_269,User_274,3899371,0965ee4e813c5119ea8ea701ef0c4719dc655e7c259dd8b4e8e3c9317735e77d,2026-10-06T16:20:10.828412,0,normal
12967b62-f278-4cbc-8bd1-5fa335b48cb2,2501,User_475,User_25,556540,2a0c8c065f6e345fa82d6eb93dae452c0fb1349cbc790df94b8b6e2e8eaab450,2027-04-10T19:29:40.828412,0,normal
d04fbb71-f837-4870-a94e-abb0ec4a3899,1802,User_264,User_105,926336,ef56d1d58eee64be0628f90446094d5e8c1eb9ba2b98b9bbd7dc9add6684743f,2026-10-07T02:34:43.828412,0,normal
13ad8aac-2cb4-4f44-bde4-00cce210d189,2301,User_166,User_106,4602511,2578a5ff22a7cef6df78d7d819619bad8cf205f1a8528809d30c7022619a9917,2026-12-27T13:29:16.828412,0,normal
c38637c1-88d1-43bc-b68b-d72dc395a807,1156,User_473,User_68,2059634,62623cde9707635e5f701893528b5addf4f238013b6bd2a3d1809cce113037d5,2027-04-22T08:04:20.828412,0,normal
1138c27c-8235-4b67-9197-ddd8c488f62c,2485,User_206,User_152,4060278,f9dc4b24a3c45637e0d7d5e731b36f41f81f620e449d2cbd3724b7b695a48fcc,2027-03-16T11:47:15.828412,1,duplicate_document
6262277a-0d49-4db0-8ec4-b349b2ec8161,1238,User_423,User_498,6391871,b9a1a95ae9dd31e9e5110614f8b93f13355aaab3507d505a83a185b246c43c53,2027-01-09T02:48:54.828412,0,normal
4a68d42e-c2ac-4859-a499-9c93b72f3b2a,2500,User_36,User_333,1554815,54c52fb604c4d9b5060822c0e25705ae79ad3b3feead632d6a5e5d07589f36d7,2027-07-30T16:50:27.828412,0,normal
39c9ecf9-9ef1-48c5-a834-820eb2910018,1450,User_24,User_17,304781,2715286a42c208cb37bf1d4fc8e25b1bc192ad2a2d138b55c530933ff0d2172a,2027-05-07T20:32:59.828412,0,normal
b7fb4cd3-e4a8-4ba1-af5e-42fb9854a17c,2775,User_215,User_8,938033,01aaf38c2f04ed307b4b795b79b33d6f61872dae9bf9906907f98a5458b1d04f,2026-09-08T01:26:32.828412,0,normal
6a413808-b85f-4fd3-8896-1b5f9ea19a7d,1391,User_28,User_85,4809139,83abdbe3ba9d5da89bb50b6d621ee31f96297d2b7f5b9ca8c066d0bced1e2d81,2026-09-02T07:25:37.828412,0,normal
a9691f5c-08d8-4f6a-8c4b-3109abcdb63c,2832,User_231,User_352,2707924,f8ca00b886cf60a35c8e34b897b0b9821ea89e44b1e5aa006f8e5f3fd57bc7e1,2026-10-24T09:19:49.828412,0,normal
d36fa125-1ca1-4253-8b3b-b84c91d08663,1915,User_113,User_282,590083,4dcc3d528afc5623a88ec28de87440ce03ac722a27210651013203de74c9f1df,2027-06-14T09:51:14.828412,0,normal
8ea98a92-c8c2-4496-8c25-e71092aaedbd,1162,User_497,User_4,2745342,98efabd4836a33138c935f390ddbed533c655dd5fd1dc9584fcb6fb3e65a8bea,2027-02-23T04:42:57.828412,0,normal
60d432e4-31fd-4249-80ea-47992c08e6b1,1472,User_31,User_59,4114231,e102f24c38d85b316ca1d0164464588a9bd6235efee7546d5d8a56e0af909ebf,2027-03-18T20:22:18.828412,0,normal
76c5d18c-3c3c-4926-bcc1-dd057fcb4419,2577,User_91,User_131,4900502,b038191896c782408c694ff6c124b240b17e882a157c168c5d22b18e500c3e46,2027-07-12T19:40:47.828412,0,normal
1b4600d6-1213-4929-b270-e6e45f24cf43,2379,User_412,User_352,1683006,5380cb1598288525939e5bf78f04d1e7649316d38e8b93419338d0b6dcd84603,2027-04-28T06:25:48.828412,0,normal
a70b2b3d-9f99-4a26-b1f7-bc4cb290134c,2093,User_371,User_334,2991903,484cc829c0cea8dd648551dd3f68c166bb9cef0518c1f2b23b0e3e2b2b62cd80,2027-02-09T07:16:05.828412,1,duplicate_land
2d59995a-4297-4f44-83c8-b6ca04dbcb3e,2609,User_327,User_488,3209042,858b95b47609513ce7a93b292542228bfd1469076eacc2cb5bef28aef904f47d,2027-07-25T01:56:34.828412,0,normal
9861b852-7ea4-4b55-8e73-cd12240bf058,1808,User_208,User_495,1830447,f2b95e20b5160167ea08485431f79e15d0168c5dad1fda08c9b4fef1119681c6,2026-10-26T05:02:58.828412,0,normal
6b1df449-8ecd-4008-b1f6-18e1cc31c1ef,2043,User_460,User_230,1194541,e56264ee8f49c01b92a4def556dce70cd451b21204275b438e120f76a3652e1c,2027-06-16T14:49:13.828412,0,normal
a45fe775-f6a8-4565-b692-5fb5355c75a8,1193,User_196,User_460,1465368,8b365b90e36ee230a08626a85f0f8bd4cfb8be4281f6c2874c3997357b75e345,2026-11-21T04:23:01.828412,0,normal
d0770ec6-1755-4506-a4fc-bb2352135367,1198,User_286,User_289,4011706,69c8058714a9ca8cc715c4b8075860b6f852624760e4c32cb913f07450db0a73,2027-01-26T15:17:14.828412,0,normal
e0cf1c47-a9c5-43e1-9742-c1be502749bb,1774,User_28,User_370,1188794,503c066d1a94b8c71a6ead01f5b249c8bed1dd3e866668e34d69718a8ff52b13,2027-01-14T18:58:22.828412,1,duplicate_land
2da21c52-8d6c-42f5-beef-78419416d2b2,2058,User_43,User_289,2154240,f5d5843915d3ea8d8a40de72860ac46489a7547d720bc9d39e698ba64620070d,2026-11-26T16:07:27.828412,0,normal
0a1e73cc-b6b9-4e40-8198-5f931488d30a,2567,User_85,User_242,643114,558cd8fb6b6208546681908a046c40aece4bb938aeb4dbeed65989c932f2e811,2026-10-19T13:26:51.828412,0,normal
8c6f5cb0-f44f-478f-aaed-4d4640282307,2785,User_18,User_88,1088908,699e5e71983f2eb53bdb8e9e91c7f0bdcb6a028816ae09430e0eb70abeb0acca,2026-12-04T15:33:26.828412,0,normal
97453dba-6354-4183-a47f-97b1e20e7216,2646,User_500,User_249,200599,52cb0c18e22d98547696a4c387592c79a631442955df6c875de526f6c7998676,2027-08-03T03:54:35.828412,1,abnormal_price
7fb34ae0-3b48-428c-81a2-2942fea143e1,2451,User_477,User_4,4549470,2b943f9b441a2c9f325bb63161259a75b36ff7e658280fa1724dfc86a9ed0253,2027-03-25T20:22:27.828412,1,duplicate_land
d538ed3e-8d19-46f3-884f-14235142c171,2712,User_25,User_274,580298,bb27c27ace1dd11b11debe8b760d973d372c288bc995c5f54a186851774d2394,2026-09-24T09:39:52.828412,0,normal
44c51502-bfb7-451b-9060-066ba2a185b0,2704,User_271,User_56,2020845,9dbba9520d0654c968f95dc9d8193bfcbb2349d1779d96441615eff6844d7ff7,2026-09-20T22:14:41.828412,0,normal
e86597dd-173c-4af9-bed3-6c98a37fa46e,2773,User_34,User_36,4205001,12b9e05a0336ff66d4e2cdecd4f9f918a28038d70ed6ea034fae5472837054e6,2027-04-24T10:32:35.828412,1,abnormal_price
742c3efb-7445-4085-8d3a-f8e98dcc2ed2,2344,User_358,User_201,2429076,62456e74d42fb7900f33580ea32e53c66b9bf13524aca47fbfa185931ab873ca,2026-10-20T13:52:19.828412,0,normal
ae71c1f7-af28-4b18-b5f8-b01e5a5b87d8,1298,User_274,User_385,60579,76083ce73214da37b1e51b672e28c49824a5f2dabe80af01d5fbf6437d2ef492,2027-05-17T10:05:23.828412,1,abnormal_price
daaabb15-7752-4204-96e2-7183a0bb2762,1572,User_219,User_208,403929,380d7d673e9a042a4848317847b7dac165ab309d96a1c72f5c43536ba8f80a2b,2027-08-11T13:34:38.828412,1,duplicate_land
6982f893-dc1a-4320-9d62-6fe2c9c78d13,1347,User_169,User_234,2851573,6ce8060596cdf1a6eba743d9350c69d2929ed047473d2aefa3ccad7ea04c5dd0,2027-04-14T10:10:57.828412,0,normal
7f9ca1be-028c-4793-a4b0-59a85f3796ca,2149,User_415,User_338,569685,19233ae0c94ae5e30c5cc30c75e03901de45cdf30f1b2ab748e3f8cfd3f783d7,2027-04-13T18:00:27.828412,0,normal
94f09069-36b7-43c8-9b08-29908e9bb6a5,2135,User_14,User_443,4256458,e2940e886ce6f597c9d4fbd6f04ee3ef5a91e23095dd2078a6cf765c71debd28,2026-10-10T02:37:12.828412,0,normal
ed030800-8ab5-4c3f-a134-b23a37a81be7,1344,User_153,User_167,4201098,9c05dd49afa16b739e2f7f69f83a862a3889645c003ce08ea4512c2b4618f379,2027-06-02T15:24:43.828412,0,normal
d7ee85d9-207c-45f6-ae9b-eebc205cfec0,1032,User_261,User_331,6013393,c8137556d70cf7689512333db28c0076eefb76d5dc46c5155aa172d039a71081,2026-12-11T14:39:25.828412,0,normal
d89f9b92-6fb0-4a2f-99af-c838601ad994,1513,User_64,User_201,1653379,ad82b066ded14da12f932fa35f0b8482227d522113ed64874edd2b6764a2658d,2027-04-28T08:40:22.828412,0,normal
9c5f8196-181f-42aa-ae01-0af24f0d55dc,1892,User_144,User_327,1307471,0561b9e7c35ce90710d19b25c06e3e8e08206b4ab25ebcacb4a08e4540c9a6a8,2027-05-11T06:01:38.828412,1,duplicate_land
838f524b-7e4d-4c96-a56e-8e5cb7adfc93,2480,User_310,User_434,3284046,a63b881ae3bd36fdd2b5aba98b8b385a5fe887291943643266c1d9282f1aa649,2027-02-12T23:25:00.828412,0,normal
03c64c18-82e4-4ede-b3e2-40c5a6f3df40,2134,User_96,User_48,545670,ebbdbe1a6f5b50a9a9a5b51494924ba247f020aad5ad997f53d8789abb73dfbf,2027-08-06T06:31:35.828412,1,abnormal_price
6204db0c-68f4-4d37-aaa1-cc1ef6882456,1656,User_350,User_64,609178,f71b39d5ae3f8f7a057c1282778c28c95df4a3b4ac280777480b3f8ebc364735,2027-03-17T03:33:22.828412,1,rapid_transfer
e91ad129-e7bb-42d8-99b4-9ef16837aeeb,1630,User_189,User_104,4076570,9a33d47cca726f6c0608935c682f50df3d06f1256f9b973093926b2d9af3b37c,2027-06-23T12:05:47.828412,0,normal
71863d0a-e573-42d4-b5b1-bf012f7a681d,1699,User_280,User_429,16248420,d00549707c5251d8887c0bacc4c8f885f46383e5de2f475aa972f695b2acd534,2026-12-01T17:23:11.828412,1,abnormal_price
b1856144-30cc-41b3-b6fb-6a6db1556c02,2420,User_299,User_260,1311861,43edc4a692b215aa0954a2850085ed92924bdc471dec82fdabed04747813bdc4,2026-10-27T18:52:26.828412,0,normal
e0891db6-fd9d-4ca4-b0d2-c40825d01d6e,1271,User_473,User_314,1457865,cac10cc1ac0b2221c7a727ca08d439d4114a75a4e09566dd6e6896851be548e9,2026-12-08T18:32:09.828412,0,normal
dc1a527f-6994-4acd-97bc-7faea6770a9f,1667,User_83,User_280,338072,c2678e525b6e3ad5230c5bf245cd0af155c479d35bced5f0f53e075d08c16691,2027-03-01T19:56:52.828412,0,normal
584a1011-ca92-4678-99b5-00e1f77c73f3,1746,User_360,User_221,5153371,7e7c236f1d54397aa5b1063fea8868c5f43b4629f2ef009824d86b50c2c4f1c6,2026-12-04T01:28:44.828412,0,normal
9d17ae51-77fe-46c6-b55b-9222234d9f59,1620,User_2,User_369,3487612,63b527f1ba57fd616eb99fc5f70073243ca1cebd91b8f9f8ee11aea64433813e,2027-06-07T03:13:51.828412,0,normal
87d1d022-915f-4ac4-a5e6-750e142e73ad,2657,User_116,User_313,1346691,7baea2c822388e27b37f83388c31a3e82c74df7ce46677d5cf7dcc8c7955e7ba,2027-03-17T22:37:15.828412,1,rapid_transfer
ef841ccd-37eb-4c6f-9f46-414b45884e5e,1323,User_214,User_413,5336085,65fc7ecba5da7b537ce0d2ff968a68198e0cc5843fbf6b3e58c3a67d1f694e13,2026-09-23T10:11:34.828412,0,normal
8b443be5-35af-4994-aaa2-84059463db10,2607,User_145,User_166,4576779,18e5e09e2490e1141d38b524fe24f41256dcdd7b9610e54a24a79e0adcaf780b,2026-08-24T07:45:10.828412,0,normal
faa9be50-fe7a-43b8-8431-6f6b2318dabf,1187,User_381,User_173,4936476,9ae1de27ce9e6cd47a0bd6af9631a91b09082c605719cdc496df2fc5c477eee9,2027-06-07T09:19:06.828412,0,normal
ac3d03ec-30fc-40bc-a5fa-cf108a9ff73d,2697,User_165,User_19,3849182,4876174cb8bea0a53070c0c8f06dd5ccecedb4f260547270dda2544d40b4ddf5,2027-05-10T06:44:58.828412,1,duplicate_land
c4633367-bf10-4930-a3a2-0d7c7e26f858,2394,User_121,User_497,3989503,030cb1bd98d4fa1acb1f8e40982e363f76beb8574c7611ab621e259bafadc996,2027-01-29T14:26:48.828412,0,normal
77399ea1-11b7-4f9b-878e-2d732dc8bc14,1936,User_8,User_421,6144978,9ea31b187022bdcdeb57f7a4150fce1260828bf363a34a4dc83e537f1571b3c5,2027-05-23T09:32:16.828412,0,normal
133ca201-dd07-4313-aad7-91e696890e78,1580,User_291,User_191,5946844,01288414d9c6974ceb6a01846082e165c86f176699f175cc2ed04c6084e9cc60,2027-08-04T02:12:30.828412,0,normal
c0e5e0b6-fd2d-4468-9721-8b59483d3daa,1445,User_390,User_147,1920325,61c3eedd3272661db749f35e6fc0fa120f21cbe6af9493aff8833acbb7b0c20a,2027-04-28T21:43:04.828412,1,duplicate_document
cc913367-1521-4794-9abd-1693559c8889,2661,User_22,User_358,3625875,11765f81c594efce4daca9fdd1a84ceb2b1f82333818bb330f09520598756949,2027-05-27T18:09:50.828412,0,normal
2332d3f8-73d2-45cc-bc38-c5ca1dbd2b3d,2051,User_256,User_249,3981987,8fd01b37865f5ecab8e218dacede557dadfb110ae3eacd5dc0d58c68d8598d60,2027-03-18T03:49:32.828412,1,rapid_transfer
17f7ee45-8b95-4c58-99d1-5baf0ae907cd,1448,User_19,User_239,1368945,4e86d149450a06fcb33015f380df12ed7c1996168d42f41067865147d5403387,2026-09-01T09:49:47.828412,0,normal
b08b6f9b-d000-41e8-9705-82f14b1c25f3,1010,User_53,User_150,435437,03acb0a157350fb7f824dd668d644e6802be27e6aca9b9eeb71460057943ee54,2027-03-15T18:25:58.828412,0,normal
1812986c-9a06-4150-b002-d9fbc3492f66,2262,User_277,User_206,905023,12ad8d0c2dcf46ad9a0fec697cd61e22c152098833b2026f8bf4e188eeffccd0,2027-06-18T21:59:11.828412,0,normal
f52af965-443f-4606-8938-697f927c9d21,1449,User_27,User_296,3867144,7c7eb0d47a559dd13339136fa921b018a2f7a12216a84814527b79bbbece5c95,2026-12-14T19:44:47.828412,0,normal
ce8a40fb-687b-485c-a7ba-76ca30494682,1318,User_487,User_335,1001889,0d8ec0b28937fb0acfebb85d4c351f0dc5a5e4a50c96d1e05bc4e4fd2d9aaa1e,2026-08-30T04:11:44.828412,0,normal
aa2c7d9a-785a-4839-bb3c-063a27cf1570,1595,User_343,User_76,4262286,e1f0f0a5bb39b5ac8e12f27d58904d732b39f0707998e420012b3cb3bf50e4a7,2026-08-24T02:03:54.828412,1,duplicate_document
61dd33ed-4e0e-4d70-a5e7-25950af8ca1f,2875,User_426,User_439,5350383,81829f837b15702eaa31e3f274b61d4d50490e9029de427bcecef6658587aa01,2027-03-21T05:00:49.828412,0,normal
961da3ab-61cd-4429-a0a2-5e46d3ee1f52,1182,User_401,User_152,3230794,94f557e2f256c4a862f807259cbe0605534ad4fc263887bb908d4b6170438b92,2027-07-04T13:20:46.828412,0,normal
50d198ee-4d80-4ad4-9fb1-d5ad6211dbeb,2093,User_425,User_331,3979866,88d31ae55a4a3e8f84ce4a0acc3afeecbfad218b3f10520bdfcdf9d6736ccaaa,2027-01-01T07:15:25.828412,0,normal
a9678dd2-0ca7-40e6-8bc8-3b859aa56535,1375,User_399,User_244,4846596,fbfaf037b26356983e0ba10624358795ad511fc844a71f5c595925405df246cd,2026-10-10T15:50:24.828412,0,normal
13e47286-158a-4495-b7bc-155570c476a4,2025,User_117,User_439,1481718,d8c89ba56cb474c4fda8e1750306b97cd08e3c01dddefa91cbb7788a521a27fd,2027-05-25T21:58:16.828412,0,normal
42a6bf7f-353e-4f4c-ae8b-377c25d3de1e,1588,User_48,User_171,3010806,7d80daf07479a2e03b2c758307e324950c1807cca40a964016071dba06a67430,2027-07-12T13:20:26.828412,0,normal
ee294db8-0e63-4e2e-a284-acc194869f79,1016,User_253,User_349,3670014,59119f430a5f75540c8bb3932c0f9e86e089acd694272874f5c67dc066569c6c,2026-11-15T03:31:00.828412,0,normal
f1f2c575-aa68-4d68-83fa-f7e340fab617,2526,User_374,User_260,1837874,4c2ed8e9142baa7c628e8143517412d7133cb911b53e0438e5d7d71c5b157242,2027-05-25T05:33:10.828412,0,normal
ada744f8-ce0c-43f6-b099-76e06fa3e576,1460,User_264,User_42,1457549,ee5fac79e70851842ee24df91453d61339c41583537662a64fbbcce0cf8f0c3e,2027-07-26T19:38:40.828412,1,duplicate_land
61d839cc-135f-4a3d-8937-874dd23d0af6,2292,User_430,User_56,1315661,4c3760db345da2c9ae3d6e42c8da48d3f7e6f32ac5c48371c3de64e1313225c1,2026-10-28T02:50:38.828412,1,duplicate_document
4b83f9eb-44e8-4fc6-b431-cb728008e5bd,1233,User_487,User_144,47345527,fe5c7db3c15927c5709dfd61e0506d5a51cdb0d939d6dc674882f4aa575ff9d2,2027-04-03T06:15:28.828412,1,abnormal_price
978ab43a-e2d7-4b98-b082-a529e7cbeecd,2888,User_407,User_132,1102509,a55af2d87fe0cd7501edcd86aaec60fe59630be9d823a04037c583d289e99561,2026-10-15T04:37:13.828412,0,normal
9682a116-42f9-42d5-9f76-7c6f8153d94d,2793,User_302,User_159,3303954,d38f925d2c483e6e672941304e4551c0b81e0b8dd82aa43c872b86aeb0f935d7,2027-02-19T17:23:28.828412,0,normal
a0bd8c8c-310e-40ed-bb2e-37f1b0f3edc3,2359,User_35,User_304,1085941,dcf60859aa9639b05f3275658ab413938bbbde83ad22b32fd7cd431988f8ba18,2027-01-04T04:05:29.828412,0,normal
a4763e91-b8a0-4db3-a0a8-053fd3440da9,2510,User_428,User_419,1302205,6f81b45d21a159833773d9e47019af64712a23df67f8dc38f678eabf42a4bccf,2027-06-11T11:02:03.828412,0,normal
bafa74ca-e241-4dec-9a98-da53c3c6a5e2,2502,User_411,User_498,616449,0c79b94a862c2e809b3221723ff712bedeac5d142bfd652d0c9f06a1d8b1bc7b,2026-08-30T07:41:39.828412,0,normal
dc7ded87-8d72-4f2e-841f-5ce9bf44d223,1989,User_115,User_195,1571707,74324d72de1e2c2d0e7ac413333d769756503b4c7e07261f5227ffb797eccb20,2026-10-29T18:42:27.828412,0,normal
350bb054-44ba-465a-a311-6f091724d60a,2206,User_484,User_53,2933705,0f4e3b444f45fbd2675609730210f4faa2325a5e9acaf2f05f7247d38560d474,2026-12-09T07:31:19.828412,0,normal
74eb85f5-f3db-44d4-a320-3f633a5d530d,1904,User_353,User_82,3180889,dacc8e71d31df30615cb3cea1e39f62b703b19fac32c86940ec9854fa358b1d9,2026-12-08T21:22:49.828412,0,normal
3bd3c633-d330-440a-982d-4cec161f9289,2134,User_96,User_344,3278960,ebbdbe1a6f5b50a9a9a5b51494924ba247f020aad5ad997f53d8789abb73dfbf,2026-12-01T02:51:18.828412,0,normal
b70cc063-1e38-4525-9d8f-0c48149a5e77,2879,User_15,User_455,2668889,ad1891616df1922111370e9d9947352b1e283598fec20304e815992029c472b7,2026-09-14T00:06:55.828412,0,normal
69050459-a8a5-426c-a6b3-14aaa03a3a33,1958,User_292,User_422,283765,160db44918e39653c3e9e9f6826269d4015110fe659fc92f1316fd355059b642,2027-05-25T16:54:52.828412,1,abnormal_price
db89c0b9-1f7d-4a72-8b6e-d85c0da32191,2854,User_210,User_500,3055368,a719cfcf2ed0aefde399656a90cf90c9d2449e54ec98f5f9bcb0f5403b92ce91,2026-08-14T19:56:00.828412,0,normal
2fdbd284-7a83-4d52-9cf1-064916246654,1156,User_68,User_16,1837710,62623cde9707635e5f701893528b5addf4f238013b6bd2a3d1809cce113037d5,2026-09-11T00:59:23.828412,0,normal
c649365c-fef2-4627-9cb7-6dc1ad26afe5,2866,User_215,User_140,4080799,cc5f2713d977040451eb5994b041b4910c22f108d7e5edda36ad6cf91575b8df,2027-07-02T10:55:25.828412,0,normal
d7d5a4e2-c49e-4a91-ac01-088aa82f322c,1240,User_71,User_114,1809733,2f30417f0acad68d9eb0e98164ebccc59aa7bf4a445866ec9a9b9aee0b534e0d,2027-03-17T20:43:33.828412,0,normal
bf12fc76-5ea3-4a75-ab73-8927bceb0a13,1005,User_20,User_489,2705369,0a95e9cde9713dafba120a80fda57b88078412262dca1955900389ed4524a33e,2026-11-16T04:57:01.828412,0,normal
bd5a3ca8-9957-4a81-b81b-5ed3851d2f03,2133,User_114,User_292,2608465,ea78b77f169f16d0d8e851274fbe743a992267d383352250d16494127f08f7a6,2027-05-09T22:22:51.828412,0,normal
a3081ac2-049b-4743-b2c6-2736e58aa8c6,1806,User_24,User_243,2103489,47178eb9ee969c9d282909108c02f6d5b1c1082681bfdc3b63a987f796045f8c,2026-11-30T08:07:38.828412,0,normal
96abb568-9dfc-40ef-81a7-e5d19b323183,2513,User_281,User_356,2226019,8ceb945049b92c396c6fca41a7ffd8a7e325992a9527576ef79ed598a25112c4,2026-09-18T07:13:27.828412,0,normal
f23bcf35-5628-4348-85a1-273cfdfb7ae9,2822,User_307,User_458,1886847,1647dcd1bfc661feb9c893c1ab1fcf00ad0777f3b04201807f2ba104f5e620d5,2027-05-11T07:29:38.828412,0,normal
1ed322c0-583b-4557-8ab2-5cb6dffb4b04,2308,User_396,User_378,2882959,ac5540b2ae14fe7df002eea97b80a89f080e9e0b90a05fdd2a847070d6478458,2026-09-18T14:57:20.828412,0,normal
c0028931-89fa-4757-9fec-c5435f13d3ba,1099,User_424,User_314,4266987,f8de3fb27800c83a176ccbafcab1de0c12b92b16174b943cb81768f1a0574aed,2026-08-24T03:46:08.828412,0,normal
f398cde7-5640-4e9b-a8e0-970ffd48c06f,1251,User_416,User_45,389933,a9b5741db1b8792c1a2c44a910a4d3a8e7a6606e4e030ae0b9143e64667b107d,2026-09-10T03:17:55.828412,0,normal
9f54448f-1ca9-480c-8807-69ff3447734e,1387,User_185,User_436,4396999,76f8594f67cb4282e6119cb3b3428ab01078d5b7f8c4962dc7d03fb05aecda06,2027-07-06T10:58:19.828412,0,normal
2771aa4f-0470-4ce0-954e-db6aa19aa7da,2231,User_288,User_269,1068112,10fd86d26206a1f323322d1c0cde12ca924e5ba137fb4f5b7be96085d5853d3a,2026-10-31T22:20:08.828412,0,normal
31501180-104f-47dd-9f40-48b14c5bffb3,2791,User_145,User_265,3843221,e725d5bbd0f94b472e62e528ba8c6786ead8da0f169e85313359162e8f9d013f,2027-07-08T00:21:37.828412,0,normal
412c4a17-8917-4d84-95d2-c64494645558,2067,User_207,User_215,3445836,990f4690c5a03568c8a3e69d059577d105f1047eca929cfd09b4317c39a96c47,2026-09-10T04:01:58.828412,0,normal
474beb77-23d4-4143-85f1-a01b5ae23188,2878,User_257,User_177,4238093,23432327f9d2a4c7b1c4b3d843a2afb43a13b2f1564dfc6f4fd7a935a194bebc,2027-06-19T18:31:24.828412,0,normal
8fb125cf-87ec-4e10-b87c-49abb64c691e,1507,User_166,User_90,2119320,50b585a3155c95f22ce4b5ca7e2dc63222baea1b3ba526c0f8fc0283c52086a0,2027-05-05T06:24:31.828412,0,normal
fe427bcb-1de1-4942-a9c4-10d6fbb6f90b,1779,User_335,User_414,607863,a4b1faf7ba2fdd50ad0ecc7735b9ce92b56c90e5b034acc65e0c936573a5aac8,2027-06-17T05:05:19.828412,1,duplicate_document
7bbfc1e1-b81d-4d41-84ba-453566a51982,1739,User_332,User_229,3395892,c58f23b06cdb64fef9265fd388294217c04daee0e56580b687cf85d699c2373d,2026-10-18T02:50:29.828412,0,normal
dbc86490-ad5f-4bea-bf35-6ef76f6db281,2436,User_73,User_34,3144275,14fd07f178b8b0165a4ebf88869c4ae42ce3f877eca6b149a56d918c665a6130,2026-08-21T00:20:24.828412,0,normal
abc9025a-3025-43f4-a262-6158f1382d83,2581,User_82,User_349,5345905,e625b1434eb201480b372fecafa67ab9c84576c4387964dae39a4b7674734d4e,2026-10-05T06:54:13.828412,0,normal
511415bf-9a8b-49b6-b4ea-8b02234f31f6,1486,User_465,User_90,3561003,427459f47ee16570b4dccbbf52551041572cf62337d87a9988d7e8bc163c3cbc,2027-05-08T06:47:45.828412,0,normal
e9002b7a-5589-4aec-8b23-787f75e92937,1407,User_391,User_79,32561278,c39600bcf20c6910780968c7679b873f5ac668f4ab6dfb3fc1d6331ae47a270f,2027-07-28T12:27:11.828412,1,abnormal_price
87384c01-13f3-410e-8e18-4ce2d310e573,1054,User_247,User_25,3586089,5ebe658546d5b911b57bfff4fc79a414b7542c002ed63e84117819eafc7b6d97,2026-12-03T10:16:53.828412,0,normal
3a71d72b-888b-4fc4-89c6-1eb7a7adf167,2097,User_422,User_126,1937990,838b75466e4b0ffe05374c673b773ea7dcb887a6b9c590cfab1c1177a51b8547,2027-07-18T19:38:56.828412,0,normal
6f1ed3a5-ae54-4a1b-b3d7-e47e1458900d,1956,User_281,User_227,1061024,f9468364ef57735fda55bfd6835215fb899cdc88486f90f43c4d04d404a7287b,2027-04-10T11:32:35.828412,0,normal
f69a9e9d-600f-4336-8569-228195ae4cb7,1052,User_324,User_386,460308,d12aabcc57c907e1b88d75b1ae69e811bb8111301ea8305df4b9d424f25bfb8e,2026-09-22T04:30:15.828412,0,normal
c75ed7a4-6c43-4017-8f01-e75c7445ab12,1995,User_371,User_49,29518,584d3da0cfc39a44a25870c5deff80efea0901ecacf0596209944faadc43ec04,2027-02-01T03:51:27.828412,1,abnormal_price
a06b7387-5fab-400e-a534-b264afc09b4f,2666,User_453,User_81,4215450,f777e5bdf2e6953efa641fce0670b2696ff741d9718428a43722f1a0132eba40,2026-11-13T01:20:43.828412,0,normal
ad5f310c-24f2-481c-884a-c91e5bfcfbee,1943,User_358,User_120,3726810,9c8f2cede7cada1fbb7a472492a36ee42c4f6c4475ee14c9e7204e6d5ee99d34,2027-07-03T23:24:39.828412,1,duplicate_land
0f35cefe-234d-4ed4-99cf-dc50b26b1d8d,1668,User_382,User_466,1753998,74dca54592bc3422c08b18f1ae00c4ca1107a38215c1454219ce2e3280a96fef,2026-11-17T16:30:48.828412,0,normal
3f0051eb-a1dd-4dc5-ae2a-710eea6d4682,1919,User_308,User_444,3385255,4d0c8b1fb535b63ce2bd7e4a3bed585f9e38d33af86a0824af79e0d4c3105566,2026-09-10T18:41:04.828412,0,normal
3d3a76e5-1718-407e-a1e3-444c49f98bb7,1505,User_242,User_183,288233,c077a00adc046e6b504522128c034c724e9b00830ad8f8454e405ef55c91eb6d,2026-12-16T00:08:20.828412,1,abnormal_price
07d98512-9f91-4e2c-bf61-a503bdab3b38,2326,User_179,User_432,715091,49b66cd0db81241ee590b78821d87d8782511901e45a1f3845d0ba604d3a9071,2027-04-17T17:56:55.828412,0,normal
2e8a1842-a027-497f-aa66-b94bde0235cc,1710,User_431,User_473,2977855,01c9762b2bb5efb96724d756b0d53361df93567521bdd5618e2913c3eb6aade8,2027-01-04T04:42:08.828412,1,duplicate_document
a367aa62-0683-47b9-b34a-d92bcf068d1b,2079,User_89,User_188,3827852,769ffa400744f2d0fc3a736f9b139975ebb1ced086884b555af0b73f12a9969f,2026-11-02T05:11:50.828412,1,duplicate_document
92b6da83-c74b-4818-afb4-c2cdbc3d6588,2410,User_449,User_388,1232631,8b3b3d1c3310ec711a666c47d5f85fd2daf01b563e681713e7b63f4e2f39b377,2026-11-29T21:30:31.828412,0,normal
33820de1-3fc8-4f9a-b001-9837880856c4,2433,User_192,User_245,3754972,caab435c8ad92d2054b674351f1e86fe93dd6e74d16c122fcc2fa8f146e7677d,2027-02-19T17:44:55.828412,0,normal
95edda9f-b091-41fe-913f-9f358e021f97,2419,User_270,User_65,3835763,1d75eed117eae8b45075e1537f32be9898ced1fd57cf2f28a3c9bba8de245d76,2027-05-05T16:05:23.828412,0,normal
df3fb340-9f64-44ea-a046-6f2496e7ba17,1570,User_467,User_173,5902803,ec35cf1e3d4ef5c66928440eaf6fc0efcca8ab220c61674b2ebb805f68dbcbfd,2026-12-20T17:06:14.828412,0,normal
9a9786c5-3745-482d-af41-149a2a1f6ce6,2899,User_415,User_475,624737,ed778e030bd834bc593cb588ddd10b060f3b37fc2c542d58116db6e610fa5878,2027-06-24T08:49:41.828412,0,normal
7c73d074-4d28-4981-b5ea-c161fa6c36fa,1876,User_71,User_123,2761918,35e409a88088e7f455f79ea433a34c4422e29dc03ff3c2e6bcc23cab59ad6c23,2027-05-11T11:12:11.828412,0,normal
cb5d6101-884b-4b1f-8e55-0ed0aed43006,1347,User_134,User_67,1269603,4e5ef9c11f10cb78bb744706ab08f9e69c3a9f74d4b563cbe38c2f360b7ae180,2026-09-15T16:56:16.828412,1,duplicate_land
a3f6e574-9615-43a8-aaeb-e6f73dfcc447,1230,User_3,User_410,1203248,7f475ee5fa8adb856edfb01f06f849fb45cf083cba7eaf6c25b10600ffaee156,2026-08-25T15:07:11.828412,0,normal
dfbbe150-0715-4d16-b3ef-48a36d07ac8a,2492,User_225,User_475,2361634,165dfaf74a3309b7f7e27d1bdc552a7d02d718780b504d2f64db1a5f44c657e8,2027-05-14T22:13:08.828412,0,normal
7455c52f-84f4-4465-8b92-e94d48635036,2430,User_172,User_453,1723645,e3a1ea4dbbcfcae11dfff72ea3eeae1ea3ffc5379890a7a98376f6cdf1cc7565,2027-07-02T18:44:31.828412,0,normal
c6a5b0db-b6cc-4eac-ba89-ef859c264a2b,2234,User_121,User_391,3116551,b7842bc800b8ffa353dd24836a699ad87172a580b25d98874f6a3bae8c5df2a1,2027-01-16T17:59:43.828412,0,normal
e5c0e25e-1e24-4be5-b3f4-1027714d83d5,1744,User_289,User_478,1150476,2a3b6b561011d38cd59fae03de61194aa4aee347f6a65c7fbaa9418a8c166e9a,2026-09-25T07:10:57.828412,0,normal
bf2124cc-10dc-4bf8-bd90-577c18e39768,2065,User_164,User_133,6151716,6816a50ea25b2c1d302463cb914c0fcd56ffa2a0896770007503e4870afced43,2027-03-23T11:32:13.828412,0,normal
e0949cc3-4b86-4689-80fd-04e7a571ec20,2625,User_253,User_219,1484606,6dd165cbd1c2b55bd1ed7403049ac93d3d908407aeceac332226da3f559c0e14,2026-10-05T23:41:02.828412,1,duplicate_document
3bd51167-575f-404a-ad15-ed6b66fa3ee6,1978,User_207,User_500,3358486,0a9c5441d9b0e7a23f2332a1cab8a39c6f5326a5ad4f6c12ac5ce2b1ae319c86,2027-06-19T01:28:09.828412,0,normal
cadfa4ca-117d-43c7-96ae-1d57d79850a5,2569,User_275,User_265,1190194,45167e678aaf61fff6b90589e8f587b1a0e75dc85e8ee920350988bdf8f880f0,2027-07-30T08:40:48.828412,0,normal
8140905d-a156-465e-b1f0-fde06a69fe5d,2390,User_296,User_158,2192268,31bb93422ce740e91aedb65d9ae1d52e8b606c8939aad7d2fb42949d3ef1e272,2026-11-14T14:10:20.828412,1,duplicate_document
7200a3bc-7895-4891-b288-1a13af9d3a63,2972,User_133,User_454,20311670,b3c50e87f10b65f73c34e98a45a54163e0bbc7eebe3a1f5a19548efe730eef01,2026-10-20T00:36:44.828412,1,abnormal_price
d02568ad-c333-4500-bafd-e5a707ef51e9,1994,User_441,User_253,3909804,3b06b3ac776ea13258803689917aec84e6d98101b83bbafed8e01f72c24af4d4,2026-12-25T21:47:28.828412,0,normal
b2527662-5ee5-44ae-8d34-54aca31e56d0,2531,User_273,User_268,5223123,e609806ccfbffbd74a3c0eacbc7fc758f8801ebde2c79701c84b7da334ef1b38,2027-04-16T22:28:40.828412,0,normal
5064d421-f0b5-43a7-975c-433e33319cd3,1760,User_107,User_393,1304954,8835a013dcc1d3619c32e82220f9a7757d9b1cc6fcca921da02beea6a2ee67db,2027-04-12T00:19:32.828412,0,normal
3e75b4fa-eeb2-428c-8035-34f2d3c4c7f0,2815,User_159,User_177,533858,c96eef99ff82f4673d6c5e90bf4f9e4b4cc74d1ed3ed04f7d0e6110f9cf3eb58,2027-07-22T07:00:17.828412,0,normal
ea517dbd-90fa-471a-8ad5-980a22cb86a2,2726,User_145,User_339,2136833,df3c624908bd906bf3b0ff891e99a896cf084f598663234949cdeb949b7ee8d0,2027-07-13T23:46:40.828412,0,normal
757588df-c265-46d4-b099-44145a5171b5,1103,User_360,User_88,2447496,aa526625acc9c6e5a0adf6437bad6b5343e443ace454ae6db90ea8958cb9865f,2027-05-02T23:10:17.828412,0,normal
b3eb89ad-f633-436b-9595-ebf86bc328d6,1326,User_362,User_315,1198661,87d1eacf73a7a167f2269ef2bc39379fb2adf1c3492537c9d9c822b567a26729,2026-10-24T16:34:48.828412,0,normal
6cc7aeb2-cd4e-4f97-9106-e3373a55e929,2109,User_158,User_276,904846,53125a99340a9a6e22f14cbfb2d2524197f87668a37a778f6a7167228b0ebf73,2027-06-12T19:56:45.828412,0,normal
facfe7bd-28ec-4fd4-879c-14bce99a0345,1504,User_254,User_93,5079304,92d21515fde50b06168ee9627bf4235aba9d65e04d88778feefdb6a96f233e31,2027-05-26T22:17:49.828412,0,normal
82d9765d-f917-4197-9da4-f737a7aab3bc,1172,User_85,User_26,831673,7610ed09a75599f4120f10574cdfea7a30a22ac2c0a1ef2fcb3b7bee7bb3c5e3,2026-09-23T03:47:38.828412,0,normal
f6c93f67-4780-4516-a557-6bb20023b2d4,2677,User_77,User_212,1397035,4f24494cf8b89d0fffb6a4ce28823ca27a5507f4690ed3f2ad1f55093c4fae3b,2026-09-22T23:40:52.828412,0,normal
fc4f148f-df4a-4334-87bf-61d359cdb685,2342,User_185,User_144,2668667,364598484c92cd02608bca27ef8b13140f11b3f871147db67de59d2bbef6a6fa,2027-04-30T12:02:51.828412,0,normal
72db51d9-ddd5-4a4a-a627-d3987df06a0d,1184,User_357,User_203,2224952,e575931525540d13e355539f85b5f23f5c4356117011b27eb0340fc56ee635c1,2027-08-01T13:49:20.828412,0,normal
bd5c7bf4-1bd6-481e-87d8-38fecf12c286,1688,User_158,User_75,1888740,2bc1882ea1be5df5e454b8169925b1094873d8f30f8f2430291ebbc6b29b2011,2026-08-26T06:15:59.828412,0,normal
d646377c-b20c-4286-a1cb-0612116eb4f3,2941,User_8,User_302,4165232,39b80f331886ef24573ce3de1126dea76bb43d50d052a85f178ceab19efe7c4b,2026-12-09T08:55:13.828412,0,normal
ac48c8a9-202e-4836-ab11-a4f0b4103add,2530,User_373,User_473,551309,b5b7a63f06bcc045755fc7ebd932a7bdfdc4264e401c93349611af2f1dec073b,2027-06-27T05:43:40.828412,0,normal
42b0c094-5eee-4fb5-88be-665fc0f9a23c,2403,User_430,User_489,4934435,f76ed1da0b6ffad69e3ea4b7e4e7d156a190bb0b285118e2f2611b1dfff28c90,2027-01-29T03:08:36.828412,1,rapid_transfer
b4003071-abb0-4a0c-9466-473a523e75b2,1667,User_280,User_302,338072,c2678e525b6e3ad5230c5bf245cd0af155c479d35bced5f0f53e075d08c16691,2027-05-16T08:23:40.828412,1,rapid_transfer
bc0ef3a9-164b-42e6-bb9b-d617e8fcb24f,1748,User_437,User_142,925886,cc5f6f95373883028966a943638c5f2d94c023f4fffc50b91f9ce0da8fac1c88,2027-02-01T07:08:42.828412,1,duplicate_document
bd8636e9-cd58-47e1-a2e0-de065362830e,2665,User_173,User_126,1444410,3926c02d45f6ff8448aba0b12290d23b776b5e3d1975b6726dc31bbb7c95ca64,2027-05-31T17:29:29.828412,1,duplicate_document
5107f84e-d987-4219-adc5-555878ba1a24,1860,User_294,User_179,4766313,bf43a3e99bf877e8db5661b655bf5c19aeae627beb82fc327db69aa2952ae9da,2027-03-25T09:35:02.828412,0,normal
254f9d96-b895-424b-9551-adac8b3b6e3b,1833,User_441,User_275,700874,283938bfec488ca1086134be864b6bf468acce8f6c19a209ad82dc697bf48d36,2027-08-12T02:23:47.828412,0,normal
9a34f857-957e-4b12-89d8-b876fe978e76,2080,User_326,User_398,2761033,fd80ea7f198d2a317149ea54bbc2550d2e4ada93f621b80dcdd5ccae23ba704c,2027-08-04T08:25:39.828412,0,normal
59684ff6-ddd8-4649-9f14-7c5cf87b20a0,2790,User_168,User_89,2099064,1b6afce458cab683f1e637315efe9773708b641b9b4dd7f667499c2dfe57b548,2026-11-28T22:09:23.828412,0,normal
be37ab40-0b7a-4f19-ba50-faee6d763a94,2391,User_266,User_324,388732,9c25842762b873e2130e9620d0b3e60c1d2baeb0cf0caca661ce47cff22a54d5,2027-08-05T05:04:36.828412,0,normal
3c70daf2-3e2f-493c-ba74-cf318b196444,1345,User_420,User_68,2786239,caeb7537e836658ac8c8b72ea7f4818765566a46a4dd54ba7659eeae66e2e47b,2027-03-22T06:59:00.828412,1,rapid_transfer
0b2a6c57-1891-413c-85bc-1c998b6549e7,2548,User_471,User_32,2604633,7ecf083eaf672682da221f1201ffa13189b400d0bdd8ee0d23e5a838528dcb6a,2027-07-13T02:40:07.828412,0,normal
9af452ac-6eaa-4a86-82db-621c48411a47,2795,User_436,User_166,4654759,82c9e61591988545ecad3982cb8355c523ee67de5686b8343bca56955f4df317,2027-02-06T14:12:00.828412,0,normal
bef8a849-c604-4661-b0a0-7cc3342a6bad,1807,User_97,User_249,3409201,41a7af8aa87652ab8343d0d164676d561f7c8522c2fceded57a62308559fbe53,2026-09-16T17:08:40.828412,0,normal
881b6ff8-7bac-4153-abfb-e1c3077ea9c0,2513,User_356,User_139,1899185,8ceb945049b92c396c6fca41a7ffd8a7e325992a9527576ef79ed598a25112c4,2026-08-30T03:01:15.828412,0,normal
d6293249-520f-45d5-89a5-b798ab99f42e,2553,User_79,User_11,3696446,794692cb0fe38788ddbea8225229eb35dc6b6e4dca876418e6ebe6be604b7668,2027-07-21T13:11:48.828412,0,normal
060a8708-b970-490f-b9a3-898a5c7e76cd,1025,User_7,User_468,1705283,4a603a73eb5fc714351b74ee0329354d7362579ca1ce588fc3cf94c67e496ddd,2026-09-20T21:29:49.828412,0,normal
85890a20-637e-48a8-9b31-90c0ec92af76,1565,User_498,User_68,5584151,861e5a6b2da64e41e4c1a14e41bc401f0bfb6e17c0792f4ca9a05de55015561c,2027-07-25T12:32:14.828412,0,normal
c6c911a6-a4a0-4e82-a581-d6897469b44f,2909,User_303,User_236,980657,124baeab50770ba8506e9c9c2e1e501028d0e377aed4fb12e7750886abcaed47,2026-11-26T17:10:58.828412,1,duplicate_land
efbd811f-21b9-46a7-8a81-19a28334b48a,1366,User_143,User_452,560601,845af181426a0a6d788e1786d3696e2b9be9a2eace6f05ff47be4dfa5f3aa177,2026-12-12T14:16:18.828412,0,normal
b1674b92-b552-4395-b621-dd22a24c6a08,1948,User_110,User_8,522077,678c36c11a101657c9508ed2377e160e53e817e89a920c35d2288df8b4e8fb30,2027-04-16T17:51:38.828412,0,normal
d1b1d358-a599-4f0b-b73c-af03a37cf26a,2303,User_184,User_128,4710832,3762927656e8df4118554bb3b95e076d925b3bcfa189da21284ed86ef23dab96,2027-02-11T12:40:36.828412,1,duplicate_document
0ea5c4fa-16db-4052-9201-01cc9204bb24,2732,User_462,User_391,3579457,e19114e682c19b3bc25bf7aacbbcbeeb9c582c6baa849c4e1f0950b57f9f4e3e,2027-04-12T07:57:27.828412,0,normal
089d2fa5-025a-4a87-b6d7-40b69230a14a,1966,User_481,User_67,1127296,bac93dbd1a72e21ba9867e87c5f57a782b9bfb6d0384abaec99d05629ef5b4d0,2027-02-25T05:23:55.828412,0,normal
a1eb8dee-3db9-4f56-b08b-befe9698379e,1032,User_331,User_237,4825922,c8137556d70cf7689512333db28c0076eefb76d5dc46c5155aa172d039a71081,2026-10-12T16:22:35.828412,0,normal
c47fd6ff-3bc4-4feb-8fe0-33ad7e5e7517,1120,User_89,User_68,795873,174ea29ee8c521123fd694aa7d44fab50e752b4583faddb451bfb7475f18c08a,2026-10-11T02:30:46.828412,1,duplicate_document
32811333-aae6-4286-aade-a9fa84c70edd,1975,User_123,User_226,28764066,79789b88a68aa18afab5147f7fe375d001dc7054121d022c5ac26e05e5426e60,2026-12-26T04:21:31.828412,1,abnormal_price
340b53b7-eea4-4662-b888-a6de8804fc27,2980,User_201,User_165,2207924,e28c3a1113fda9f9884849addf2f5e7e042b5f0980fdd01402fd3fc263a91e10,2027-05-30T19:07:41.828412,0,normal
c4365e93-f17e-4f5a-9ecb-bf79a6aa0b1d,1311,User_38,User_479,834647,6ddcb35fe169b39e71203084e69a72a661ce663d449c260d736acbd4bcf88903,2027-06-12T02:48:00.828412,1,duplicate_document
f7f1ecab-f42c-4943-a6be-9bcbca8beea0,1748,User_437,User_224,2498736,fdf26febcb0df3344d3b92e2150b960605dae4203e8e7f07ba83ce323645a007,2026-10-04T20:47:07.828412,0,normal
1b6221d3-aec9-432b-9235-32a8378a5b4b,2479,User_175,User_10,5355190,22166529db78122996bd3fe2c06b97a6aebbd31ca243f485fb11e7851c205fe4,2027-03-08T05:41:38.828412,0,normal
94513697-510a-4fc9-82c6-a9698da4e1a6,1222,User_284,User_90,888252,eddf8619bd2a1178544af622d16d92f3d18c05cfbdfe0e9392ceebbc28ff95b9,2027-01-24T18:14:36.828412,0,normal
f810c3ef-2412-4be2-9dbb-190126543db3,1560,User_406,User_460,2923145,a3bfebdb1895fc42900d28226969ceea4de82aa638cb2b38cf12b752843062e1,2027-02-26T01:22:02.828412,0,normal
1e5c13ae-43f7-4e9c-9306-c771cccd4d7c,1966,User_109,User_35,2713182,c96b6b2e08af71e157c15419aaaa9db9a0778695459511461ddead3f449102e9,2027-04-30T19:06:19.828412,1,duplicate_land
3b6514fa-1649-4f0b-bb13-4eaa4cdde8a9,2396,User_19,User_200,806425,ebfb32fb3888a300c0190df119085ca3e9da3d5f0394c685aa4e441607f5b051,2026-10-23T09:58:14.828412,0,normal
2d9ed186-b0d3-4b9f-9ba7-bfec8a1f41d6,2098,User_403,User_226,3624593,954b2a0c1dcea6223b17fcfded97a1eba23d1812388be80d04474bb5eeceaa76,2026-12-23T01:34:19.828412,0,normal
315a4dab-c7f1-456d-9423-d5f740d1fb30,2831,User_121,User_52,1203618,1a2e8b55baebd3e40930b91c50f546f52bdcacd3f16cf2e152a9288bff35584e,2027-03-06T07:23:51.828412,0,normal
2a463a2f-2280-4224-b514-d40c075a836e,2280,User_485,User_209,1273703,5944473d94d8b08f60d5cf047f654d1603b68b67e087df22a0dc6daebfc20750,2027-02-18T14:38:55.828412,0,normal
6f33dd33-c559-4d16-952a-52ca5b3e4c48,2285,User_182,User_396,964480,03c534afd047503983b791be36e88119d534b9304362c74f66e1ea34ee2c10b1,2027-01-23T00:47:39.828412,0,normal
8b482262-2e23-4860-a7db-3acc39c0ecfd,1642,User_277,User_250,2000424,833e47e807c52d4dcb3dc10d8e3398b0c46f6997a54750aa1cad707014d5457a,2027-05-26T15:27:14.828412,0,normal
e72b543b-6ade-4285-b0f5-5bf9e93a98f3,1641,User_99,User_431,521352,23158503591a73ed8e054f3a25555f7e059f34fa1f371567fd0109f2c5909e25,2027-05-03T06:31:40.828412,0,normal
a574f304-d7f7-4d9d-98df-f98f2094572e,2279,User_474,User_497,725773,04349952d8a3144383d8f75425f309e4d9501f13276bc1920c5bfb4dad95683b,2027-06-24T06:46:35.828412,0,normal
745b9eee-3e99-48fe-87da-3f3681b0191d,1103,User_88,User_89,2491249,aa526625acc9c6e5a0adf6437bad6b5343e443ace454ae6db90ea8958cb9865f,2027-05-06T09:50:30.828412,0,normal
daf0d041-cdd1-45e3-9805-af2e11067a95,1535,User_439,User_481,222715,bb0bf23d3a4cec71253cf7b1546f30eb354856208e3a2eb8329fe81938b6f191,2026-11-25T11:45:30.828412,1,abnormal_price
85b89e85-05cf-42e8-9c8c-78ba24ed7209,2326,User_432,User_436,668444,49b66cd0db81241ee590b78821d87d8782511901e45a1f3845d0ba604d3a9071,2026-09-26T07:23:41.828412,0,normal
87333a9f-4bb6-4d37-838a-d78b1202a9fa,2749,User_412,User_146,4502645,d873623e538aba755a126bc4aa743f3d90e014cc8490bba370e35de9946e6504,2027-05-25T09:08:01.828412,0,normal
f09d6205-505b-49bd-85ad-20d09f7c5cff,2981,User_272,User_482,1127677,6d7a47394a6004a11777048edb7b14915aa72b73ca6ae9054ce3d02ee6971c03,2027-04-06T08:29:11.828412,0,normal
c35a7133-676f-46c9-a110-73552b8c9908,1196,User_352,User_446,1438478,98db7896af8e49ce6a6e23cf2c0ed13f69b4c956ce93e48fb8bf2ef98af7d5e9,2026-11-28T05:32:31.828412,0,normal
0ad87f15-bee9-4852-915a-70442a9a386b,1651,User_44,User_50,4108341,13d7863800f0d505ba4aab8a7da9798b3e55f86e912bde11d2aaec42ebd031f9,2026-09-01T01:06:15.828412,0,normal
0d6f7d48-42d3-4a1f-b075-d93fb34a13fd,2092,User_97,User_196,27439995,7e43b294f1d56c38463579c65ea8947ecfc91da16d68ec76551c364db47a7265,2027-03-23T08:11:39.828412,1,abnormal_price
c5d64fbb-fec2-47d7-8fd4-fe29919fce25,1460,User_23,User_437,4703902,29dce9b1ba4fb46edaddd4c3dcfd0166566f02d8878fcd882917108f6c2f88d1,2026-10-21T23:36:32.828412,0,normal
c247f93c-7ba2-48a4-b6c6-510b53b93d54,2969,User_37,User_58,3926551,d31779dd1718564d364ef76d5631aec384682a45b346b7b6477872a0e96bd81b,2027-04-12T09:41:19.828412,0,normal
6a4b8960-7572-4ca5-bb44-888ec3cedba2,1575,User_170,User_9,3406156,02a4554e353119b4828e6e5aaf0d77651b32b7868513412a8205f89810ffd00d,2027-05-05T17:38:09.828412,0,normal
7e90244e-c6da-4bb6-b588-bae173aba662,2185,User_194,User_493,106596,6777c29e7705bc810509eb9bfbcfa83bb3d2b638e364ba986164abe5839e7322,2026-11-16T11:15:00.828412,1,abnormal_price
3d365116-b5f3-4209-b050-0dfb38d5315d,2493,User_66,User_32,3225411,719f146b4e4f032b4b3c0f960e8eb5f7aa9dcc7cc68820e4a6b84cba0665776c,2026-10-07T07:19:58.828412,0,normal
520df0d8-c042-4f8d-a825-3ce522cb0420,2458,User_9,User_390,4384323,f250939f4d3f2fc9f96a011afab7d49cefcfcae256b809acbd50a3d4bc7da3a5,2027-05-19T15:33:40.828412,1,abnormal_price
c15c6dcf-fc68-4d3a-86ae-c8142e391ebf,2888,User_132,User_278,3604382,a55af2d87fe0cd7501edcd86aaec60fe59630be9d823a04037c583d289e99561,2027-07-07T03:35:50.828412,1,abnormal_price
6da8ae6a-d3e7-4db3-aefa-59d20903e98a,1545,User_497,User_466,373588,e26b26d277a746a3e2c192a4e5eb3a45e30ccfe91aa44d13d1a90d2b47bd697a,2027-08-07T07:22:25.828412,0,normal
304cf6c5-80d9-4870-95fe-b3d610a18756,2757,User_438,User_51,1455937,a68d384c21c7cd91d11bf5659c04eebbdcf9cec5bb2717960d8ab35f3b90ab05,2026-09-02T22:28:00.828412,0,normal
51bdfec1-2373-4c2e-b6a3-bbf4b4288e20,2194,User_282,User_448,78328,8e46b371fcd76fbc0610cfd1ccbe498aed59cce323f9308c1c939de0da2a53e3,2027-07-15T12:08:44.828412,1,abnormal_price
d61d9028-9b97-4a64-96d4-cc26b36e4519,1623,User_174,User_187,825765,72c7d511f53ebdc7016ae4631547c29ac562ce96984f9a764a28490797d7ecdd,2027-07-20T15:42:26.828412,0,normal
efc656a9-1a79-42a6-8dd5-c5e799af9a69,1941,User_420,User_25,642703,e9fe9bbcacb9ddbe169fcccd94fd7b65ee23f53bbbfb640ef989fdb1a1c773b1,2027-07-31T12:16:06.828412,0,normal
f01452ed-2e16-451d-afd4-de25a2983bd1,2603,User_168,User_85,2151975,0f343c8cd8f86cefed852a17069c91785d247bb97c6e35c78b366e3d2fb89c93,2026-10-28T20:20:00.828412,0,normal
eb53fb4c-283c-43c5-9df6-efde69acc371,1037,User_90,User_489,1106432,bd56c3f21bc51ee7646f9745c8f000aecefa28bbc8e9b2b98880490af93c1f31,2027-07-21T23:07:39.828412,0,normal
a8cf6aad-b8aa-4846-9ee6-4c063478fbf7,1124,User_6,User_430,2345116,6d4c614b4da9d8b49e3389e8e20ea4a15c88e445850f5a163d7147eeca5ca067,2027-02-17T13:16:13.828412,0,normal
02f50490-4ada-4c79-9e18-a00f6a169e02,1791,User_416,User_447,2246183,64dbf5ec7214e6ed3b1507a1f35ace0a5cbcf71ff958acb5c6eef62082c34105,2027-07-16T12:22:46.828412,1,duplicate_land
90f5e29f-d83d-46d6-ab51-2a96d78ffc14,1154,User_145,User_485,1184372,7c1aa1ef941f12d8ebeb2fb6033e029141db3e8c7a0d0225acc9d0cd561e4964,2026-09-20T10:54:18.828412,0,normal
e680a4c2-32a5-4e6b-bcd1-595a437975fa,1537,User_28,User_20,2002480,52bf40af2d1fd4c4ac02a9df4f46e9bf1b123a75b1982b5f6bd869b58fd46985,2027-06-08T22:17:44.828412,0,normal
a0e0e395-cbdd-4ea5-beb2-ef3fb6945601,1407,User_391,User_88,4146133,c39600bcf20c6910780968c7679b873f5ac668f4ab6dfb3fc1d6331ae47a270f,2027-04-23T10:50:01.828412,0,normal
e6d3a6dc-9172-4b83-8eb5-2f158f60dff6,1933,User_414,User_323,2918819,d69c3b4497fba03e6a909c300c42d1bc6c406fea79e63bc9291b802c6fd354bf,2026-12-10T15:16:04.828412,1,rapid_transfer
7958a61a-2379-4f4c-aa14-ec6446de2e6f,1794,User_474,User_391,4382525,52043e0d5708d8171595b759447ee4fb168d671d562d0f6dcf909a7a3c022ea7,2026-12-06T12:23:50.828412,0,normal
52c14f9b-44a1-431c-ba79-fb33b13e417b,1936,User_421,User_294,5878824,9ea31b187022bdcdeb57f7a4150fce1260828bf363a34a4dc83e537f1571b3c5,2026-12-31T13:24:53.828412,0,normal
79f8a982-c80e-4bfa-96a1-2436c18ca970,1122,User_441,User_38,731383,1135bdd42be1a1737134e704b25c1272556a06b315c11dfcac93290c3e829131,2026-11-27T02:43:08.828412,0,normal
258a905b-48ae-42ba-81dd-e3238772a7f8,1619,User_277,User_405,3185359,584ac831313f6ea15ee62166411bcd272b01ce7c2a20d4dcf7951dfcd0b864b6,2026-09-26T00:03:36.828412,0,normal
c4162884-6ec8-431a-9f35-55a2b4b43d5d,1137,User_222,User_286,2992824,48a063c3cea27e6295b69ce5eda6f3e5f91325b4b421fae11939d02e5733f516,2027-01-25T12:35:16.828412,0,normal
e250e124-0177-411e-8c45-6f682d2a7730,1990,User_256,User_231,1616653,586db9bf1bf436fcd411c4464be5ce691199ec71b39c0e64ee78fff38f8017ae,2027-05-29T00:01:32.828412,0,normal
7ba4aed7-2ad7-48b7-9099-082a2f14a584,2040,User_321,User_410,4273739,7cfe799cadbd3426062820ad243766ee180cab00518850cf90042d70b8a53ea0,2026-09-12T18:33:00.828412,0,normal
115c95db-3838-48a9-8bd4-70a2e766e574,2853,User_28,User_303,2708545,7f4dec992d8428a14d63a8092ae1124012644e36d566a4873df652b855060410,2026-10-23T18:04:03.828412,0,normal
7c6824cb-6218-4b23-8339-d1818b81d662,2570,User_140,User_142,5365662,f47d8830c67d7d95458bc26e57935e36997c06d33b22a8774de2fc797251c193,2027-05-02T18:49:19.828412,0,normal
994e302b-2cb1-4ac9-9d24-d773e90ff6bb,2902,User_308,User_119,978776,009931af4b749187d81a2a7d9aad8d0e6ecbc1100d7bd38d55e5953cec1bd171,2027-02-11T16:18:43.828412,0,normal
21994dc7-15f4-4c3d-8baa-58f7b577d4f6,2846,User_258,User_199,4299733,1f9f770a21d2ba00f5f6d773cf9ee32f8cf70483094b0cd3c677a58d08d88c4b,2027-01-13T19:07:39.828412,0,normal
80546e29-2397-465d-8579-bac64607c3c0,2322,User_467,User_300,1774613,b793d98d1a59fda6b9e36aef24f3808f7ef5ae43a1d1e783d70813ec6e317004,2027-08-08T17:26:42.828412,1,duplicate_document
17a3174e-ac07-4a6e-a0ae-83b8b5cb25ac,1576,User_308,User_499,438038,a93804da9c12457a53cf3ee873994560d52f1ec156df2f78d0bac7952531d934,2027-06-05T12:22:46.828412,0,normal
5d32d621-deae-48e6-a29e-5c2c7100524f,2441,User_404,User_258,1505907,e8ad93aa2f5eda5725d162851d153ee1399102efeae4f352d18d8b7add5dad79,2027-01-22T21:27:25.828412,1,duplicate_land
f5e15059-d87e-467f-bc7f-c0447119a6df,1846,User_212,User_397,4109242,b560246c7e55e06859b46b4e3a89cecf7ade5f774ba4f5c782133194dedb8013,2027-07-03T01:58:58.828412,0,normal
2392a843-78b2-400b-8ab2-036b64261dcf,2206,User_53,User_415,3326997,e27b81521d876eebfa33d170b7fd537e09c9b33a8401082022d37f5da4f65b19,2027-03-05T07:19:52.828412,1,duplicate_document
bd1bb54d-a094-48fb-838d-8270b0307dfa,1081,User_158,User_388,1412979,ebb89ccf1f86c0b408225fa54fe266e83ac2a3f8a41e6981fb2cd76035d0b1b8,2027-06-25T03:16:16.828412,0,normal
58e359c5-6c88-4af1-a474-d14aa952f3a4,1972,User_462,User_388,3927650,71bf4c3e5384d22fdba7c3e96c1b70f6b73657ce9654ea62f7c2b1b3d1ee519c,2026-10-09T13:56:26.828412,0,normal
8c7d8c70-350c-47f9-90a5-ddf9a9125179,2705,User_345,User_456,1640134,52e7835f3228ab265fc387da18506c60d8bf8af87f906a084c29aa850f95994c,2027-08-06T15:06:25.828412,0,normal
2a1d72ea-4743-465c-90e2-b9e5a625117f,2305,User_330,User_318,3034094,fc349037a11c4c1514232e05d0893d3df0f919de0ff3ab19963b9770f0d22792,2027-03-21T03:59:35.828412,0,normal
888b642a-406c-4b6c-92dc-333b2cc9807a,1730,User_379,User_311,3494538,d353494f4b6d092d90d0e1899337e437e9d6064bc5a9d043fce221e303a96abc,2027-03-10T16:22:54.828412,0,normal
04bf222e-8374-48c4-aba4-0551235586e3,1295,User_462,User_54,3131078,ef9c9f8e23f4846baa55a2a37a61e511950a5f205f365a9972b2edb7c3f4d878,2027-07-15T00:54:25.828412,0,normal
7ef5952a-7236-4c76-845e-f3fcfdfe8203,2258,User_113,User_145,4365268,6dbe2fccc3a6043178bbfb36d164a8fec51030ea9e499626d66e475da030229a,2026-10-24T10:26:59.828412,1,duplicate_document
48d0cdd5-4495-4d11-85d9-8f27318b75f2,1977,User_279,User_132,3982624,0e1c75cdfc1caa7379a4fa599b1f06afa1d9c9fdff1814e409a2a70f7d4523cd,2026-12-17T23:54:05.828412,0,normal
143a60f5-3b69-491c-a927-aad9597748c8,2471,User_106,User_444,3709468,25caca200857d41f9574e22fc67211d7dc61b3ada8ddcbd599c0231c8290c40c,2026-11-06T15:14:30.828412,0,normal
094656da-8532-4f32-96a9-26999e39e44c,1334,User_64,User_335,3223830,0f0e78ef0fc0c4be5b14900edab9f353e96afb63914d35030a1e4254cde8f265,2027-04-26T21:10:24.828412,0,normal
2e6b1793-b17f-4624-a990-a786f00f7fa0,2297,User_351,User_373,3327417,bd706e2f553cee9e4cf61471285208db79c85955d61f39a1ab1f5c0f1b5dd7a3,2027-01-16T02:39:39.828412,0,normal
b6f37518-a07f-436a-bed3-ae92074aed69,2391,User_324,User_445,315141,9c25842762b873e2130e9620d0b3e60c1d2baeb0cf0caca661ce47cff22a54d5,2026-10-17T10:49:52.828412,0,normal
7b9a2067-f9ec-4a85-ad41-e648ff073430,2149,User_338,User_251,566416,19233ae0c94ae5e30c5cc30c75e03901de45cdf30f1b2ab748e3f8cfd3f783d7,2027-07-06T04:04:24.828412,0,normal
95c9f64c-7341-4073-8ab2-0a110924d981,2046,User_201,User_23,4621375,22febcff29b9a7bb7edce85ef4d94eb8077b54eba8ac0cfafd4ed3224e48ca21,2026-09-18T16:15:57.828412,0,normal
2e998a95-ebd9-491f-8514-9465a9c99379,1172,User_26,User_344,831673,7610ed09a75599f4120f10574cdfea7a30a22ac2c0a1ef2fcb3b7bee7bb3c5e3,2027-04-17T03:08:36.828412,1,rapid_transfer
8bda0189-0974-474e-a13d-429ba18ce922,2696,User_363,User_325,396276,7699051bae2496b4f299dbdbf17f9c807b3a20b36edbc3fdd0f1e2ffd67ffe66,2027-03-29T07:46:44.828412,0,normal
a58663fb-a771-47f9-8a2e-aa0268cd622a,2185,User_194,User_151,4902534,6777c29e7705bc810509eb9bfbcfa83bb3d2b638e364ba986164abe5839e7322,2027-08-03T21:20:58.828412,0,normal
a9645ecf-10ff-482c-8f72-5fc8ecbf90cb,1583,User_300,User_220,3453151,b4a9231a265a8b4f2d0da3d77e69467cba25382ff1535095113c464c7d8dba7d,2027-03-28T02:47:46.828412,0,normal
b0da7ef8-896a-4827-b81e-43e347cca8f6,1322,User_22,User_369,4187627,acc6a57539aceb4ff5fb6d8acb3026ca8d13ea6b9baafde54de904726e087661,2026-08-26T02:10:17.828412,0,normal
99885e95-1ca4-4f4c-a29e-adbd05deaa11,2067,User_215,User_201,3445836,990f4690c5a03568c8a3e69d059577d105f1047eca929cfd09b4317c39a96c47,2027-02-06T13:53:24.828412,1,rapid_transfer
7f87aaca-243d-46f9-9985-985ee41bf5a4,1938,User_75,User_439,1010401,4345d165537a809d0f1ab70a8838a80d333b50b4bbd5f1373d93f61617237397,2026-12-11T12:35:29.828412,0,normal
ca1f52e6-b8a2-4558-84ae-1901462c2de7,2641,User_111,User_400,5206611,91d820084090d0c189e93f4fa4c5dc65c25e6805716bcb7231171f40db9212ea,2027-08-09T14:45:14.828412,0,normal
77d928a8-e6af-4af8-a19e-efe37b18bd22,1757,User_331,User_412,4265065,bbf6a5dec59f7d6b591942f883f9259b9938caceee66315a2aadd2ce3a028ec0,2027-06-17T01:56:59.828412,0,normal
7aafb185-7e95-4c02-92ed-8d511627f174,2604,User_356,User_183,3869648,df48b17e9e6c28214fcefae873e91d4d7b90addcd39193b7b9ca64bfd6a396e6,2026-12-08T11:53:28.828412,0,normal
1003c549-efd6-4cc2-923c-070f99250f3e,2222,User_53,User_26,2793947,f10c1bd8d66012533e3438f387a7ae110b6340aee61f17d24c25c2e661b85b4a,2026-11-23T08:57:31.828412,0,normal
ed2eff90-e681-485e-a6c6-e5111d998a87,1260,User_203,User_104,933873,cf61b254a81e42ff85c2b886df7eae7fc9855fb0daacec9077d53bf58122e61b,2027-02-16T16:30:03.828412,0,normal
795d5164-e301-4ed3-8ebe-00129265950d,1927,User_372,User_492,2539424,e693e5c619ea693e17f97daabef1ed50e7a8b38bc93723982b3de1226cd4ae7d,2027-02-12T11:21:09.828412,0,normal
20a63550-ffe5-42fe-a8be-5b229695e387,1076,User_9,User_198,4026327,634569349610a4df05933b3734c4231015e9412c31ebbac15af028294cf06b95,2027-06-26T15:19:51.828412,0,normal
3836347c-d029-4f99-b4ad-19dbc6de23bd,2878,User_177,User_115,4112638,23432327f9d2a4c7b1c4b3d843a2afb43a13b2f1564dfc6f4fd7a935a194bebc,2026-09-25T20:06:01.828412,0,normal
8cc85fd8-eb95-4708-a92d-0052f8f03a38,2174,User_162,User_96,396468,d71ab9ddfc826fccdeb238951fbfddbb027ed983a28c85d688c9a1b2ee73e347,2027-08-09T02:11:33.828412,0,normal
d87a158d-b0ad-482e-a8a7-e8bffdd91e00,1511,User_9,User_130,1196175,c86acff3f14c6d2af58646a1cd53120288da8c87375e6e95ed5b44b7187406ca,2027-08-09T01:36:51.828412,0,normal
c50b655c-8e19-4ea1-90e7-b81f355295f8,2678,User_89,User_413,3491832,988ff224126a6743b6b838adfa0457a4401342de789d59359403335edff4aef3,2026-10-04T08:28:57.828412,0,normal
8cb89f82-468e-42eb-86e5-c290246c897c,2476,User_442,User_187,4701691,427459f47ee16570b4dccbbf52551041572cf62337d87a9988d7e8bc163c3cbc,2027-03-14T13:12:59.828412,1,duplicate_document
1ecb53e1-aff9-4fb5-b365-24ff46672940,2527,User_180,User_120,2500286,6208945045b289d1df22d75610930f6563f14600ba7125d07cf7dcaafbc1cd53,2026-09-10T05:51:33.828412,0,normal
f4a50883-0c3b-49f2-ae5e-d6a1c348969b,1476,User_394,User_108,3568532,d852037423ab0b7ee6d404847edfc6a7bcfb9dc0a71268e172e8bd9e5a6beb70,2027-05-05T05:58:46.828412,1,duplicate_document
b8c6f62a-6150-409e-a05d-710a5b7d8d35,2415,User_278,User_247,2226063,d21b1d114b69973400ec9811c6b2319ca4d7cf00c33b5a1bee6cfe3fb4e1ae38,2027-03-10T16:10:28.828412,0,normal
4c741fa5-f5df-4199-9b8a-ad8ea1f8d7ac,2342,User_144,User_47,2812098,364598484c92cd02608bca27ef8b13140f11b3f871147db67de59d2bbef6a6fa,2027-07-15T23:25:57.828412,0,normal
05156ea5-528c-4a36-bc71-f1cfa1235036,1252,User_366,User_321,10905175,8bfcb8bab8f4fe81fdd52787fdb8786825e3cf7fad5982d321139d1920321e2e,2026-09-09T06:38:27.828412,1,abnormal_price
8ac2ef17-e505-42c3-b9fa-e52140a8c8a0,1710,User_431,User_210,2426246,c04e6b071b7ac69fb71348ff8035898fbd540fc7da0a41246bafb69532f60ea9,2027-03-20T00:23:32.828412,0,normal
4e3fc4a6-1d0b-4ed4-b07d-dcce4bab6364,1760,User_393,User_331,1368141,8835a013dcc1d3619c32e82220f9a7757d9b1cc6fcca921da02beea6a2ee67db,2027-08-03T16:29:13.828412,0,normal
49dca5f9-19c1-4897-8d1d-1bf38e5ebdc1,1730,User_311,User_161,4068121,d353494f4b6d092d90d0e1899337e437e9d6064bc5a9d043fce221e303a96abc,2027-07-23T06:49:01.828412,0,normal
5677fbda-aa24-48cf-b749-25ee1e55558c,1660,User_491,User_4,3910787,fefd38380e5cd8dcc10076207e89bdec2a782b8770b1530f7d7cb1d4f5665255,2027-03-21T18:04:35.828412,0,normal
1c741fbf-25d9-4cc8-928d-a26a61e24753,1453,User_209,User_268,4759503,2724b26b9e4d76373b337d925f9df5a686a79916f33a289663a57fc90ac405d4,2026-09-05T05:12:33.828412,0,normal
aa13a8d7-4f27-4ad2-842d-5ea64ba9f8cb,1199,User_291,User_261,4293858,d09cbd35c51cb7feb8906f067d71e4b9e9075b278bc3ac6effb9299dd530ad14,2027-08-05T22:48:12.828412,0,normal
8e44c282-2545-45ac-9007-2c25efe29f4b,2733,User_98,User_274,4649220,846d1504da23f5c65adf03573f0d5c856e1e7c90d3e58af1998b0e3a684df4ed,2027-07-13T20:29:24.828412,0,normal
fb3cc32f-088f-4016-a787-893544be6894,1330,User_284,User_37,3757976,61b2d676d1b3425dd5bf3f855da84eb0b7f174e137b1b51e40e20faf3c168664,2026-12-10T21:46:22.828412,0,normal
6e36ec7a-cf05-4fa6-a45b-0b8c91b712be,2570,User_142,User_106,246424,f47d8830c67d7d95458bc26e57935e36997c06d33b22a8774de2fc797251c193,2027-04-09T17:46:55.828412,1,abnormal_price
1fd9295c-1706-4c0e-bd48-35235c368929,1447,User_32,User_327,3485882,5784ccc7a4a5116a209a3832b98b3548c3d532cbc8a808880bf92e0c264d426f,2027-07-25T20:21:07.828412,0,normal
8ddf67a7-feee-48dd-acd4-32c244fd2bd2,1470,User_219,User_482,219428,08b9349be2e5fb1eef39dd8380bfc17781f1aa2adf5c1e79b35a6546404a38d4,2027-08-10T03:46:18.828412,1,abnormal_price
09d8410a-d76d-4c28-a73a-55ae9d4bf014,2450,User_171,User_355,4125227,8d7f3560e1b9f6e26e69da1d87fd09d64bf91d7a45ee40c1361858923dc51e76,2026-09-05T21:33:18.828412,0,normal
3c7c5bd5-0bc6-4c97-ad80-71df5d52b237,1367,User_223,User_459,3392735,6388be109224949ad6bc152d0177663c92d7a02305d675585aec7621244cb462,2027-01-05T02:16:27.828412,0,normal
56e37518-1ec7-40ce-8c82-194880606d86,2767,User_285,User_96,5714480,4106f4056f7857a5a883e291fdb20c601fd977349e7814445e4e18afa8fe15f1,2026-11-05T20:29:43.828412,0,normal
5b9f5370-30e6-4b79-abb4-61dcb6d57bc8,1062,User_408,User_125,2663950,59cbbe32c38383061b20dc575218a4c2e4fde42d7a7343f809b9fd319f6e6267,2027-08-12T21:29:37.828412,0,normal
6bdb7169-a495-413c-a16a-63daf2e9985f,1292,User_450,User_60,3289889,a95787f92b09573989ef699f574dd2ec962fe40452c0025a21646779e43b90c9,2027-08-04T10:21:15.828412,0,normal
63335365-a9b0-4076-9051-8a1f0cbb73a4,2365,User_405,User_395,2141371,06d52d69e5cf9862b36373eb3119b3697d33207c9df3f750c63e353791204aa4,2027-01-22T01:08:21.828412,1,abnormal_price
aeae5acc-40b9-40ea-ad8e-1279840a5cce,1300,User_235,User_83,3509913,d4bba4f7bb8f6ca7c0d9f6a65e1084665c8631a4a191de680c3bc06acacc6c21,2027-02-11T23:39:24.828412,0,normal
32721908-c5e2-4f10-917a-8f1c492a4bf9,1114,User_183,User_360,4332192,29461361bf665221259b2009a9382daf4c357acf4dc78318e7885a1dcf04b481,2027-07-06T22:41:11.828412,0,normal
cd8771f8-e9ce-4476-b51c-40345407342b,1674,User_458,User_326,916235,2ba2625617acf1b662d467c1f8372c7618f6a2dbe13de024170d21a80df42fee,2026-11-28T13:23:05.828412,0,normal
8a4d5c5b-fa46-4d46-8638-a9b7f490847b,2039,User_76,User_232,3760311,186b38dcb8c073569c9130ff7692ccd31318ebce4360e6c248bceca122395edc,2026-10-09T03:07:20.828412,0,normal
fd23cffb-bcda-4776-b7a3-43712a9e307b,2590,User_422,User_117,2872374,8a8b4bbe9da31fa27eaaa4607e4f28da82a070288b3f3b690e310082bd3b8bf5,2027-06-13T14:27:04.828412,0,normal
2dbaf96d-9b7b-4d87-b15e-ec949cf222cd,2473,User_499,User_85,4106971,7ac786b7b77d8d2508f74ba9af65f829547e77d09b3655288681609594ebbecc,2026-12-25T04:03:03.828412,0,normal
7b923637-95b5-468f-aa4c-14b82b345ed3,2555,User_253,User_325,1342389,56b437a28c9968fb3d2231ee793aff869a7acfaff58e61aba17c95d158df7e0b,2027-01-13T17:31:38.828412,0,normal
3818424b-dccf-4d17-bce0-b33a08a0e0a5,1194,User_212,User_197,452089,ef909d2373b46ce370564047ddf8c7e9cdfbcc552f78a953c1bf33694ccea1f6,2026-12-01T10:07:24.828412,0,normal
551ec456-e9c1-4e3b-b8f2-f8fdce6a4913,2396,User_200,User_20,2210646,282a32a3470777252dd0c1dba759efa6aa0a3dba8cab14f8c6aa93a74a41d611,2027-03-23T20:21:05.828412,1,duplicate_document
8d21d143-191e-457c-8b89-5eac279d3685,1991,User_475,User_242,1450950,64e14c96db8454a1a2e5eeaad5758bb7b24c9e1e67e807f6cccd669437b32934,2027-02-10T12:32:18.828412,0,normal
30f04ae8-2b71-4ae6-96c6-1cf3cb14555b,2618,User_310,User_42,3397742,a3cd31d49103371a15eb7d116e027d7120312e8aa1ac771068e09a2b4ae96722,2027-01-27T02:21:54.828412,0,normal
6f4adc44-3403-457a-9d24-ced8ac6e8f66,1288,User_259,User_444,3530340,12a67d23fb605bfa759d8f2a25841dde3f4f144eebb2302922386d097ac51713,2027-07-27T05:18:53.828412,0,normal
94a4d808-4f81-4df4-8f96-6a25c5441a51,1731,User_219,User_61,5123070,c0d73bbc3b491561c48c0093e95eeb4235f0cd794e2ae1885f238970e41b4128,2027-07-21T17:42:15.828412,0,normal
93018837-9899-45f6-9f8a-fd49e10ce395,1616,User_262,User_384,2189774,a1af7c679b12718c08ed00191df7a3f84c786dfe213169e0e089385e93dae7d6,2027-01-24T12:39:52.828412,1,duplicate_land
bae3096f-dd5f-4761-bf7d-96a6ddc27b79,2966,User_19,User_245,3364612,f31f821227da912fb62cffc4ca7bf54bae037953c72adbcd7ee114d2cee8d8cf,2027-07-16T05:25:25.828412,0,normal
0c6948c2-bc61-4790-a199-da203b43d470,1206,User_416,User_134,2921460,855b6d476bdd0201f000c375d48ca4df2aa7338c2813ccddff3f44018f7b2889,2027-05-02T23:32:19.828412,1,duplicate_document
a38f9f60-b261-420c-9ba8-e871616b155b,1027,User_388,User_412,2462460,f570085b701b77c9b6f2e1f679af61d672fbaa4dbec6ed3c1f598d31dcc40c0f,2027-07-31T12:03:48.828412,0,normal
49eb9541-7d5f-4e14-90e4-388bc2f99a72,2481,User_351,User_348,1946707,a0593f6c3006b8e9c8309eaa80301af4c24457a4b012c605edba9c028cc0586c,2027-05-26T06:41:48.828412,0,normal
0c8b0ba4-f25a-4a97-95cd-2d36ed9a03be,1600,User_394,User_56,2562406,78d633acf1f5c081ba40bedb3c04850895752af7b7ee63ff7b188c87ff210dd9,2026-10-12T12:07:14.828412,0,normal
88365951-9521-421f-94e1-fa034b9509b3,2366,User_184,User_344,306846,f8a5d3ebc28cfe8c8280c1884e867a0a94c5f0c0a401c8d01e0db8bc9efd8f17,2026-08-25T02:47:55.828412,1,duplicate_land
44ea8490-0b4a-4190-839a-33332228e688,2708,User_64,User_144,5111415,77b4930411b398953add4b5fd25021b33848f179e173a5897264958ea8f90395,2027-03-23T16:52:49.828412,0,normal
7760c9fa-369f-4b48-9533-039622e2ed1d,1547,User_157,User_347,1123408,13f7a9d7c85d83910a67aa6b7f2a63427de9abb9f186be6e22da186b9352b6f3,2027-04-02T17:28:43.828412,0,normal
f59cb1b6-92e5-430c-8625-b7d0cb192747,1580,User_191,User_470,7026172,01288414d9c6974ceb6a01846082e165c86f176699f175cc2ed04c6084e9cc60,2026-12-15T20:44:16.828412,0,normal
053151d6-2cc1-455b-9aa1-59e6ed5199e2,1875,User_150,User_195,1813231,9383418df1f0c8bbec7763c0f72ec01aaa9b82f0c342330c42f420bcfdd60da0,2027-01-09T06:33:02.828412,1,duplicate_land
71fa70a9-5f2c-412e-b569-69fe0a5bf27d,2859,User_288,User_115,3447473,21e29e3921e7103c400bc9e968a341bda0d029bf3097dac82f73d2d0fa84ce16,2027-01-07T14:57:01.828412,0,normal
b0df634e-05c7-4530-b963-e7021d565c04,1758,User_353,User_372,1794723,8080e5b6110dd7425dd3f712fe5297adeb286a0a741f3dabbdf4d3068b99fabc,2027-07-13T12:51:55.828412,0,normal
7d24dd26-beab-43df-bb9a-b2b95f2d6457,1428,User_116,User_173,1433894,bc4bd1bccdb9b2b9d5374d389c1e6eaee2e32d8d657bec10c1054a734156060d,2027-03-19T04:11:12.828412,0,normal
f16e533b-efbd-458f-903d-27bc3715f85e,1317,User_270,User_17,2364417,bfa6bc44868050b83189f4de0f225ad3021522e083b75bdddddb54c51232a5b5,2026-09-19T17:40:29.828412,0,normal
e1d6b5c4-8e77-4a77-a634-4aed9fbd7dae,2052,User_291,User_270,2486766,5fba31f6579f6068bb3837afd8121d5ef63541c20dde86cda26c13de5f6e7afa,2027-01-20T13:48:40.828412,1,duplicate_land
dd04352a-a9c3-4228-bec8-c21bbc7254ee,1478,User_166,User_47,2735968,2f2faeff1dfe0b398116507e2916217392962b2203a834629d5edb5fab363351,2027-05-27T14:03:21.828412,0,normal
65afbaf5-ef76-409d-87f8-b755b024470f,1412,User_442,User_222,3283771,7cebe66758d03cac606f7847c5bc43f2c944c2e25c2a2b638fca33804d18d664,2026-09-17T21:52:17.828412,1,duplicate_land
5a4afd05-c571-4825-a955-a52062a05a4b,1713,User_114,User_199,844849,3c42fbafed271544dc0d95639afc3f435bfeef510365bafcecffda6b72266bec,2026-09-08T19:01:33.828412,0,normal
019e30dc-90e9-41b3-95e9-c1d51d8fa79d,1550,User_115,User_415,1084890,621e63df74e35d32564b690e9696b097fb8e5d873a472f9cf0d80466f98d038e,2027-03-28T20:19:52.828412,0,normal
549a8e34-09c1-48f9-a3cb-4d58ba89c2a9,1372,User_217,User_145,816016,9a6f65ac8e19000cf1ed72d2dc7062779da4e193934018d687a6f8bd2cc55f21,2027-05-16T15:59:12.828412,0,normal
368ca567-5af6-48ff-9327-36f698963c95,2782,User_103,User_269,4176457,3c21f0cbc03b85e542ce006ad2c1ab6ad77053e3245901f328705610600a4b76,2026-12-23T18:02:04.828412,1,duplicate_document
75fae2a0-0238-4a92-8c4d-e745272c20a0,2555,User_325,User_119,1267187,56b437a28c9968fb3d2231ee793aff869a7acfaff58e61aba17c95d158df7e0b,2026-09-21T13:33:40.828412,0,normal
dfce86d8-2ef3-46e6-b916-459f39575fdd,1346,User_184,User_215,413082,f8c2e632f9c30be417d85c1bdf7f4769c07ff76270182947881e813449fc4568,2027-08-12T20:18:19.828412,1,abnormal_price
310ee2ee-8159-4392-b4d8-378dd8c0be04,1761,User_312,User_65,2350221,1b18e3131bc291dd30f25ed11e1de5bffd98a6db16c8f7c8dc1a2156bf8361fc,2026-09-25T07:08:14.828412,0,normal
68f17d49-5136-4cb8-bc74-1554bc487641,1110,User_197,User_414,3213559,868e86c2219b1fe3d9995381c19b919f11ee14c820d660e5684db7db513bbd31,2026-11-30T20:18:01.828412,0,normal
e2cba61a-4ef9-422e-be5a-9c17c9916e7f,2548,User_32,User_362,2163915,7ecf083eaf672682da221f1201ffa13189b400d0bdd8ee0d23e5a838528dcb6a,2027-06-06T04:07:36.828412,0,normal
7d021f9f-b771-4d5a-bf27-2c2839e2173d,2318,User_24,User_357,2328292,9dadbbf3e54c0664595121fe2384ea99c83b782766ec2b7b6e5649b56484deb7,2026-08-17T05:29:05.828412,1,duplicate_document
3d065bb3-9087-4753-8185-1d2ad3001400,1491,User_250,User_329,1816891,7004a27ba265a17ed2b745a0fbe46490e8f7374924bc332a811e84f1c5d1840b,2026-12-30T16:35:28.828412,0,normal
14288bf3-6c79-498a-bf96-2f56024a0ffb,1530,User_444,User_6,6162126,c384db6ff45bc5f7d3a5b27459adc4cf0034682f6625fabd82b0763d9fdb19ee,2026-12-11T08:05:29.828412,0,normal
b7c67933-09e6-42db-b0e7-848b80b974b0,1095,User_477,User_236,2562361,537ed88c966de876e30f10ae7363f0a6e71121f730a42d872bf6c286eab96e3a,2026-09-17T07:45:04.828412,0,normal
2c72df33-94f2-44f2-8562-afa0251ab000,2762,User_244,User_442,4989071,ee41ac333c4f22d2b3cea3f64822f2ba929476ecbec31cdff65229ce8309e819,2027-03-07T12:36:06.828412,1,duplicate_document
ddf2f73e-a05f-428b-ad70-ae40ceee420c,1670,User_319,User_88,2099712,a30b1330454cc50777eafaf5eb3518b7ac41385cbe245d1d88f0b37e3c14d52b,2027-05-01T09:19:26.828412,0,normal
541e7f63-ee11-4be2-8f6e-8663ec2eea6e,2763,User_459,User_295,1105981,766ff0264f11d5ef9ff6f9847f207a7fbd81e64bd0dbbfa54cf72aaf5b3226b7,2027-01-01T20:20:38.828412,1,duplicate_land
d4f62816-8306-4928-904e-e9dc35e45fd8,1733,User_473,User_62,3358464,256e39b07b1dda780eb3c9fcc597e6c1526b9ade662579be846074e61dd2a14c,2026-09-07T11:26:03.828412,0,normal
091fdf8d-13c3-44c5-bac8-635a6909fe76,1414,User_325,User_319,78187,b2268b9a80ce50031169f7309ff8d35525bd2fe694623da6c12f8b34318efb02,2027-02-19T05:46:47.828412,1,abnormal_price
1efe4ea7-f3a3-4923-8fc9-5d5c4474a99e,2824,User_24,User_302,2896449,fce18c8ee1b8a8f844bf60acca4d51088fb7b5ef049b24d7ce07bcc0d161797b,2026-09-08T03:31:11.828412,0,normal
d2055fe4-28ae-4d2e-8733-6de480a53f5c,2419,User_65,User_369,4426541,1d75eed117eae8b45075e1537f32be9898ced1fd57cf2f28a3c9bba8de245d76,2026-11-06T21:35:23.828412,0,normal
53c2e98b-566d-426c-826d-787ad45b32df,2753,User_479,User_30,540321,5418bca8d32ee637b14775ac054e9cc29a95dd90388241e815bf884bda1e6b44,2026-12-08T16:22:21.828412,0,normal
6e9323b8-f6e8-43ea-adf6-d2d5a11bda7a,2662,User_70,User_234,6127824,868387b905d82bee88325e378b358b3344c57e6a4c7067cc91a6aff49eb9df6c,2027-05-23T15:28:13.828412,0,normal
e90a3671-9d5d-4b18-98a3-14d6323cf25f,1069,User_405,User_482,915648,60953b9bd32ce1985136ae26e5d8bad7be5f9f9ad9aaeef6edf11518eed5015a,2026-10-26T12:37:37.828412,0,normal
24f382f5-2ff5-45c1-8c70-eef6f6884571,1218,User_442,User_474,2686584,a8d8e3557cad6e7aaf5b718b409737aa7c5ea855896d77032902957b60293bc5,2026-08-17T04:19:57.828412,0,normal
4b4c42cf-7f7c-440a-971d-eac86eff29ef,1318,User_335,User_201,3258196,f3a48601553a2b405eca6547543cedaa5e36cbd907d50d0e1a25a4e6316bcc08,2026-09-17T17:34:50.828412,1,duplicate_document
06c132b9-e941-4cc2-b843-63ee14e7dce4,2652,User_339,User_184,4513403,0456c34483ab3c873bddfe55c1d9f11a84fe3374eff43e599236db44e023a5a5,2027-06-03T03:37:50.828412,1,duplicate_land
cca1ae90-85c8-4562-adfb-4a37a2f65118,1562,User_165,User_428,49497720,493ab60f0b9f3c2008c8f6c719df2b28f46f18fe291aeae1d39068b8f436b851,2027-07-22T16:56:19.828412,1,abnormal_price
dabfe9a9-7136-46ac-9304-1746aac5de72,1017,User_35,User_482,15559110,8a182f88265bae9341deaaa2ea07f657c04a57cf790cd3e62ec39b4330191ba9,2026-08-15T17:08:59.828412,1,abnormal_price
fb931e79-740c-455f-9622-29cd286d4e49,1282,User_311,User_300,4122452,ebfbc0ed2ca5cdba3693b9a6146e478a96ad6a5adf2c0ef6e38a7bce623d21c8,2027-07-26T07:36:21.828412,0,normal
7cfd1184-ffef-40aa-9e1a-158521eba21d,1070,User_46,User_146,1695972,c88d4b5d901893f8d7c750223e33c2ece0558bffb380877b3bbe91d08d073c11,2027-01-10T10:03:23.828412,0,normal
f881486b-d2d5-4c12-bd48-a8f2375e68c8,1600,User_325,User_249,4310308,6ba3d12ae44168488cb19a8983cb9f23bebb1909df9279f9ba28d409949eda9f,2027-07-25T16:40:22.828412,1,duplicate_land
a142a304-0d94-4475-9774-b7b68aa8862a,2454,User_302,User_209,3144467,f16207ff882757d75620ec17129d67516ee78d23bb4a56b275e599381d27ef1c,2027-04-06T20:41:13.828412,0,normal
f3f8b632-d1a0-4b18-a894-3d17b7f09a18,1944,User_66,User_329,2518513,10bacd7a276bf62dc48a5412e99ea73b3528972802807249e35989fbdfa1ae4c,2027-04-07T14:15:39.828412,0,normal
08bd7c64-9244-4a7c-9899-a1a9216297eb,2030,User_63,User_21,3298717,7a5603eb2d0c750f367aa4ca28ea3b2d1bb894c1a2f30067b95370c75f6543a9,2026-10-27T14:54:57.828412,0,normal
d891d339-1bb1-4ada-8126-564b47d871e0,1442,User_148,User_411,4134232,758fd4e45973d512feea03517d2f0552556661e38b32d1971da123f131bcd679,2027-01-26T04:47:50.828412,0,normal
067640ba-cccd-4d83-a163-4d0222fb4d92,2618,User_42,User_135,3772308,a3cd31d49103371a15eb7d116e027d7120312e8aa1ac771068e09a2b4ae96722,2026-12-20T13:11:52.828412,0,normal
0a4b6da1-4329-40c2-b75c-8f5f6e9469ea,2790,User_89,User_328,1941521,1b6afce458cab683f1e637315efe9773708b641b9b4dd7f667499c2dfe57b548,2027-08-01T01:06:30.828412,0,normal
145a17dc-f189-4885-8c82-c36402905291,2477,User_456,User_476,1162164,0632ba640e4f734673294c851bcccbedd31225abfecdb254b206b8a4c3c2d400,2027-02-21T11:15:39.828412,0,normal
aa74b985-3d36-48fb-a2d8-beb3e6ca9010,2172,User_87,User_84,2824664,ec959a5c6673344e4847406fa42526439dc7b828ca0bce82f6d8b1e0e7db9cd4,2026-10-20T15:02:49.828412,0,normal
37801093-880a-455b-bc2c-192957117558,2930,User_434,User_387,3125400,3ff194aee254d9258d350b39179ea8f6930ca1239b3717ba8aaa753d1187dcca,2027-07-01T06:47:01.828412,0,normal
7ab95088-5f4b-4dc3-9eb1-3d4705eea686,2973,User_275,User_337,662342,c04a464c25d552788ba6666b06cc868b0b2afc9ae3fc513804ca45678efd7523,2026-10-17T09:46:57.828412,0,normal
b8e7b7d5-260a-4f99-80cb-602186d80386,1001,User_484,User_6,1280490,7750ec38e1bec84150522b4b0d0a84521b3f2902dc810907ee4e86956a6096e3,2027-05-14T12:29:22.828412,0,normal
b0e6689f-392f-4c06-ab61-f5123dc02e9c,2084,User_396,User_490,2850637,85642905982b5321fe079952d5833dff208eb74b8289536f19a696323ec37452,2027-01-21T20:16:13.828412,0,normal
6aa8cb34-203c-44f0-920f-6498f4912d90,2734,User_482,User_150,2196495,ed4872496cd07c1498308cab63e8a4693754f3854a36fc2d4abccf58418f62ae,2026-09-09T22:29:54.828412,0,normal
7bbb2196-7ba2-455b-ba5f-58141cff40b0,1681,User_57,User_288,4461320,2599d94d3445d67005ede6b8a25d3f43aa0f67aa260d0936daaa8de624c22e20,2026-11-16T19:24:21.828412,0,normal
11572f3d-dd48-4e45-9806-f45a000b4049,1719,User_193,User_221,5674688,94bea97e339afcb08082df7a8c107decbd4c75cd72153b99108f1285b02681b1,2026-09-23T23:28:45.828412,0,normal
c4c1ca92-4533-4551-923a-fbdefdb1b88c,1870,User_37,User_289,947851,ac4f4edaa23a6419e34803cab2fc1ff541a38c9de2fa236a6f864f89ef95d680,2026-11-17T14:48:28.828412,0,normal
9da3f2aa-6700-422b-a222-638375e72fc8,2015,User_147,User_23,3363291,01d1965b287281c90a568f249569fd0dcbdd92d04bea723431137ce225cda3d7,2027-01-12T10:41:40.828412,0,normal
ac5cae15-08b4-40ee-bc1b-f00b96d23c7f,2902,User_119,User_104,1161965,009931af4b749187d81a2a7d9aad8d0e6ecbc1100d7bd38d55e5953cec1bd171,2026-09-24T14:42:16.828412,0,normal
45d38bc0-d01a-4a7c-8f12-f73122ebbbac,1699,User_280,User_64,5597488,d00549707c5251d8887c0bacc4c8f885f46383e5de2f475aa972f695b2acd534,2026-08-24T13:33:04.828412,0,normal
c2701a75-47db-4e98-a0a7-02aa865d16e7,2546,User_442,User_397,4771564,010c2b304f174f8d1ee09a7c68915f620cfab408458c54081da3cadbd85d473a,2026-09-29T22:14:55.828412,1,duplicate_land
364f33d6-8469-415e-9238-79e409c696c4,1987,User_395,User_97,2221001,cf1fec93325876f0f4f98a6a32a892b2e510b5faac2824963a951d58e08dd5b2,2026-09-07T17:41:40.828412,0,normal
12b01b49-47ff-45d0-a88d-47ca9928223d,1584,User_497,User_325,3705959,8073643acb30c17d60053b684087cd6fe10382ac7df9e7e1c1a92e38a08d4f5d,2026-09-10T10:42:33.828412,0,normal
a4adac19-f64d-4caf-82ba-03f0ab375a11,1526,User_384,User_313,4648516,ca09f84a7bc3ee70e464c9dde44b02e06b2ed9572ca069f72660d04c250a4673,2027-06-04T20:59:16.828412,0,normal
92253a66-54d5-4b2b-8cee-7a77693a7cad,2167,User_115,User_81,4439512,4e8294fd0aff4c1b228cd862635af77a50125c076d61ea2fd6b0b73a862eff63,2027-06-15T14:08:16.828412,0,normal
100e8e3a-f282-4e40-8016-061b43faed22,2312,User_10,User_401,736087,4ba58e4b8061feab03147f537e72dc7c9f3197bc8b2899300c308d420ef9a9c9,2027-03-21T20:55:14.828412,0,normal
3e55fcec-3e75-4548-9057-3c8cfea1153d,2470,User_13,User_317,1300791,6dd165cbd1c2b55bd1ed7403049ac93d3d908407aeceac332226da3f559c0e14,2026-11-21T21:42:41.828412,0,normal
a8e4e48b-2567-4472-80c0-368f0f6c635c,2126,User_289,User_418,3826279,3abe2c446879ace8d950bcde1ddbc4c1af7970910447441342370af1c396454b,2026-11-15T15:38:06.828412,0,normal
37baf50b-ee3c-4cae-8a60-533132766ba3,2379,User_352,User_420,1683006,5380cb1598288525939e5bf78f04d1e7649316d38e8b93419338d0b6dcd84603,2026-12-06T06:39:11.828412,1,rapid_transfer
394721a5-e0c8-420e-80dc-be36ad2a37a7,1737,User_103,User_323,1547193,e9745201c0c8c61c4fdc13e4f3e0ee98c7668d1df03f4a93326226fa53dd46e7,2026-09-27T04:32:26.828412,1,duplicate_document
0ac59485-04fb-44a1-8eb0-d33801201b46,1687,User_209,User_201,777424,208a1a0eeb6388edf2d518673c261a415f22fa28a23c4f916671174af44c91b4,2027-01-08T06:34:10.828412,1,abnormal_price
2555b48b-2401-4c5d-b94f-f022dd7e2d18,1050,User_197,User_83,6470835,c406d1f36f6d37b27254f5113c9ee202c1ee896e95a893caa5398923ca641202,2027-07-22T04:11:03.828412,0,normal
0dbe79ea-1c61-4188-8951-2046a99ccdff,2125,User_430,User_240,1003245,44ce9cc302724b0745e8fe426c6be0f29636b3469daf6787bc47ecc223b25647,2026-11-06T22:25:35.828412,0,normal
de3256a4-50ae-4304-b870-281f6dcfa51e,1211,User_272,User_250,1324450,bb46f2625c531c44d232212a2723275c66dea66489c8dfbb59d6751450309f00,2026-08-31T23:45:19.828412,0,normal
6f00f0c6-427b-4f47-b676-4d519b8356ed,2329,User_400,User_1,760062,daba69ecdf36bad314e560a9c55779d5a60e9c192c862049606baa0a489b65bc,2027-03-10T20:30:24.828412,0,normal
d4bc8c03-c2d2-4951-9f11-521cd7df2a01,2631,User_307,User_49,4261649,7a76a965990daef2aecaca74b4b9af3f844fb323bcbebe354637bdb96eb84653,2027-04-17T10:52:48.828412,0,normal
27428a59-3eee-4da6-ae2f-21efee1baadd,2913,User_267,User_45,3180869,910ae39d8a36f40e34c7215cd496a6edc168e17c5c07b4ccd2ecb09dcbaeb9de,2026-11-02T08:26:23.828412,0,normal
57d7adbb-eeb4-42f4-82eb-f1d78374758a,1881,User_154,User_201,5401634,4bc8a6618e419552d1b4e920e0657d912c46b7a4c8d60202b0cc0ffddb0199b4,2027-06-03T11:43:08.828412,0,normal
0d277764-9932-47d8-9a7e-8559bf83eab2,1728,User_69,User_154,2011977,d5010b083b7222966c90fce5022dd5efce53c0c15b41d8273e57e0c8b60d39e3,2026-09-24T23:01:22.828412,0,normal
2bb07127-ffe2-44a4-897e-a5351098969c,2144,User_375,User_239,3286910,0d38e2e756ae3171c6b1d519bb2d331eed810f8fc2da0136531df54115028d07,2027-07-11T13:14:27.828412,0,normal
3ed937d3-9530-4117-9ebe-eb8d47f8c2ad,1876,User_123,User_15,2302090,35e409a88088e7f455f79ea433a34c4422e29dc03ff3c2e6bcc23cab59ad6c23,2026-12-24T06:51:58.828412,0,normal
65668e88-8f58-4f45-a372-4f03a6e6ead6,1183,User_426,User_82,1995108,8f2620bc3651d00e4ea8e5de21852b6554e8da072e52935b1a132366e117370e,2027-07-15T18:02:22.828412,0,normal
9a089c74-ff5b-4e90-9c6a-0444013b4e06,2565,User_390,User_161,2442075,a9a73402a6266994fe46dffcdab3da03d231ac2a392e9ecde3ad36207d969ba8,2026-12-15T19:24:55.828412,0,normal
f0db8d3b-74ed-4fd5-b6ac-d76aec2b5d58,1480,User_339,User_141,3845728,66b172021600b88e033d269389245825bf7bfe371d411974ee38539391919018,2027-04-13T22:32:42.828412,0,normal
2043158e-63b3-4d44-b072-a968cd25ebb9,1977,User_132,User_184,3188379,0e1c75cdfc1caa7379a4fa599b1f06afa1d9c9fdff1814e409a2a70f7d4523cd,2027-03-20T09:13:35.828412,0,normal
5db84bc5-7cb7-4ae4-862d-79491de9dbad,1266,User_356,User_227,4337556,68c19165d3b227a0608443956407e6cf80b839d8dbed8de6e9075db159ebc012,2026-11-10T23:37:21.828412,0,normal
a9d88409-6b28-4df0-92f4-41e9bf3f59fb,1705,User_202,User_104,3938140,79d6a3c7733cf458545901734d80be4c2fe50781436155278e0c954eef49318b,2027-07-06T02:00:06.828412,0,normal
1e104b22-f948-4ae5-ab2f-9d951d0e54e9,2615,User_132,User_104,1473180,5f546443ccdf6df48d7dd7e2b1e75487efc6dc731279fae3660f184b29f80b4a,2027-07-03T20:10:31.828412,0,normal
03cc20fc-6f3d-4678-9736-8064ab2ac9f6,2574,User_134,User_387,4194789,cfa246246904511896af155575f5b7bdc2184de49ddc8f181b7ca69f5dcf5d6a,2027-04-24T10:44:40.828412,0,normal
a0a809a3-9765-4a06-8991-e69972f9fccd,2080,User_398,User_26,2338752,fd80ea7f198d2a317149ea54bbc2550d2e4ada93f621b80dcdd5ccae23ba704c,2026-12-29T01:40:57.828412,0,normal
243df985-c7ac-4082-9f7b-ecce0108ba3e,2317,User_138,User_466,301210,4a50438b18baac282b1f9000f2392ae368f32831b0f9331c8baeabd99329315d,2027-03-15T20:06:12.828412,0,normal
6c53adfc-be01-4767-bb8c-fa482356a6de,2679,User_235,User_432,1862526,a92689aa8707351702e84ba29d228e8bbfb70efca6cd39d6b02a0e2a1d98125b,2027-04-19T22:26:20.828412,0,normal
641995f6-6008-4774-b257-59218c94eebc,1722,User_496,User_4,617747,16aed8a9a43800fd69727cd0d1b3630d3df04ad78fab8db56704bd53a2e3c52d,2027-01-31T12:35:13.828412,0,normal
80ad4531-2b0d-45e5-b2c8-7f1d01d6c08a,1347,User_234,User_133,3182245,6ce8060596cdf1a6eba743d9350c69d2929ed047473d2aefa3ccad7ea04c5dd0,2027-06-05T03:39:57.828412,0,normal
f12d5b52-2a41-42cb-a226-6418aecc18e6,2524,User_106,User_449,954510,c754a10fe5fb7d4fb624aac36d86b17778c674a48ad32ebc9764360bbce920c3,2027-01-11T05:28:24.828412,1,rapid_transfer
f2524c21-d1d8-4916-8903-69ba518f1d4d,2760,User_399,User_81,2397508,4140e2cf0be66ee4c8f0199727e6bef509df97474e8393c012db2aedab4e3755,2027-07-19T06:38:05.828412,0,normal
28fa8f39-44b6-4b61-8ced-b1d902a6a9e3,1082,User_230,User_47,3548909,505515f39ed837023252341d0dcceb11b3f621454610e103b404d2c5aa3c4a2c,2027-05-23T17:54:12.828412,1,duplicate_document
37f6f79a-562a-4c62-89b7-18a371e2b782,1776,User_215,User_298,356878,7c7b68d380958e9f5fc5a30a7e469713a94fa6131b4bd6928de405d24c90c0c2,2027-03-02T17:56:31.828412,0,normal
a8a0f7c4-9d73-4e84-8a2f-5b62b092a47c,1497,User_117,User_463,1296780,034d99ee7e71a2db8897fa7f45a316175afe1462aabe3e9b8e247ece1062c84a,2027-06-20T01:01:17.828412,0,normal
0d7f1d2b-8772-4c20-925c-5c5af2f589d0,2789,User_126,User_210,7951925,8aee7f679794e5e5bee52e4a50b744ab822f78991099b7912badd24b2664abc9,2027-01-11T20:25:22.828412,1,abnormal_price
ff7f6917-7fa5-4809-a709-ac3a7ae94be8,1379,User_335,User_207,1158696,089d39d108101e942e335508b7382a8ae7049468d980c38ec27a4e6d4e5a807f,2026-09-28T19:57:29.828412,0,normal
fc75cc6b-6d11-4ff7-809f-9af9394bbf63,1205,User_252,User_445,1297496,290ab166aa30ab5fd60d39210466f65963f9651963c0399e3481ddc5cb6448de,2027-01-14T10:38:01.828412,0,normal
bd0695f5-3009-4b69-99ab-462d8113c297,1109,User_233,User_50,1172969,4f8c2967b5264cf0dd7127ecfe5e284cbc7fb3ab534aefb50e9add9d36a40a7c,2026-10-13T10:48:46.828412,0,normal
d6647dff-cda5-47d3-9e95-5532817bd382,2667,User_353,User_464,1691935,dd9cbbfb4c815353ab3641d5cd3f8273dc652ecb7472d3c821ffd424e6ff3368,2026-12-03T19:28:26.828412,0,normal
33e904b1-caf0-4c56-bef9-7ffd283688b3,2311,User_23,User_184,977501,ae2f3a092218f93d739c8a5b178652eba2e1d96193efb23a8065e1c5897d5e6c,2027-04-21T10:06:15.828412,0,normal
9223337b-4b3b-48aa-869f-01b9a56296db,2600,User_379,User_282,3247948,c501f99f2ecf8bcbd7b200fde774e5d8461c2ee273dc7bf4eda16524f2d227b9,2026-12-13T04:16:00.828412,0,normal
c431861f-9c49-4fc0-8a61-58580097cc33,1667,User_302,User_147,334320,c2678e525b6e3ad5230c5bf245cd0af155c479d35bced5f0f53e075d08c16691,2027-04-02T12:45:55.828412,0,normal
514e8c68-fed3-4d72-90fa-d9e0c55cd357,2009,User_140,User_45,25772205,0d5d1c3941e67dc16c6374eb4c2fcc3694e84bed59c379e7596c968db718def2,2027-04-24T21:17:02.828412,1,abnormal_price
20119bd2-f6e1-4b10-a86e-b7584909aac0,2565,User_161,User_109,4178569,852abdc07d16260f39648f1def51f99e18154d7f37f061be71cfe832655b8d8a,2026-11-29T15:14:04.828412,1,duplicate_document
988fdc20-e411-4da1-a3a9-25558125e6c0,2367,User_95,User_365,3790244,5494c38efbb9eea8423a5690ad0b235eb36b079ebce8c6f61c65df13c40be43c,2027-02-27T04:06:00.828412,1,abnormal_price
22c77e2c-1220-47b3-b2e5-839c80876933,1141,User_422,User_474,2686397,efc62d5d73f384c599456e843cc061283adb4fe20e781c63199fd23032b478d7,2026-12-30T05:17:15.828412,0,normal
66d8cbd9-15be-4714-b161-39e37b9b396a,1979,User_295,User_262,1884891,9ebe621cae36f2cb3a4fa1bfd9d141a91eeb3c795f78443ac00c2a64f6a39a8e,2027-02-08T18:51:22.828412,0,normal
93b38f36-1caf-4dc3-87b9-5dfcc24673c6,2027,User_26,User_92,1344500,790ffa3c82e2a34a77d011308d482e4e8d9d60c82090e5e3cc81ef219f73eb08,2026-11-08T16:49:15.828412,0,normal
fc3a7a68-3aad-4646-96e3-9e3dc0b1aee1,2988,User_384,User_456,2880772,643225e22ca31df6afaf6f6c7590445d6ab9ae2b87f55582f6ff51a04a9942df,2026-10-26T06:40:02.828412,0,normal
b80c84a5-2c9e-4412-80d6-fa21671caa73,1560,User_460,User_316,2418446,a3bfebdb1895fc42900d28226969ceea4de82aa638cb2b38cf12b752843062e1,2026-09-02T03:05:26.828412,0,normal
de0eb0d9-bd14-4b67-b4f3-698151e1cd4a,2667,User_464,User_208,1795641,dd9cbbfb4c815353ab3641d5cd3f8273dc652ecb7472d3c821ffd424e6ff3368,2027-07-19T22:20:56.828412,0,normal
12344cfe-d696-44e0-90aa-a7fd59dae753,1502,User_178,User_354,2639063,b49140dbf4efea2285d389c9c3376c959a57715849924fffe6865b90a5f31fca,2027-04-17T18:22:59.828412,1,duplicate_land
06b6b16c-6c99-4dca-af0b-0fae2745b524,1999,User_494,User_82,21423980,9a6d865948e515d6de5bf9212ab83c1302bd81ec4b90ada0b83e9e745c262619,2027-05-15T04:32:17.828412,1,abnormal_price
3cc98c3a-fe87-4347-8ee4-0fca221f7ca6,1684,User_175,User_319,3226275,3a28584c40d802bd46cc760f1b9c5fa46b865cafeab372b1b3e5f0ed8adf269f,2027-02-03T13:46:14.828412,0,normal
8c788690-3e47-4fbb-a658-08b2f6fa6ff7,2222,User_26,User_444,2861708,f10c1bd8d66012533e3438f387a7ae110b6340aee61f17d24c25c2e661b85b4a,2027-01-31T14:18:27.828412,0,normal
e4f30a37-8d88-4e1e-86da-7af241239ae5,1583,User_220,User_5,3211892,b4a9231a265a8b4f2d0da3d77e69467cba25382ff1535095113c464c7d8dba7d,2026-11-20T21:42:31.828412,0,normal
7e198417-7507-4ca9-a3e0-212b00f175b3,1499,User_91,User_13,1818434,ea306905420f079ad35a3e078a50845c620235b2649dd9818576be07a71ae9bd,2027-04-16T15:17:03.828412,0,normal
87c34749-315c-4247-89c4-5021b14efbce,2504,User_124,User_217,3092856,ee1dc831fdda6cc107788fd398861db76b00cb0f9937b3131523ae4b4e234d39,2026-11-09T13:56:24.828412,0,normal
ac7cc9b5-a752-47bc-9db5-5c6024ea8649,1496,User_342,User_481,2761255,8f77a8ff4492feb34341586b27d7c3d59abdc54e17b831b2542790496e59e6e4,2026-11-24T09:59:40.828412,0,normal
b765ea18-a0a6-4f95-aebe-df135c399e8e,2733,User_274,User_138,4017145,846d1504da23f5c65adf03573f0d5c856e1e7c90d3e58af1998b0e3a684df4ed,2027-02-20T19:45:36.828412,0,normal
b56761ea-99c6-4f07-916d-6303121b811e,2160,User_224,User_216,1281047,0b34a1c1f9b875c6a1c235fc7b0148eda64e9d38bb46370ca259697003d23a7e,2027-05-16T07:16:03.828412,0,normal
88ac54f8-39a2-435c-93bf-d508b2b8bd75,1361,User_325,User_179,2479279,ef57597acf6ef3099bea2616a24ce569f30590b603217bea0e4c97e8a189181b,2027-03-01T09:05:31.828412,0,normal
1169fc14-4465-4e39-8605-6d7747ce8bd4,2117,User_319,User_483,1659125,9ff83643caa7f9726cbf964f1461f3dd6cbe8ad92359362ccccef6b41d9485ef,2026-11-11T15:30:29.828412,0,normal
554662f7-004c-4e68-b6f3-bc98ec062e02,2852,User_177,User_276,4415411,af6990ec929322bdd2f391db2daf8b3be36e64f1638535d90e83a2179f9c98c9,2027-08-06T02:43:31.828412,0,normal
7e425cd1-e353-46a0-8997-65c4a7431291,1220,User_247,User_154,2910088,86edfc1f501a764cd85d1fc9c53657fccf69fd79c469198bff857f7e34be393c,2026-08-25T13:32:08.828412,0,normal
dc9c7acd-2d68-4c95-9418-b5c2667cd444,2750,User_203,User_394,3930768,8bf1ae04afa2c9213467e8fca81b30cc37dc7f58de431db65e189465549a3fde,2027-03-02T19:36:05.828412,0,normal
e0eceae0-7327-4ef3-ba85-4cbe5bcc3b80,1373,User_409,User_263,3891188,f87d011e3a0e27d5f24e7c0e26df3bea20afcca5b33b0630d3ef156dfc6e1201,2027-03-09T10:40:01.828412,0,normal
e0837de6-fa73-4f37-adfd-c290063f7ea9,1596,User_253,User_408,3661774,38218f799fe717c127fae8621b57ddd5853301cc106903ea6cfdb1ae0bfdb00f,2026-11-08T05:25:27.828412,0,normal
6a5ba677-8bf4-4855-b513-adb01219c339,1742,User_69,User_274,2298749,8f41dc577d48a26d3f161085c4b67b15db5a159bf3ae88358c98d1c2b5f14237,2026-11-22T14:09:51.828412,0,normal
dbd817e3-69f7-4990-8670-b7be76b561de,1218,User_474,User_468,2923891,a8d8e3557cad6e7aaf5b718b409737aa7c5ea855896d77032902957b60293bc5,2026-08-19T05:15:38.828412,0,normal
261ef0cd-7bf7-495d-874f-c30ff736c888,1202,User_231,User_28,2243417,fe431a98b6ed5e8a95f063f8fbb3fe33c4eaa90e6a3eb7276c0c93b12d52bf5e,2027-05-06T10:37:32.828412,0,normal
7e8a090f-f261-441e-a020-02056a32ca3f,2804,User_483,User_130,4142833,59fc61092629cbf221ea8880b4425308e589ab834b7345ab5b2ebc07715efe3d,2027-05-06T08:41:20.828412,1,duplicate_document
fa4f65dd-482f-4ce3-b847-5253d4f95e8d,1922,User_390,User_315,1672940,0685bd23aa319e6bed0878879adbf256bf4df972730563dba6cd0517cb971cbf,2027-07-31T04:41:40.828412,0,normal
f4e285d9-6f2f-4b4f-9d1d-cf5c6853431d,1737,User_103,User_359,6743317,b5cdbf63dbfa318afecf78b6346fc603a3ea9ba230b4e4f52afc3537ad1b51a6,2026-10-04T02:13:06.828412,1,abnormal_price
b426bd16-1422-4483-a943-9f4ffd5bbbea,2182,User_374,User_240,5476207,ce8c75354db4ceebf082282207b090867cabe6417d383fa8faee88b70b7574e1,2027-07-02T16:32:13.828412,0,normal
111ecfcd-a8f6-4ade-9877-e34bb1a917cf,2822,User_458,User_394,2115983,1647dcd1bfc661feb9c893c1ab1fcf00ad0777f3b04201807f2ba104f5e620d5,2027-06-21T10:47:25.828412,0,normal
34ac45fe-2d56-4795-ae00-efcfeff3315a,2724,User_157,User_402,2176397,7be13af984d6fe9cc73fe8fec359bd0823924641017bfb034b6ec9e24ce5229e,2026-08-19T23:27:21.828412,1,duplicate_land
992d7c41-4668-44d2-b03f-a1d73a9251bd,1107,User_62,User_93,3045586,627335d22d4b409388a82ea5f4377bde7568cd36361a91f22a75414bebdf80a4,2027-03-27T20:12:55.828412,0,normal
3f2bf721-1447-46a9-8de5-78f13cafaf1e,2274,User_484,User_453,2241809,dcb1d5f9f5c2db6e8623310e9c9d2cb21bf3431c6692902105891ca0f3ddfc56,2026-11-25T10:40:30.828412,0,normal
d4935709-c373-436b-90d6-35e5cf5c684f,1588,User_171,User_309,3301640,7d80daf07479a2e03b2c758307e324950c1807cca40a964016071dba06a67430,2027-02-17T01:50:56.828412,0,normal
17cc00fc-4801-487a-87a5-51eb4bb534af,1211,User_250,User_271,1311632,bb46f2625c531c44d232212a2723275c66dea66489c8dfbb59d6751450309f00,2027-06-16T15:27:40.828412,0,normal
1af8726c-77e8-41f8-8af6-4f868386157d,1298,User_274,User_330,695690,76083ce73214da37b1e51b672e28c49824a5f2dabe80af01d5fbf6437d2ef492,2027-03-26T11:23:30.828412,0,normal
2c3d6cc4-ce23-4b69-9cae-108df1d46a63,2767,User_96,User_127,5681802,4106f4056f7857a5a883e291fdb20c601fd977349e7814445e4e18afa8fe15f1,2027-01-27T00:12:38.828412,0,normal
f8e97ede-7ae8-4c9e-857a-1367d42ce3a7,1242,User_475,User_147,3316144,b8d686d274bef68b7758c817578715d5dcbecb04a88c762cd087eb5807401bf2,2027-03-21T13:12:59.828412,0,normal
ffe5ceac-4cc8-4ca0-9440-f228c3c98aed,2017,User_346,User_49,5556267,33217dbd81b56ce1af787b0b057160d042b2eee0f0f4947ef42e1827a0676a99,2027-06-30T22:31:07.828412,0,normal
abe1b5e8-f7e0-437f-8e46-319adbeb8713,1894,User_33,User_407,2792244,1fb5f55af7a55db7651c72e7c77af30a1f20dacaa62fb1ec316915f22e4db577,2027-03-15T17:14:32.828412,1,duplicate_document
53833c3b-0161-4afc-a2c9-d32db71a1e2f,1115,User_12,User_229,1164651,21a0f22999e6d9f96491d1e0e8e2bee0075ed2011555b96971c6750ddf08e324,2026-10-03T08:14:55.828412,0,normal
070e12f7-373d-4754-8f71-a750a4231144,2200,User_62,User_241,4023189,3a917b2ef59c52939e40ad9e567bfb8d172d8431e1b7965bc3ad3ad100a68f9a,2027-04-18T18:40:46.828412,0,normal
f438aa9a-2d48-417c-ad3b-b7cb3188eed6,1668,User_466,User_213,2018922,74dca54592bc3422c08b18f1ae00c4ca1107a38215c1454219ce2e3280a96fef,2026-08-29T15:47:58.828412,0,normal
211030f1-72d2-4529-b9e8-c09a8aea3d95,2740,User_484,User_385,3055070,ecc68b80416db0172aed88af1885239f9ae8fa63c1206ce9bf6633ba0012b6d2,2026-08-15T22:54:17.828412,0,normal
b1d44d1f-3d09-42ac-b9ad-93eb9ff62f8d,1101,User_283,User_302,3445270,93785f1872da29ae94e43fadd8e448c7656793a15dcce871a1e63b44d6fb1d6d,2027-07-24T21:35:36.828412,1,duplicate_land
7f94ad08-58a4-4987-af94-30b7911e3c00,2888,User_132,User_65,5488238,a55af2d87fe0cd7501edcd86aaec60fe59630be9d823a04037c583d289e99561,2027-05-23T15:22:47.828412,1,abnormal_price
5ae6a146-5a52-4753-ada3-2aa793382469,2789,User_126,User_442,1512265,8aee7f679794e5e5bee52e4a50b744ab822f78991099b7912badd24b2664abc9,2027-02-11T15:20:31.828412,0,normal
9d6429a0-4566-485f-b3af-d96faf765bc7,1160,User_261,User_316,1240825,43ab5c2fab0814d0fe916c4ddeb1aa05daa5201ca7356a02b87e8c4fbcda067a,2027-05-10T22:33:34.828412,0,normal
01c3784c-2d37-4430-8afd-3a311179e420,2848,User_161,User_133,1609955,edd587224bc50227e811a9b327299f2141875bedc27bb27f1adcff8e4cfaca27,2027-03-19T02:23:42.828412,1,duplicate_land
649235e2-5198-4f64-84da-24a0ddb6908b,2251,User_27,User_83,1572386,e11f846953cabb8ee3189d5795f2089de9972ff773d800f22cce32c9be711b8f,2027-07-27T11:13:44.828412,0,normal
6043449c-da82-4982-b351-f23f3116d49c,1494,User_330,User_379,908605,1230ddbcb13c0e63549073ab40ad55b6e0baf0ea711d124aa073a8e1ca66d407,2026-11-05T05:08:01.828412,0,normal
5d69b3a6-de50-400f-b669-51b86d6bed09,1887,User_23,User_426,1763604,04b0c218430087a1b5f1c8263b451e98df39f905d1e1c7ceb3e63f00db64d317,2027-05-10T03:28:45.828412,0,normal
4bb5e9bf-4686-4271-84fc-d25a866b627f,1491,User_329,User_56,2061661,7004a27ba265a17ed2b745a0fbe46490e8f7374924bc332a811e84f1c5d1840b,2026-09-16T10:44:10.828412,0,normal
a60c694e-a6c7-4935-8d2c-3b539d04ac00,1363,User_499,User_452,1556686,44fa9e65c8f7143c6e053dc90bab9343334670670296c67b4b1d54a6be5fdff2,2027-01-02T13:49:55.828412,0,normal
f469f66f-5b93-4234-8e74-24b61d3cd70b,1191,User_160,User_384,13502878,3b6fdb8b75ab7ce5f0f431c380a230f7e63bb800ce1616f2e8f27b14c8593c32,2027-08-03T20:10:09.828412,1,abnormal_price
9f6cb04b-21bf-491e-9456-bc92289014ae,1090,User_90,User_7,1812017,b7ead74e130edc3c60702957a434024a1fa2aa253154908e304e5898d5b26c35,2026-11-13T15:12:07.828412,0,normal
933de4eb-0edf-4491-8ae6-ac4de06e1d1b,2086,User_83,User_92,1612617,388d6a90cf03ca1854937e4e5738e9af8e2a9a9371250e7993bee78ec9048dc7,2027-05-15T09:15:30.828412,1,duplicate_land
10a6b327-5cfa-4268-be03-f23ea9de594b,1274,User_96,User_462,3170170,d9c730e715c46e46eea64e7b0ecc9226555f2381cd57a84fd669ad2cada111ea,2027-01-04T17:16:53.828412,0,normal
03848fa6-f74c-4a9c-9d81-187149f11b5c,2800,User_460,User_206,2198702,6015f894773e209aa314e613a04b619adbd0b44eb5316ba6b6d38ab0abaafc2c,2026-12-03T22:45:35.828412,1,duplicate_land
60e40927-5dd0-40e7-8326-584542569014,2554,User_499,User_328,4267644,a65e7920eade55cd0af4a0537553a7660e9b1b8d44426c2832530220a177c48d,2026-11-18T18:02:20.828412,0,normal
32a02c5d-7225-484e-91fa-cd4bdf8c5db4,1492,User_161,User_296,4881817,9dff6b0041ff42213e4407b636aaedbc4f799f891480e213f4a54bd5456fc4e8,2026-11-29T15:40:52.828412,0,normal
9a296fa3-f7ff-4468-80b4-af27241288d8,2797,User_285,User_293,481263,4984f30effd16c7f709dadcd401cad7bcc4aca268df88c709ccc14ef87ed62ac,2027-02-16T23:59:48.828412,1,abnormal_price
ffc5e82c-5f87-41e4-aeaf-297033cf392c,1403,User_201,User_38,1378111,6af73d2ef89b90a5999bf76d7c2eae6e89f687adf32c15fd1d2473a766d7638d,2026-10-19T21:15:26.828412,0,normal
82cc13ce-3ef7-475b-81a3-cff12b18b0f0,1973,User_434,User_48,2334710,10e4ce921c7500f71a92f35e7ef4055e664a38a45d6ffa7a644dd3fa6aaa68ea,2027-06-30T05:03:17.828412,0,normal
57f3c252-0cb5-4d6a-9ef2-c19add5b4b67,2385,User_434,User_369,1301170,7cd6906403747e8d058fca13c17c50a307e85a6632f5e151def663dbb7f71cbe,2026-09-22T00:04:44.828412,0,normal
8f6549df-c78c-4c21-9958-05d487812d38,1871,User_403,User_139,1340430,653a09eeb583a20d5ee858ebe617f1f21bc2c59cb04eda61780f4b24ca5b232b,2026-11-01T16:40:44.828412,0,normal
b69df9f6-7080-4746-b1d2-8bc2eb08552b,1110,User_414,User_400,3184099,868e86c2219b1fe3d9995381c19b919f11ee14c820d660e5684db7db513bbd31,2027-07-07T08:36:45.828412,0,normal
60ef4e22-2a32-4ef6-95ba-14690db72f96,1553,User_436,User_83,4511320,653b4184bb2928906e88d9bc7ae1724cb6e02ead5cb7f5a8eca0412c56545526,2026-11-22T04:01:49.828412,0,normal
6973893f-eb66-4e47-b416-9e127c2a2b8d,2227,User_468,User_311,3486066,605f3dcd5a50b9ad9c1068bbc4ef86d8dfba9c32f6f977adc1ed8cd06c518cb0,2027-04-12T07:34:31.828412,0,normal
978a9f0f-d353-4a76-aa89-6c66707f863d,2450,User_355,User_458,4749422,8d7f3560e1b9f6e26e69da1d87fd09d64bf91d7a45ee40c1361858923dc51e76,2027-05-11T07:20:14.828412,0,normal
f0acab8f-6c46-4715-874e-8248f70bee3b,1822,User_232,User_353,2486357,69895900c4f82d7c5d4f4e7630c0a086887295416603c526675d51289c8af190,2026-11-28T03:12:08.828412,0,normal
91612814-90a6-49cb-802f-8b47138f4e09,2142,User_361,User_268,644925,fc2c7de3588774cf6c7b1c2fd3ec443a2a2bcf0b7c07bb9d70d3b8f5d245b4c7,2026-11-03T22:44:50.828412,0,normal
dd527ed4-a25f-4c80-a707-2d72824e0537,1517,User_272,User_211,313985,37c621d3b2505085a7b501782c42e2c5d851fe391be3c7aa39ef1b77e5bb84ef,2026-08-28T11:26:57.828412,0,normal
7c1ae8ae-171b-4e32-9617-b54ad826d7b1,2691,User_479,User_55,30732693,301582428ad0d9d5720298f592af9fbd5bf67d04c53d4c92e780535f0aa019b6,2027-06-16T16:23:17.828412,1,abnormal_price
e6a985c8-25b6-4d73-adbc-7c64f450a7bd,2586,User_5,User_438,1907946,a8b90e8010d835b47bb26ed897604098cd57ed1b7800ab9ccd6fc63a72917d5a,2027-01-09T19:39:12.828412,0,normal
678d4f88-f6df-4b08-8ee7-b38a1a9916bd,2766,User_441,User_17,221920,f28ae11f16c89f080bad3d483f5d1f4900ab53c709de644f441826bfbe6c41f7,2027-03-04T05:30:55.828412,1,abnormal_price
238c6cc7-0025-465a-bfff-ed0993143a07,1011,User_443,User_180,3363665,f4be8e5775a8e55ceb272b1a7ffbc04f26ccd3403e0f7cdb964eff3b55fcc0f0,2026-11-05T09:23:04.828412,1,rapid_transfer
a5619626-15d7-42ef-b023-9da24090cd94,1729,User_464,User_423,772641,3faf337c89342d2f53d12549117707730188f4e2b05e4fdf353502193a1f668e,2027-04-30T05:27:38.828412,0,normal
83ff892d-b2f7-4f4f-a0e4-09e14fa0daa6,2915,User_185,User_346,367584,d2fc4102caef993f57a60b280d31452597524a5679c44eb9a829afd338bde9b2,2027-04-07T02:23:49.828412,1,duplicate_document
c6be0f5f-fd2c-45c1-b94e-046849d14a8a,1856,User_223,User_497,3695743,ed206b6d291c353301f665ff5eacfbf982d265528b6a5fb5b5ca0c62f54f3bd1,2027-06-25T06:38:20.828412,0,normal
330f06c8-6f2a-43f1-a95c-0a1c81601535,1503,User_48,User_191,2406953,5178b8ae1046ebbcf1bb8a541286b015639846a030e0e6c76c5a88da74024fbb,2026-12-03T22:50:43.828412,0,normal
4849ef12-a757-458e-bcb9-931c82e40ce0,1226,User_246,User_275,3332657,0ab1b379026f0fe44e0eaa1b07dd1459c9baee922f17db754d3480230d6110ea,2027-04-24T20:10:39.828412,0,normal
78831460-5132-4871-8078-00e27598d938,2714,User_225,User_437,3240742,c3e4d78f554d99b79ebbe6cbf6089973a7d1f0752977aa479e26d36ea5314220,2026-12-22T04:59:23.828412,0,normal
414a24d9-a92c-4b29-90d3-743778cdfd9a,2145,User_71,User_237,4566518,9d6613850d189cc5f2d8b2be0e2e5544c6102eb53017bd7474d744cc9288dfad,2027-08-05T19:31:16.828412,0,normal
947c4dd9-5809-42b1-b5b1-11eaa0a3a07d,2779,User_492,User_246,4321884,c2d5918e3bb9c95a242d515a1d7fce4792cc2bfe8e179008027ebcd9f20c47a1,2026-09-19T13:09:51.828412,0,normal
090eae7d-e13c-4931-9608-938f5788e136,1911,User_300,User_89,4265301,2e1da7d6e1656df517b8c2bb1115a18f76455a6e2faf5b19d4fdd9ed66e0be34,2027-05-01T03:01:48.828412,0,normal
83ace37e-5c99-417e-9a7a-a9859ca1afe1,1978,User_500,User_107,3222645,0a9c5441d9b0e7a23f2332a1cab8a39c6f5326a5ad4f6c12ac5ce2b1ae319c86,2027-05-04T23:35:12.828412,0,normal
581b9fcc-46fc-490a-aebd-6ad1e631dfec,2784,User_118,User_395,3614403,98231a4c518aee5541138d43a156e8f0664712674345437ca631744295d554e1,2027-06-30T13:38:52.828412,0,normal
c53c6d0b-3615-4747-86e8-581299392f8d,1539,User_266,User_380,1069471,e884e1f236829d05c26a1b6ab7d35ee40c8bf3ffe722b272c45e24a82414d6aa,2027-07-06T12:06:03.828412,0,normal
b564c906-aba1-4e4d-9a71-d4c60219edb7,2380,User_491,User_354,1070055,33217dbd81b56ce1af787b0b057160d042b2eee0f0f4947ef42e1827a0676a99,2027-03-14T07:29:22.828412,1,duplicate_document
af496b0f-6bca-4f03-89d0-1576141a5856,2668,User_429,User_421,3965613,2916ecfe3e97259c454f8073ae04edf44d5a01b8f73ad413fdaa3eac86eee865,2027-01-07T09:42:18.828412,1,duplicate_document
25f107cf-a2c3-4985-af0c-5c0fabe808ac,1331,User_258,User_397,1341345,b82aa07b0a57628db7540e1911d00d74a38f256bcb8d85911b6eb4f8dc2c5451,2026-12-16T07:17:33.828412,0,normal
83c17458-7334-4b20-9d79-172e31e5c43f,1696,User_162,User_216,1914433,7cfb6fb1623884eb7f960a88dd6c3066343a16a651dbde4d7869c05c3eb31150,2027-01-19T14:15:25.828412,0,normal
b082720c-a4ce-4d82-b9e1-a219c7384922,1348,User_370,User_140,1646237,46e4b9aaa939e4e8d04d69bf01e402a7be2e9dc709fdc9c412069237e90e3ab0,2027-06-14T15:21:02.828412,0,normal
de778052-90bc-4161-9d6e-a90693a1cdbe,2025,User_439,User_346,1388406,d8c89ba56cb474c4fda8e1750306b97cd08e3c01dddefa91cbb7788a521a27fd,2026-12-22T22:07:19.828412,0,normal
c05a1036-5594-48f3-903d-97ab549350b8,2232,User_430,User_66,4063318,2302e05934fb57afd6f98e6ae6b11784d4bc2021455d76011ea0025e4d3332dd,2027-04-29T02:50:38.828412,0,normal
54081f70-ca11-41c0-ac68-15ddccc8b8a3,2277,User_265,User_5,332426,093f45a4c606f59363bcce2160a8981f3e6a8924d9e841afba5c6b8e6ff86119,2026-12-15T17:03:42.828412,1,abnormal_price
78409f8f-60bb-4e1f-a79d-6b5654d81147,2532,User_455,User_53,322866,bfe0e178c37044830a460784310114e9faa0724c8ca4d8491c03201666cfa08e,2027-06-14T18:46:32.828412,0,normal
f76ff5f0-4c14-40f6-808a-60c8a61ffc90,2519,User_409,User_36,3932192,9ff8cc9a55ca630f63b00f0b13eb882166616ba44e29e9abbc19597613db8371,2027-01-24T20:51:32.828412,0,normal
06eb79f9-924a-47e5-b40f-c08edc4708cd,2998,User_69,User_108,5108312,21690f9809a5a35b2d9e51bf8fd7b32c13876640fd22a56fdece8ce7deb38e0a,2026-10-31T22:15:46.828412,0,normal
a2e20ad0-111a-4149-ab23-8fdb6484588c,1968,User_461,User_308,1191982,55ffa6e4690bc81c8b5682579bc50d342afa4f7c8a16287ae709db6174b5f563,2026-09-30T08:38:23.828412,1,rapid_transfer
614281a3-3705-46f4-b470-e22105dfc24c,1712,User_410,User_497,1416353,79d64008c9e753eafda0b89a824a379d2f8d3bd6f00a58a1293b83eaaf8f00e9,2027-06-06T23:49:18.828412,0,normal
c8c29a55-5db3-4ee3-8a3b-d65df639ae71,1841,User_131,User_170,4442720,f493c92bc0ec862980729534ae7747b76c0e883b38aba55059224523c54d6f25,2027-08-10T03:07:37.828412,0,normal
51312a27-2df8-4888-9cc0-842b7a8991d3,1454,User_253,User_417,1403156,359a4601fd6fb6c26f10edb032e10985aa7b86010573a1125e447386eb0e39bc,2027-05-10T21:34:59.828412,1,duplicate_document
9023b18c-e075-49a2-bd00-4ebd50a73bcd,2701,User_47,User_107,3645883,c7666ed9f7912a5ecf39938230c0a74643d27a4f2c0ce3153bdbae5a8d8dc820,2027-05-22T18:29:47.828412,0,normal
eb3edb27-e734-45e9-9ec2-809f1321ac91,1957,User_483,User_236,4231288,acb088da2377071c8cbe0e592f6f09ede8a3fb8a2c6bef2e7d7ff4da38af17af,2026-10-17T13:38:26.828412,0,normal
1398d945-2ebf-45fe-a021-ee6c762ba6b8,1057,User_44,User_110,6150873,9dadbbf3e54c0664595121fe2384ea99c83b782766ec2b7b6e5649b56484deb7,2026-09-29T15:54:33.828412,0,normal
30e002c8-980e-4cc5-8bf2-613eed158155,1582,User_397,User_444,1354133,7e923635b7114de852224ddcaa1602167aa374ce3a2682068c959bc51a681461,2026-10-10T06:40:07.828412,0,normal
9cd6b8e5-1b84-4cb9-aeef-cb04e4f2c4f5,1258,User_321,User_341,1472138,5db748d45561fe38d56281f928f864a4347526828a20430daf77dded88ec5fa7,2027-06-14T10:28:30.828412,0,normal
21fe2423-88f7-400c-96f9-29d04c10506f,1093,User_17,User_410,595599,aa62df0b851c1eefadb3b121fb2565634a432e7dcb61dd8c33f6037c534b8c63,2026-10-02T07:56:18.828412,0,normal
df0db749-70c7-4a71-be23-1bd8f9586b3e,2568,User_499,User_340,3025532,f47aafb3743b8b6b0e2435ee13d13303a58848a181092b16e346868bd3d713c0,2027-06-21T15:38:18.828412,1,duplicate_document
2505573f-d885-4515-b56a-de9c3ff48ee9,2436,User_34,User_162,3457894,14fd07f178b8b0165a4ebf88869c4ae42ce3f877eca6b149a56d918c665a6130,2027-07-28T02:20:31.828412,0,normal
c9af9c4c-52a5-48ae-9ebd-ec6041ca6349,1163,User_236,User_261,396915,6a894277c45df8a651e1f9f8f85bf655fae6999c50d438b77e98d4e8eab67beb,2027-03-01T09:01:19.828412,0,normal
64c36802-b7d6-4f00-bb89-6f411d097a08,2021,User_170,User_139,4748569,07f385ee3055ab68a43c39688f29a09aa0c4a308d12d47328c0155aa9ed22f5d,2027-05-23T22:06:05.828412,0,normal
1a20382b-de35-4b28-8b75-82ccc61043b5,2018,User_86,User_28,2294130,be9f3c22fff60b54f57f6e7b19b258101e1a5f71167a98ca3fae7c1eff439dbc,2027-08-01T05:46:30.828412,0,normal
11b4aecb-daf1-45cd-8636-02e6f2c75faa,2363,User_29,User_202,4767708,f2adf6910e38bcfbcbb73451663c3538472473dfa428dbbdae2fb5886e16b8b4,2026-09-28T20:29:22.828412,0,normal
0cc6c848-ccfc-4f4a-a5d4-dee4543c20ea,2550,User_76,User_262,3868830,840b0067f68e87b6a0060691e7e44e81c2758bc158cf12167670bcb8b9ea38f1,2027-05-17T17:08:20.828412,0,normal
39357dfc-41ca-4791-9a30-bd90bb423fd1,2582,User_238,User_205,590308,14fd07f178b8b0165a4ebf88869c4ae42ce3f877eca6b149a56d918c665a6130,2027-02-03T21:19:38.828412,1,duplicate_document
e44f5596-cda1-4621-ac1b-c868b3f8caee,2017,User_49,User_67,6073432,33217dbd81b56ce1af787b0b057160d042b2eee0f0f4947ef42e1827a0676a99,2027-06-16T23:44:28.828412,0,normal
20eca142-98e5-48a7-a7e1-94c68284dee7,2015,User_23,User_383,3362408,01d1965b287281c90a568f249569fd0dcbdd92d04bea723431137ce225cda3d7,2026-10-15T16:47:57.828412,0,normal
3b19ea0c-5354-4d30-a4d8-e6ab2e6ab077,2791,User_265,User_105,4526116,e725d5bbd0f94b472e62e528ba8c6786ead8da0f169e85313359162e8f9d013f,2027-06-27T03:49:02.828412,0,normal
57ec90f4-6a01-4ba5-8ae3-cc3ad42ce5ee,1870,User_289,User_450,1024136,ac4f4edaa23a6419e34803cab2fc1ff541a38c9de2fa236a6f864f89ef95d680,2027-08-06T01:53:29.828412,0,normal
770fd140-a565-4d9a-a790-850e0d32620e,2252,User_100,User_368,2569568,41eed841cfa8904df800d37f6c2954e271b3333305dd5ff298a5221c134e03f2,2027-01-21T18:14:17.828412,0,normal
94a52e36-807c-4184-ae68-df748b23d5e4,1596,User_408,User_251,4379671,38218f799fe717c127fae8621b57ddd5853301cc106903ea6cfdb1ae0bfdb00f,2027-04-18T01:01:27.828412,0,normal
9bd4474b-aeba-4b09-9376-722362f1e3c7,2613,User_93,User_473,2583625,df336434f026052a55345d1171c48e5fd9ab6a95aa6cad29e98029de966ddd41,2027-05-01T10:28:28.828412,0,normal
c9d3d20c-c19f-4e50-874e-bf5d1ac74f1f,2141,User_185,User_301,3896346,6ac6f6b2649a5e1e5f687a81350bac2c2cc4be56ff21c03f1d8055ed40821a64,2026-12-31T18:51:29.828412,0,normal
52d19541-3c3c-4ca2-bafe-b5aa2147fd97,1716,User_440,User_350,387265,2afbb61e702f56692eb0b97039dd6217d0558bdfc3d14e77a869245d7120e2d6,2027-07-13T03:32:08.828412,0,normal
eda7e0cb-0dfc-4207-b42c-5567139f3561,2061,User_62,User_492,329541,6b337af855eff871c6b5a503a93b8cfbe095e393092082c44f29ec54b075d625,2027-04-25T02:56:56.828412,1,abnormal_price
b7c03eef-b1e4-4fc9-8add-fe32ecc29d72,1652,User_349,User_144,4736548,abebb65be08ffb459a8a5e1b8a10133b9018c199bb9be85098c8f08d12e8e247,2027-04-05T23:44:58.828412,1,duplicate_land
8f2bc9c1-29b9-48ba-ad21-68f831db2cc6,2309,User_213,User_489,3318647,812285e00387a2b33bb2c0030c34b23bc2eb77a7e0dd366f58d2d48cfc559f77,2027-05-30T19:43:34.828412,1,duplicate_land
3ffbbf69-d3ea-4ef7-b54b-7f85f23f164e,2405,User_467,User_432,1638174,76c7cf63e00257424534eca664fe336738f10ddd5819bb88323356cf88238202,2027-07-15T21:18:02.828412,0,normal
0d792090-0b80-47f2-acb1-9f9c1da9d9dc,1922,User_315,User_411,1685388,0685bd23aa319e6bed0878879adbf256bf4df972730563dba6cd0517cb971cbf,2027-03-02T04:46:33.828412,0,normal
e95c93b1-2af4-4d57-8047-4b4acca091a1,2482,User_431,User_147,1192280,3be6a484b4a9f2449f2390b44e777060760932ce86cfa711c6572ec0ed2255fd,2026-10-12T02:01:23.828412,1,duplicate_land
bbf1c8a6-d8a4-42b6-b870-107a6f337699,1290,User_368,User_180,14794731,42dd4646313cad3614d4d4935665f2aa44a40cead15763111eeb83895221044c,2026-12-27T18:35:23.828412,1,abnormal_price
c0c41759-99e4-4703-9397-6d795da271cc,1529,User_77,User_419,730026,0a669307ec0e01b6a3268955cff9c57feed496f57da0068034b8ff7666e27f03,2027-01-27T05:36:34.828412,0,normal
ee3e97c2-3921-4e7d-b59b-025255a0d9e1,1594,User_230,User_234,446562,03769ff591349b90a95cd72f240075f5dc6fddb4d60ab257f32fdf85e049cedd,2027-08-11T01:54:45.828412,0,normal
07123f40-a52f-4196-b21e-62b86260f118,2300,User_480,User_398,723671,e25ff201cd19aa974375ad1edb0af48e73c4b7638277d243cb89b25f190ea08f,2027-06-11T22:56:50.828412,0,normal
4c04b257-3a73-4ed9-8834-e0f3b2f2b150,1068,User_28,User_345,2213473,16517dd1577d144f6c5dc8d899059daf268b0ec993b8e87fd9bc2b3509108176,2026-11-25T01:14:17.828412,0,normal
6c94ad00-5d7b-4a96-8294-12286a6e107c,1428,User_173,User_161,1524242,baa51fdf5db867483c232decc4e8caee9151c093c6facac547ef214d2d3d494f,2027-03-19T18:28:31.828412,1,duplicate_document
73147b78-c095-4e54-89b2-fde8a4af4169,1967,User_312,User_105,3865410,9782ece7db24b24db5546d19738c2ca602a289be5df2adda37b8edbb2ec1d8de,2027-02-08T12:53:38.828412,0,normal
52609979-c54e-44e9-8637-2186e8450580,1919,User_444,User_367,3359175,4d0c8b1fb535b63ce2bd7e4a3bed585f9e38d33af86a0824af79e0d4c3105566,2027-07-26T14:08:10.828412,0,normal
6d59edb0-3a66-4b53-9e81-098df0b16a8d,2844,User_170,User_210,4300761,9e6df4ec08f83cb72dc4125d427ae457bc795be2371c6b010f6e486a9bd45ab1,2026-10-23T09:58:04.828412,0,normal
0a95772f-f9fa-475c-971c-ed7223a516d1,2254,User_34,User_118,1990242,281248cefb5f2cf61b15981c574730082940227a08821126c412866c004cfdfc,2027-05-28T09:03:56.828412,0,normal
9a1f97a5-f4a1-4644-aa15-b80e22e1d607,1089,User_324,User_439,5104360,0765cc0d01ddd99c1d0b94ae939f57cfb21775e5be46d8409b94740f5c37f104,2026-10-01T11:18:56.828412,0,normal
1d9608d1-1697-4aa7-8eff-73ed687d0390,2927,User_57,User_355,1116154,5c426d04e2914f68abc88750440f06955ee4a1cea50dbcec5016a4ab1c0ac74a,2027-06-19T05:39:36.828412,0,normal
5ba1c73d-2e08-42ca-9f55-83d0598530b9,2175,User_32,User_40,2669438,37b38097adfc88a0cd4cff4b97be85c6cc73547eccac196f245cf7cfb937c202,2027-03-20T12:11:19.828412,0,normal
9e2eb1c0-b16c-4b3e-8fef-b0f3b5035206,1610,User_368,User_214,3141266,39b08ca626b94448b7b01b8da536e4f5d6e858acb3dde5966c1a4fda1ea2618f,2026-08-17T14:42:38.828412,0,normal
ecbde73e-ec1a-4b2a-b099-ccd4e099d6cb,1913,User_432,User_460,4523766,7a484126a8169aae73c8ad69873b3c18e834392d886e9b4de1810b391106ac9e,2027-03-22T17:31:53.828412,1,duplicate_document
072ab044-fe51-45df-9536-61e5febbd26e,1545,User_466,User_253,3081630,f28e41859339716a1799d8e1a2b2e94507131b2290ee8f51606760f1ee8848c1,2027-07-16T06:42:05.828412,1,duplicate_document
9cac6107-b2ac-4a13-b910-758107bc87ee,1322,User_369,User_241,1582430,bfa6bc44868050b83189f4de0f225ad3021522e083b75bdddddb54c51232a5b5,2027-06-14T17:00:17.828412,1,duplicate_document
1ca87d2c-a7d4-4671-9ead-69a4b2e0e4cd,1477,User_478,User_265,1005660,32de18e51ddf3690a2d193c5d88b85dfabb5b10577d92753c2e85c785aec6fd3,2027-03-16T04:51:11.828412,0,normal
56f6b883-4c21-4fd8-af35-ae9dbb1aa96a,1301,User_316,User_128,3611986,751fe34a4d9b669accc6db96f524067de391130dfbba5c8d878c7e1b44460558,2026-09-01T13:24:25.828412,1,duplicate_land
2934811d-0c4a-4ce7-9d54-541fd3b2da04,1680,User_409,User_465,3518664,fd65dcfd4a55f0bc54ad850aca02470813e1eeeabfdfd8cfb2d6fc230648ac57,2027-02-16T21:49:23.828412,0,normal
ad8b47fe-177e-42bc-970a-ef4c8daaae5f,1742,User_274,User_149,2174784,8f41dc577d48a26d3f161085c4b67b15db5a159bf3ae88358c98d1c2b5f14237,2027-01-28T19:20:46.828412,0,normal
aacb075c-5711-4bda-b2c8-d9639625fb9b,2453,User_70,User_5,2560275,6f6b8f65ac2c0132eaef4196cc0c8772cc2a3bc199a1174ece5bbe60b6a2f4a4,2027-06-06T14:08:42.828412,0,normal
beec2dc0-3c89-4bd5-8506-0767c952e8f5,1664,User_431,User_327,1955953,963776767e1f5c5cbe5739a556b28f447c34271509d474dc849d0cc3ca80b571,2026-10-02T10:08:06.828412,0,normal
644c1814-2a41-4be7-8388-5f299353a68a,2485,User_206,User_175,1763705,1d95027dc5c92d072ee308e22f3cf00604aaac550a1b90256c457f00c17e146d,2026-10-11T21:00:30.828412,0,normal
980a3170-4d89-420a-a838-3ce98dd792ca,2767,User_127,User_419,5388348,4106f4056f7857a5a883e291fdb20c601fd977349e7814445e4e18afa8fe15f1,2027-05-02T04:23:24.828412,0,normal
00725eb7-3bc2-4492-a7df-d16f82a00234,1927,User_492,User_283,2052692,e693e5c619ea693e17f97daabef1ed50e7a8b38bc93723982b3de1226cd4ae7d,2027-03-29T19:50:49.828412,0,normal
95a92f70-34bf-4ef7-9913-17f6cd94aa18,2135,User_443,User_38,3954175,e2940e886ce6f597c9d4fbd6f04ee3ef5a91e23095dd2078a6cf765c71debd28,2027-06-11T00:26:55.828412,0,normal
ffd31ebf-cda6-4982-9455-1d02696c5bb1,1404,User_70,User_101,1069924,f4e1faf56b305d3312c57d9debd6eea30f813b2983900b144195e9f3e9642737,2026-10-12T16:24:44.828412,0,normal
21f7ad0c-e308-49e0-87fd-5b6a1404de7a,2961,User_118,User_17,3839802,b9b2c86f536792e1229768b3cf8f0d19f97530bbea3789507910179cb361dbfe,2027-04-18T13:14:51.828412,0,normal
10f0ecbc-2aef-47ac-8fdc-8c221d1e7b2c,2926,User_465,User_402,2795179,9c39aa5e6f27e2fa058e61ed046cb2da7264f223406d1ed96561bcbc5c4e38a5,2027-08-09T02:09:22.828412,0,normal
b19fb4e0-ca34-45eb-a815-f31eddfd2c29,2239,User_20,User_173,880922,7f14bb7bb2d3ae569f758e183b269e66e9d069ea01773eae83e8cd7448c9835c,2026-08-31T13:07:09.828412,0,normal
4376aa3f-2b17-431e-9554-b022e7188f45,1465,User_143,User_200,3742730,5842502a3d5bc749cdedd595bf5aefbccf43d3ee7e0c88fdf80a9e3cb6182569,2026-10-29T19:37:29.828412,0,normal
bfc12970-f33e-4f58-ad21-9508465506a1,2443,User_425,User_18,1440888,5f3bc47cb72d00e37382356b52ca88f45ea8f06427850a1b97caf1379c1dd940,2026-10-17T16:52:47.828412,1,duplicate_document
6098c4b9-ec1b-4860-a51b-6ba7e1a5dab3,2596,User_161,User_1,4321476,5af53d6df6c443d4fa665b0f93f404bcea53b1ef31ba0122b608294c71995e18,2026-11-27T23:09:49.828412,1,duplicate_land
fb5cacdb-a6b7-4e17-847e-bff2e6bdf069,1792,User_143,User_327,963267,7a484126a8169aae73c8ad69873b3c18e834392d886e9b4de1810b391106ac9e,2026-09-14T21:46:00.828412,1,duplicate_document
6b39ae55-d2f6-4722-a2cd-f6c7da7b1957,2650,User_500,User_103,3426893,6028e4f1e70108da818a7de7c778c41d2bc17aec9ff1629f32338b1625adacd9,2027-03-09T02:30:18.828412,1,duplicate_land
592dbf92-43ce-4c48-b88c-3e0735e84ae5,2257,User_314,User_280,2610215,4255765a6bc25beaa7d5682dad37e8f104716295f1b0af3fa05c3d559d77d1c6,2027-08-11T06:42:00.828412,0,normal
69c46d26-1848-426e-8f42-215d8f439f2b,2577,User_131,User_489,4430630,b038191896c782408c694ff6c124b240b17e882a157c168c5d22b18e500c3e46,2027-03-31T03:28:46.828412,0,normal
ce430f0b-5096-4598-82e3-44cd7d7580a5,1326,User_315,User_348,91303,87d1eacf73a7a167f2269ef2bc39379fb2adf1c3492537c9d9c822b567a26729,2027-04-26T19:18:21.828412,1,abnormal_price
9023db7f-ec3f-4546-96fb-11c371edc14f,2025,User_346,User_389,1190905,d8c89ba56cb474c4fda8e1750306b97cd08e3c01dddefa91cbb7788a521a27fd,2026-08-15T00:00:55.828412,0,normal
4773a6ac-b974-410f-b5bb-880c6cf0ae0a,1697,User_475,User_171,2742946,9ddd53f61823ea16bdac7790d18b0666fe26e8ee0f2739f7de769977ffa2100a,2026-10-22T20:02:25.828412,0,normal
d036336f-2b7e-4494-846f-1f1db6d9a72b,1131,User_70,User_60,4687814,3fa6073049c30e07b65f90f0e45f8625ac49b523f69b89eac2b0ac8829b4bfa3,2027-02-26T17:53:28.828412,1,duplicate_land
523e1b9c-4556-42b0-8488-06b67ed55191,1363,User_452,User_215,3426361,6c6cde38d804948ca664690ce6d2ed4c8d3f59edb0c9c6f8ac66b3a9c9dfb552,2026-10-17T07:48:34.828412,1,duplicate_document
93025068-6a51-40fb-95c2-8c644b7b9e46,1071,User_484,User_465,3056241,66af4a2d8e45def34e312cc5d0d384d2f7c35574293e30a0a3fd2ecf9637d098,2026-08-21T19:11:12.828412,0,normal
d51d5637-d27c-4b4d-853f-63cdce06b72d,2221,User_438,User_247,1716764,019096b78707093793b9b7c72f1c261d1e7251fa54a2cb9b2f473fd164953754,2027-04-15T20:00:52.828412,0,normal
d14eb5fe-3ef5-41c0-8aec-5369cc80fbf2,1224,User_19,User_166,2736871,f7215f5c1f47609e125c7c6a4f43db3cd6104bfaf14c38cfb5d74cc567e2287e,2027-07-23T00:09:14.828412,1,duplicate_land
f3c3a1f2-7ce9-4bbb-829e-e614429eebad,2012,User_288,User_72,1701074,7fa79a3628f865519ef53a70a21da4aa2184b27ab4c72120e83a06ddecca8218,2027-01-12T21:56:12.828412,0,normal
27fab430-9f3f-414a-a2bd-43e0347cf7da,2953,User_466,User_85,3437384,35e5911cdc3712e139523414282a933cc5590fa008aef637f864679dff571ba1,2026-08-29T22:35:41.828412,0,normal
89cde2e1-f29a-478c-84b2-9dd373c0931e,1319,User_163,User_481,2861091,ec959a5c6673344e4847406fa42526439dc7b828ca0bce82f6d8b1e0e7db9cd4,2027-03-21T17:01:43.828412,1,duplicate_document
2f688b8e-becc-4100-b46a-e07ff1ed29d6,2254,User_118,User_44,2325803,281248cefb5f2cf61b15981c574730082940227a08821126c412866c004cfdfc,2027-01-15T19:36:21.828412,0,normal
dcfdab28-9743-42f4-974b-a2d54fc4d39f,1933,User_323,User_134,3457844,d69c3b4497fba03e6a909c300c42d1bc6c406fea79e63bc9291b802c6fd354bf,2026-12-09T00:45:04.828412,0,normal
05d73457-7169-4531-a8a0-93a4ded8aa67,2335,User_480,User_370,2467808,9dafdd3c9518540de62f1f87ed86b142d4cff5e8ecb11dfa9fdddf66a9809ebf,2027-07-23T10:10:26.828412,0,normal
5e0aa446-416b-4dcf-a31c-bb108eaeefcb,2751,User_394,User_469,1235411,5e9ba7d97856752db12605522579251357327b118a120b20efc322e81701afc4,2027-04-23T22:00:11.828412,1,duplicate_document
35613144-b371-4af0-b288-1079cdacf301,2096,User_391,User_454,2711630,44ccf8c98ef6aab9597292d21b1785a920ba6844b626d2cfb371c8053adb0f6c,2027-08-01T11:53:27.828412,0,normal
c89228c6-c310-4d81-9a4a-c918828e9643,1496,User_481,User_260,2476822,8f77a8ff4492feb34341586b27d7c3d59abdc54e17b831b2542790496e59e6e4,2027-04-20T01:22:37.828412,0,normal
d0d141b6-2dcf-4615-a62a-5912fb1acf71,1571,User_46,User_19,5934106,628e62bedabb77b2565901f9cba56e8f35581dff43bad7749e583df5710bea92,2027-06-25T18:05:31.828412,0,normal
d0bf0b0e-0c56-4b3e-b5f2-538bc1b77a2a,1768,User_79,User_440,1477783,bee7a73202f0c1b67bbf817a934e555c1fc5bf67549c8a0611606937713e36fb,2026-12-28T18:15:11.828412,0,normal
e5f5dc53-5079-459c-b4c4-884d5e839861,1156,User_16,User_291,2065595,62623cde9707635e5f701893528b5addf4f238013b6bd2a3d1809cce113037d5,2027-04-13T14:35:21.828412,0,normal
803ce490-418d-4181-9fb0-89866f80cffb,2753,User_30,User_222,82685,5418bca8d32ee637b14775ac054e9cc29a95dd90388241e815bf884bda1e6b44,2026-10-11T08:56:32.828412,1,abnormal_price
027cc8c6-e4d7-4fc7-a133-225228c47862,1976,User_301,User_195,3734769,4adc9923a8e8d5344064b2b443f3f180e885347444897e46bec8fc170f816942,2027-04-29T11:53:13.828412,0,normal
df5a3fdb-8f74-4f92-a233-aa5a924e98e4,1456,User_320,User_45,2588273,582f1e167e3f715a75af1cb994ac42db62e8a52094011ac694e7be8b4ec4bb91,2027-07-15T04:28:23.828412,0,normal
f8928f6e-6019-4224-b5d2-656550f8bd4b,2752,User_408,User_57,1150466,ca97d19563ed07975abb1de522027e038184883b6b5463d10546aa4cef2f309a,2027-05-02T10:49:23.828412,0,normal
d14cc5bb-d539-4d4a-a72d-1c06eea28485,1385,User_406,User_102,1229936,a87ae08a86ca6b9b0f9c1d6099fe2c334fb3d967aaba4b119ed6f8cb035bcb2f,2027-02-15T07:18:31.828412,0,normal
05f1c2c3-ba83-495c-a5af-a1b5099f559c,1901,User_388,User_373,4043959,8ed4e6c809c8ea94fe6419b999d8a3c6d299cb91c3123877f0968f3762c26277,2027-04-08T06:38:03.828412,0,normal
2089c06e-240b-4e97-9a72-f0296012332e,1799,User_174,User_496,1665103,536eeb6ff516c70fd8220fbb0e9a14e5f0cf0d859c373562b34bf6c3eeee4388,2026-09-18T01:54:35.828412,1,duplicate_land
084f226f-5a7b-4b7e-ae67-db57613fc992,2649,User_276,User_351,3445190,3c61e076e76e7a55e4df5f70ee622e9e0eea9711b3940d71bda14c135b38f3a2,2027-07-29T02:42:50.828412,0,normal
5f5eccb7-8f86-4fda-9d5e-094b0b2af3fa,2708,User_144,User_62,5963778,77b4930411b398953add4b5fd25021b33848f179e173a5897264958ea8f90395,2026-10-17T12:33:34.828412,0,normal
eb5fd835-b01f-4033-a88b-1c85ef3d8341,2208,User_284,User_43,13154,cd31a0bb1896dbf70ca9f38e0a445196356d940050aa37d93bee37e203d5546b,2026-11-16T23:32:49.828412,1,abnormal_price
8918277e-8c61-4207-816f-f6b902550635,2755,User_50,User_130,3295627,fe80a53df07b21e29d9920af428164897264c3773a4caa6144d1e5705d3968e2,2026-12-15T11:37:51.828412,0,normal
e20da6a9-8388-4839-964a-b076c1bd0d90,1106,User_295,User_102,4666425,ae2f46d755f2ab01b04e9e3b4f6f071a6dcce08af5d742b84518d7c53cfff2c5,2026-08-24T16:18:52.828412,0,normal
7300da2a-6069-43f1-8ce2-65c164fe8cf3,1079,User_162,User_14,1724101,1c7b17c5106e7c9dd6670850f7ecd2284f15dd8774f5ccf449377c0fb6faf98a,2027-03-23T06:49:36.828412,0,normal
17e4f821-5166-4b68-a259-612666d9173b,1514,User_150,User_397,1537756,41b4cef8f25f3a28256e797a456d94a1bf8a08ad7feb499e9baab9283b886288,2027-01-06T09:05:04.828412,0,normal
959d0997-8fc1-4426-9f22-64036a054a0b,2000,User_216,User_213,4434572,fb1bb073db6badaef78cbde7f52cb3cb7224cca56be6e0192ddd41aa245a8176,2027-04-15T10:28:09.828412,0,normal
005896af-c42a-47ab-ab8d-7dc249a6c68e,1997,User_272,User_310,487448,2bbada95011c1137edc2049fc5e04ffe3ec4da1c8e4f07502a335afbfbe95dab,2026-09-07T11:50:56.828412,1,abnormal_price
42f3cfd0-3efb-40a0-9aaf-97c25c7cb7e3,2935,User_218,User_216,316037,e59611f5955a181ef237354a0ecd0e53e34e904e5b6f9a794465c601f8bc803b,2027-05-17T06:46:43.828412,0,normal
013f3346-51b6-46d4-a7eb-e9a295f2098d,1974,User_226,User_68,4020675,7710da9f7a5be6c86a9fe967c8cf2b818b6c5a731394c8ea1e8b0716cec3dcbc,2027-02-19T12:04:56.828412,0,normal
ffbc0a49-8102-4082-b7ac-a784fe5b46eb,1922,User_411,User_109,1953756,0685bd23aa319e6bed0878879adbf256bf4df972730563dba6cd0517cb971cbf,2027-05-08T18:13:56.828412,0,normal
dd34fd78-37f2-4517-9e79-a9e9bdeb790b,2154,User_104,User_254,2706830,d73bd0b8017955f2ef692e8a2f968f3394f69b915facb96460ba3d38f6f72ba6,2027-04-08T03:01:09.828412,0,normal
2a7301be-3f68-4f37-8b57-76e0818ce0cf,1487,User_165,User_38,559704,b722eb75ee82093949251b51e9f928a546ef114d629395a5a7abd1bdb0593f8d,2027-08-03T20:09:10.828412,0,normal
84e5868d-7815-4e9b-a783-a008cf8d554b,2505,User_109,User_416,4481001,98a297be85e2253b04c270de3b1f8a9cdb7d367ff9215a1a280481564898dc07,2027-02-19T23:35:49.828412,0,normal
5b62c7d3-3ea2-4db6-b2c8-d4e9b6b2223b,2739,User_486,User_224,3042025,b511d4744ced2655936c501410dfbc3bc802b9af36994e51fc7df553a59f9686,2026-08-29T02:03:04.828412,0,normal
41a8936d-a73c-4113-a470-120da31746e3,2670,User_81,User_236,4269300,4e9a89c9c3bb64553085e6ae8a296ad6d90fcf4a708b375a205687563bb5ae9b,2027-07-23T12:23:21.828412,1,rapid_transfer
8e2ad879-93b0-427a-bb2e-192c3098d84a,1319,User_163,User_320,3880545,ba4e93868ee9a0507d0da014b1223e091d7e8912b3a61aa02eb23ee7d2dfcde2,2027-05-15T18:19:12.828412,0,normal
77d0f931-a7ba-46a4-93f2-a08483814d58,2537,User_428,User_320,3928176,fed6a48168f08f6ba1dd2c926534a911ffa79ea8115f34b0ed31cd469581bfb9,2027-02-21T07:15:59.828412,0,normal
b769d73c-bc15-4d42-8ee0-39898da7a194,2496,User_347,User_394,746161,9ec5b4485a5cad57cab78c6d913ab6b0229c08f0cb3b9825dcff4edd5a244b98,2027-02-20T02:18:43.828412,0,normal
ed78e000-bb24-4300-8964-335e58adad28,1117,User_164,User_301,4051923,0f947f56eeab2dc4aa66933f05226d48e94188f6ef7bbf9c5a0fb995316bec4d,2027-07-05T13:53:36.828412,0,normal
a5d5cc15-e2b2-4006-8280-6519c522271c,2875,User_439,User_72,200302,81829f837b15702eaa31e3f274b61d4d50490e9029de427bcecef6658587aa01,2027-03-27T06:51:58.828412,1,abnormal_price
40605d61-8097-4a23-8c7a-8ee181b25fc9,2450,User_458,User_73,4875065,8d7f3560e1b9f6e26e69da1d87fd09d64bf91d7a45ee40c1361858923dc51e76,2027-05-29T16:07:29.828412,0,normal
616a8e99-37ef-4548-97b6-6dc001a6ea6a,2867,User_200,User_189,722048,cf53fda53987a341c952f3b1c89ac4fda90f1c96e9a54bc5069e820111b881e9,2027-06-22T10:50:24.828412,0,normal
a135c119-c2cf-4e20-9193-d7e662d2c3e5,2516,User_452,User_219,4381886,0afb367e8885d0bc921f9fb196b219d9efa687acfeff03c37b622be10e020eed,2027-03-14T19:41:58.828412,1,duplicate_land
d6cc2130-725c-459c-9e93-11af184bb358,1823,User_227,User_116,460614,0e27c9c544645938493fe929de8a3c7926bce3d6728be2821052cbf0a37f07e3,2026-12-14T09:59:19.828412,0,normal
fc506de9-1ee3-48b1-812f-f2e4d283156f,2984,User_137,User_483,554118,2a437026c182e66a6efa10f1646884672c11db9cc4ab6d03648d696ffe99d9ab,2026-11-04T02:49:00.828412,0,normal
c82f89d4-1d20-4236-9859-308b38ca6a45,2067,User_201,User_314,3518779,990f4690c5a03568c8a3e69d059577d105f1047eca929cfd09b4317c39a96c47,2027-07-01T16:40:35.828412,0,normal
4ed5f613-0aae-4eb1-b454-8a4700722ea8,2892,User_3,User_111,2663481,f72b44e39fb2a0ba05539756a2506b6fa647e3fee84d324a01a93071746f523a,2026-08-31T01:34:04.828412,0,normal
bf5c18a4-3268-4195-820d-506378a7b77a,1670,User_88,User_63,2438034,a30b1330454cc50777eafaf5eb3518b7ac41385cbe245d1d88f0b37e3c14d52b,2026-11-28T10:45:20.828412,0,normal
e45d90cd-c30d-47df-867d-c243f1671cbe,2295,User_313,User_403,297355,19a07a541316c37afca947474cdbac7920b2f7aa3879f7a62e32eeb70e05ade7,2027-07-03T06:52:10.828412,0,normal
6088a3ab-9034-42f2-af7a-9428fbf79774,1432,User_220,User_95,1772304,e4315a89503264b5f32f8d957a07c6d894c00dd0282ba6d79b53a321ade01ea8,2027-06-21T19:49:13.828412,0,normal
bdb15894-5038-41ff-95a7-5925a7e029f8,2889,User_355,User_277,967156,f4bdb5c12821434c580f097c26746744d1022e94e033c557e7c3542b9f88b622,2027-06-19T01:06:19.828412,0,normal
edfdcbe1-fd33-4df4-8c09-0a9220249e76,1152,User_226,User_146,1508906,68fd27c1844e0f23418f2a3c7a84b707b96c4629b27ed740b94eb10e186f2ea2,2027-04-12T04:26:17.828412,0,normal
28b77ff5-9827-45f9-bf42-9d51ae29f001,2869,User_421,User_113,419147,cfb304ead8983219386cba234c44b6de78e31362d7b873f09b2a990b8722dc79,2026-11-17T19:48:20.828412,0,normal
ae87daca-6f42-476a-abde-9c1a47e5bc3b,2201,User_334,User_390,2294413,88aacca5979421dc2f8db89bb1ffea0fa5d94a4e302c4eabcefb6459af6b381b,2027-02-27T01:31:58.828412,0,normal
e4807cb6-2ecd-4340-ae27-84eb0ce77396,2422,User_64,User_324,3139642,d4446341682a6771773f035648c308ce18abed3e7e03234ff0610d82ed19eaa2,2027-07-06T09:52:52.828412,0,normal
eaa032f2-2b11-4c70-a10e-1dcfaae51c53,2302,User_414,User_491,2134497,591657fdcf1b66ea0d7e4e007c6f166b7dbfad69e34c031fdfbf7263264b8ab6,2026-08-26T14:52:28.828412,0,normal
15388992-b646-4704-89b9-d0f70d271c92,1015,User_459,User_428,4486591,5dacedcb3cfa515fc1b449930b2691e6f005b958731eb46ade22bad09fc0b38e,2026-11-06T06:54:08.828412,0,normal
fa614231-bcc2-4d34-bde2-c1f1b13c5a4f,1040,User_161,User_435,4088920,95e8a74fcad8106784ca9582fd83ef5aa8ca03828f00c1116f686afe96cde068,2027-02-01T19:54:39.828412,0,normal
c8c9a348-fcdc-4946-b85b-f36467e1b6cb,2400,User_37,User_36,4780522,7ad18cefb87ce8cb70d1ff12c54351f06aa137d5154c412bcc816af569b8885e,2027-05-08T11:52:22.828412,0,normal
1195cbe8-1aee-4b6b-85ed-bd87ba2f6ac1,2847,User_479,User_15,1531560,fa4b3d27f6319d1663bf62185ac341152e3e72b90dd99b57dd3d315ea7ea4e23,2027-05-12T00:09:40.828412,0,normal
0c8831a0-3a49-4d0f-b210-8427b9e2e5da,1629,User_255,User_338,2230165,b1ac85218a086d18fa165788b6223843cfbb66c4b46965ed241825027a1a7197,2027-02-25T00:29:51.828412,0,normal
cedf9165-e217-4426-ab15-f81015a5076a,2834,User_384,User_380,3054207,f4914cd096412f1c4ed1412f623baecbed8dc06067c40cbac49ca0ddf2de4ac9,2027-05-28T22:58:39.828412,1,duplicate_land
f062c950-4ade-45c9-a691-7b319685275c,2727,User_215,User_23,2712756,7d3676a777a227774da2022e5b3f24c734023581c635a331386efbf181208685,2026-11-11T10:39:04.828412,0,normal
d0d473e1-36b7-4dbc-9f13-4952522923e3,1779,User_335,User_403,1644506,2a14caee3e576944a18eea83da222ad7862ab9bfb6e14ce6f467df5d9a0d8dc0,2027-03-11T04:28:27.828412,0,normal
ca9b5ac5-fc60-4a78-bcd0-51418aa7e58a,2132,User_189,User_383,4008747,06d52d69e5cf9862b36373eb3119b3697d33207c9df3f750c63e353791204aa4,2027-01-28T03:44:39.828412,1,duplicate_document
4f612741-7b54-450f-bb72-a0db250ea87b,1152,User_146,User_295,1305243,68fd27c1844e0f23418f2a3c7a84b707b96c4629b27ed740b94eb10e186f2ea2,2027-04-10T15:44:53.828412,0,normal
729f7bad-b6cd-4643-bc2a-a3c661893f0b,1597,User_169,User_118,2199271,bd34af09f35f81708c54f60a8bd02d22086256063ca3b5b0024ef733390b1252,2027-06-13T06:24:07.828412,0,normal
788e037e-645e-4130-aeaf-a6f4edf02557,2819,User_138,User_316,478419,0b2e672ef3186c94ea3fc464c775868ba40efcf4e5bf7620bd8b91cfcd9d7812,2027-06-06T20:18:59.828412,1,rapid_transfer
d7de7984-0ab7-46d7-a4ae-357bfc277ed8,2949,User_274,User_363,3476212,ea9fb3f51dc2664bbf98f52ad31056b549ed6d510098cfbb64a2767a003bc4ce,2027-05-14T08:37:25.828412,1,duplicate_document
4325f952-e2da-467b-aa78-872593274eb3,1777,User_19,User_271,966466,080f25bacc22876020f706a942c61655b2bdf638597594be69be729240020be0,2027-07-08T15:27:00.828412,0,normal
f95350aa-18fa-4567-9d22-203533dba862,2640,User_17,User_74,1825707,5f3bc47cb72d00e37382356b52ca88f45ea8f06427850a1b97caf1379c1dd940,2027-03-08T23:13:59.828412,0,normal
54d15f20-0482-4cd9-add6-ee0bf4d8e967,1868,User_224,User_230,1386979,63a8076220121d756b1f5ce0a08ab96c976d17ce765f5447ec1c7a0b6dd3f48e,2026-11-26T15:07:59.828412,0,normal
ed83766e-4f60-4d42-b178-5565591733a2,2030,User_21,User_47,3753884,7a5603eb2d0c750f367aa4ca28ea3b2d1bb894c1a2f30067b95370c75f6543a9,2026-11-12T02:40:47.828412,0,normal
e3f8c748-ba11-482b-8197-18e866586f20,1254,User_88,User_44,1638930,273fd9f93ae292181b0975f18538bb2325ea4208b5595062b415ed3844ba025b,2027-07-21T20:49:46.828412,0,normal
ee639bab-57eb-4f81-bca4-53208c1c6c66,2724,User_72,User_267,5956623,fe72d9f0c4769f734f59e1874f6f4f1ac17c6ce64c412da27b4de9d8b9598cc0,2027-03-04T22:27:24.828412,0,normal
e2906fc9-de06-4df5-a46d-e19b1c4e1777,2637,User_377,User_64,901126,90045d3cc9f7a70cd9658deaf9811df1963b908a72f8e1885b9476738c8b7121,2026-09-02T00:16:00.828412,0,normal
2636628b-f371-4ebd-9fdf-f45e4fef589f,1251,User_45,User_387,389933,a9b5741db1b8792c1a2c44a910a4d3a8e7a6606e4e030ae0b9143e64667b107d,2026-10-02T07:20:24.828412,1,rapid_transfer
6583d798-858c-414a-bcf1-83d76b436c99,2797,User_121,User_126,3389557,c5eca3faed4d55948b7dd739de59432d7b3d8dcc6d68ea0ebbcf5f4e3c8ae123,2027-07-02T02:06:18.828412,1,duplicate_land
ac0f570c-ce30-4bf7-acae-bf66a201f5ee,2069,User_497,User_138,18924395,52ad792b9a6baf5ba54ee81d9be8b735fd64a0d27f902d76cbb21143a6e1d779,2027-06-27T12:02:30.828412,1,abnormal_price
15caa6cd-a2c7-404d-bc82-012a812c69b9,2897,User_202,User_481,4077233,0bc20a9743e02075f271ad4e72c0a61ad2681f3bff8d9f91d86bffb5b2942ab3,2026-11-17T03:10:44.828412,0,normal
4d210ac0-b164-478f-b721-30c7872fd7d9,1531,User_435,User_395,3442530,5e9ba7d97856752db12605522579251357327b118a120b20efc322e81701afc4,2027-01-26T09:36:44.828412,0,normal
81f908f1-ca77-41ed-955c-8e8823081316,2459,User_379,User_499,395972,d1b79c02df31f41cadb579bd185f0fb22600623accc79c360365f2b2641511fa,2026-12-17T06:32:17.828412,0,normal
d54de06e-b7bc-45b8-8de5-d24078763702,1275,User_231,User_405,1204597,d453244d55799c25cc3239f0db46b7d4724318b44264ee6c2a46ec7dcca4419e,2027-01-24T22:02:11.828412,1,duplicate_land
bb9c66c5-b6f8-47ed-8dd7-37deb2da23c7,2820,User_87,User_478,2935486,f0eca9e128eebe234babc2c177900b707c8ee0bc14e8e2ada79c80bc0522790b,2027-04-08T03:24:46.828412,0,normal
083032f9-2c31-49f4-9f07-7f137964e10c,2209,User_276,User_78,2995840,8c82f54fe0f14e3b5c42dbd31fc85fd432ef7177c9c33cac0cf85eaed6763e6e,2027-03-22T21:48:20.828412,0,normal
f988987c-1b09-44ea-bf52-18a1169791bf,2494,User_76,User_193,3955571,242710eaa3119b5c6b9968a59ca47918eb0d8f734faf75cb43cc201d53f68729,2027-02-08T10:54:49.828412,0,normal
c4e5bbcb-388f-4040-88a7-8fa239ce1213,1226,User_275,User_169,3222103,0ab1b379026f0fe44e0eaa1b07dd1459c9baee922f17db754d3480230d6110ea,2027-04-10T03:34:54.828412,0,normal
8aa0e8d3-78e4-4eba-afd5-89f41ec0b38a,1726,User_182,User_263,1975521,281e711f1eee85f358ded74de4c90c796b30a0f2bcfb5799f55ab6322b5c57c1,2027-07-29T15:47:14.828412,0,normal
3cdf8130-0816-45b1-bc23-c09b15c015b0,1534,User_113,User_368,2575734,5cc3cd8535f1450e2aa4b80008258e162fc8627714ec007bdd2c2e4e02459a81,2026-10-22T17:22:32.828412,0,normal
298e7695-92a1-45ef-93c9-082e886eebbf,2082,User_246,User_165,826573,a9da87ed09c987c0149d0bd6778f579ad1fe4dbdcc5b6ab668476216ffd5b622,2026-10-06T18:10:06.828412,1,abnormal_price
635626d0-7e16-4500-afd0-4045815ec7dd,2746,User_325,User_471,3149878,e725d5bbd0f94b472e62e528ba8c6786ead8da0f169e85313359162e8f9d013f,2027-03-05T09:53:57.828412,1,duplicate_document
84d8608e-ec08-4942-a313-50392623ac60,2508,User_293,User_398,2019497,610fb7b117c8c709c07821acd96ef66b9387ea629f723f5e041cab954b41576c,2027-06-20T07:08:53.828412,0,normal
709a09c3-a53e-47ab-8768-bd0e6fde5584,2251,User_83,User_255,1745780,e11f846953cabb8ee3189d5795f2089de9972ff773d800f22cce32c9be711b8f,2026-11-19T10:28:11.828412,0,normal
69b40937-ba64-491e-944d-e9d489a3172c,2803,User_50,User_75,1365210,e02c674c1dd80058de38566d5c73b3f201f4a3e37eae23b9a013eac8359cf719,2026-12-27T07:55:13.828412,0,normal
452b97bf-2575-4756-ae80-3b0c2d8c891c,1231,User_308,User_202,1552378,b29efba0d47737c4d08e1b09b669a69938d5f23747435da3943663106596ec6e,2027-07-18T05:02:33.828412,0,normal
44977e05-c93e-4f1f-b391-ca83bc36c7e3,1798,User_109,User_211,471829,282edafab3d77992310fbc5f16abf0b1e8ab0fffafcbf1a01045b14b263cd5dd,2027-04-25T15:53:21.828412,0,normal
1b51395f-6ca9-421f-a6da-904c1972128a,1250,User_296,User_185,389648,83643c65a5e0436517d34094c8276d67eba5836de7e2d5c8eb07acd2b941a029,2027-07-30T05:49:02.828412,0,normal
b583b600-5f8a-44f4-a82e-b2aa723b31e4,1198,User_289,User_465,3365108,69c8058714a9ca8cc715c4b8075860b6f852624760e4c32cb913f07450db0a73,2027-02-09T17:17:58.828412,0,normal
82c45281-0bc1-4388-8710-099a3119b7c2,2346,User_275,User_366,2899780,1b42b030e3e22b628816b010b7ccb086ae903e34001ad3b8cb5cb0eb356faf65,2027-07-24T02:50:46.828412,0,normal
6bd7ae5f-4898-46ad-88d9-d32205250d33,2756,User_16,User_299,3838362,60d9f84cad6bd3876ad1cef95a4277437d7b0dea7a456b807e92bdc77d8c32a4,2027-01-22T22:30:11.828412,0,normal
331e1b0f-228e-45d3-b549-b91ee5674372,1132,User_6,User_280,1617680,54ea4f647fa3d3e1e91cb3ae2cbd74515be806167cd541e21c2f24039831e482,2027-07-12T18:10:11.828412,0,normal
ed793ccf-91c0-40b5-b268-dc72af015dd2,1721,User_4,User_89,2599977,76f14a43d5a68c4b5d0e19e153d553c2f85ca63cf0d24ae1f02615ffa0e71e13,2027-04-14T20:50:26.828412,0,normal
ce1d2411-f972-4f31-81b6-0a92206e3012,1301,User_442,User_393,4768374,530601af3b82e409338045cb052e4d48866b8ca2a1aa010d3203d2105f50805c,2027-03-10T12:56:29.828412,0,normal
8243ea5b-2e48-4293-8171-f5eecafce611,1954,User_337,User_24,2591258,195ebad8d8641526e41c67e99d3bff9862791325d694eaea7e1d624a79682b83,2027-05-14T07:40:22.828412,0,normal
ca51c87c-347a-4b58-89db-29a7162fc757,1160,User_316,User_409,1383264,43ab5c2fab0814d0fe916c4ddeb1aa05daa5201ca7356a02b87e8c4fbcda067a,2026-12-12T20:16:28.828412,0,normal
42a80f51-5123-47c5-8c76-e9610aa1d4f6,1800,User_344,User_411,1145686,3537557aaf4e1b8300e2a2b6a169683d0fad6f0ea24c3a11211932b318a29e8b,2027-01-16T11:03:21.828412,0,normal
3f91f434-76cd-4303-9dcf-dd76867ede4e,1046,User_435,User_372,866871,d852037423ab0b7ee6d404847edfc6a7bcfb9dc0a71268e172e8bd9e5a6beb70,2027-05-12T15:19:56.828412,0,normal
c75b80f1-9ecf-4edc-abdf-014ea2fb81c7,1479,User_220,User_462,4472276,94bc7b6077b8f5b9f3e8e351e6b97f08d192674d2c268271dd60b9b2b47087d2,2027-05-20T01:18:32.828412,0,normal
f740ef8b-c18b-4434-8cff-eadbb98ad7eb,2763,User_197,User_201,936140,2ce91ab77433742c9376c2d79a5412ca777100c063f7849dac826b164f55f243,2026-12-15T19:01:11.828412,0,normal
e68149cf-f1dd-497d-97e9-709ee8b0d2f0,1674,User_326,User_66,1092469,2ba2625617acf1b662d467c1f8372c7618f6a2dbe13de024170d21a80df42fee,2026-10-21T10:48:05.828412,0,normal
787cd5a1-f20b-4ea3-8362-8474f9b87ae5,2347,User_161,User_188,3861517,6e279b3d0c0980f0093fa5fcfe65c67290aae6ee45da7d2699d4feecd1d55d1c,2026-08-19T13:12:34.828412,0,normal
206fde3d-7612-4fe0-9fc9-15f010fed5ce,1483,User_397,User_354,1636311,e1b66fa2cc67974af3499c0fe06335751d7b025901551069e82bafdaccbeb9f3,2027-04-25T11:10:09.828412,0,normal
7a7dd02b-eefe-4ac9-9c2e-8537ea57c2d0,2327,User_376,User_193,2960056,24f032df009e8d9b7688206cb863db0c66d760043754cef3324399252cc93f25,2027-01-10T07:40:43.828412,0,normal
dfbd0697-5d97-4b56-ba3f-b7d798e185a6,2787,User_352,User_121,3648220,f7b46defe28949a0417be60c5d6991e3001b948c05b26ca4515a2a857789cdd0,2027-03-02T08:02:23.828412,0,normal
c97a2e47-7014-46b3-b7c6-9622c820399f,2790,User_232,User_8,1109395,039591803c9b6573c85c0ab38b192e0d8848151083697e3a40546d09fd2ac18c,2026-10-20T17:43:59.828412,1,duplicate_land
c85a1a08-46cc-4776-9870-c97ca8596a75,1071,User_429,User_228,3984587,a0b360dbddf24cf05da95919ed7b30faa40d84d9854d5194a8a1b05fb5546b8e,2027-04-19T22:01:17.828412,1,duplicate_land
d0019679-a744-476c-a7f9-dc24d5cd40d2,2234,User_391,User_425,512826,5e1525cda2ff583469b3f3708fc06a12b74f3b40e771ad67a096abdae59d04cc,2027-06-05T14:38:49.828412,1,duplicate_document
f9c57315-c523-4874-97c1-afe15ec908ef,2193,User_438,User_400,5749557,61d33ec7614469d31cb4fb847d35946ca888c6fef7e2b83c24cf7075833366a5,2026-09-07T22:28:05.828412,0,normal
0d2658fa-394d-4786-8c8a-30272e0346a5,2094,User_450,User_167,3845690,be9026b047cab2e546509a2d69fe04c8fbcdfd36d75ea4a8b7e5befe2efd3af6,2027-03-04T04:46:15.828412,0,normal
ff8d4aab-2b68-4fa3-8619-fa988744cad1,2647,User_275,User_10,4715022,d2a026efdb4311ae23071e819c2f2caa645fcd57009f38e9938710cb99b3804a,2026-12-28T21:37:31.828412,0,normal
7e25a609-8c86-45e2-bd0e-743e89e0510f,1313,User_135,User_57,1366833,cbab79a060704165ea6b7543c06c2f1f0e9600d70d09fb445aec255366b52af9,2027-04-17T23:45:20.828412,0,normal
18b76a00-c677-4e4d-95f6-89d055a42dc8,2196,User_396,User_38,2420200,071f532e296eb7a3366bbae8c5ba39dd1478af0822ef990e515cd7d91948bfd8,2027-01-08T10:59:43.828412,0,normal
cd429589-feab-436d-95b7-f647a6eaae28,1402,User_377,User_220,2633626,2c49599b8a71f20e8520982499925094dd8f790972f4ee827a714f687f722eb2,2027-07-08T20:34:22.828412,0,normal
3433f672-de6a-42ae-951f-5a266ab39bb3,2341,User_13,User_375,4853700,8794080b5cb6f40930baf9d1dc9345229ca840546c1a34f01fae34b2de5cd4dc,2027-05-04T15:18:31.828412,0,normal
d0967721-4094-422f-a88c-0381b856872f,1252,User_366,User_480,1633101,8bfcb8bab8f4fe81fdd52787fdb8786825e3cf7fad5982d321139d1920321e2e,2026-08-15T17:24:58.828412,1,rapid_transfer
1633ec04-843a-4425-90bf-d94978b89528,2763,User_201,User_116,790400,2ce91ab77433742c9376c2d79a5412ca777100c063f7849dac826b164f55f243,2027-05-07T21:07:05.828412,0,normal
57cccd08-b8e4-4844-b35b-94e69c2c36b4,1798,User_211,User_295,506283,282edafab3d77992310fbc5f16abf0b1e8ab0fffafcbf1a01045b14b263cd5dd,2027-04-02T10:49:11.828412,0,normal
8971d7b5-caba-49b6-9f40-63cf7b4ddaf8,2055,User_50,User_456,2868057,f28cfd3bfda884984c31edb261e73b1d48d3a0981cdae75c7c8f557b36feecb4,2027-04-07T14:59:53.828412,0,normal
3be2ea35-cbe4-48c6-8bb1-5ec39a332076,2309,User_452,User_204,3526106,50570388a7ec4250a961753a343465fa7fb0c8ffb1fa275dd5a4348a38107d03,2027-05-13T05:43:53.828412,0,normal
b5a1c195-7745-405d-99e3-cb9e8b4352f2,2614,User_449,User_153,1982992,a5064cafb6cfdc2c3718f74a89edf2f7f6c520c8813925311ee1854a49aff62e,2027-04-22T05:49:52.828412,0,normal
56dfba5c-3701-44be-a416-8b5f79122d90,2927,User_355,User_295,918683,5c426d04e2914f68abc88750440f06955ee4a1cea50dbcec5016a4ab1c0ac74a,2026-12-30T09:12:02.828412,0,normal
0003ba63-0f84-4cf1-82d6-20786a7ebae5,2948,User_383,User_182,2087113,fe73fb00799f27447632d64bd8deec9c07b467041eb07614beb6870b7ea68f72,2027-06-30T13:36:19.828412,0,normal
90ec9ac1-ec06-442a-b55f-f7227263f1ba,1819,User_88,User_127,2007210,9190867dc91a2b32c5a1e195e4db63dda761a7e45fc6b0de9e26b1f7afda3c37,2027-05-09T04:51:44.828412,0,normal
8a179be4-111d-41f1-8643-d4cc6aa97ba8,2282,User_365,User_64,1461870,7899fd649e4228feef4e8524e6a451d1d05e554597026b99104fc05e094ff5c5,2027-04-11T02:40:00.828412,0,normal
b2bc7d7f-808b-475f-9489-14a030ec63d5,2570,User_142,User_469,4628004,6e8622facab9e8dfdb2b8428a1e0dc3e08803c3d6e26028b4ca5db92e39a86d4,2027-02-19T04:52:34.828412,1,duplicate_document
9b9bcd49-9e3e-4672-ae07-b68791504c30,2523,User_314,User_432,5678086,c7a1e961f5d4a0d1cd047e2e3208fe3d1dfb4fb74641b55e1b90d01227b93953,2026-10-03T03:09:46.828412,1,abnormal_price
74b0bae1-3cf4-488e-814a-c94bedbf9eae,2851,User_64,User_416,3885352,bc1b2c0b0ba16665460b8e7df33093941837abf9eb1713e9fb048772c90411ed,2027-07-24T17:37:06.828412,0,normal
7c6e8f88-db1d-42ef-9c8c-7a0fb7cf14a4,1346,User_184,User_321,2860987,f8c2e632f9c30be417d85c1bdf7f4769c07ff76270182947881e813449fc4568,2026-09-29T06:56:24.828412,0,normal
178f4b27-9c3c-4d1d-a9df-37a564ddda52,1488,User_251,User_318,695273,77c7b0055d09bf6d108772e1ebbeecdbefe7096c7b03544f213d440be55096bb,2027-04-13T03:26:06.828412,0,normal
32f410ae-1832-4b8c-9ed5-5ff395ad4b51,1893,User_496,User_117,2175454,bf9848c2955d71233eeed6c2cad1b96a9265d9fbd5c521aa724a44363fd4d8bb,2027-04-25T03:44:06.828412,0,normal
0174d59e-bdb3-47c5-9e71-08a53dcb1458,2570,User_142,User_259,5772174,f47d8830c67d7d95458bc26e57935e36997c06d33b22a8774de2fc797251c193,2026-09-10T13:24:16.828412,0,normal
a67952be-9cde-4b48-b0f0-830385a7ff86,1886,User_279,User_253,2489952,62b2f0383d801740604241627e3631fef771f58ab0922dc0240c14649729aac0,2027-05-08T19:25:59.828412,0,normal
f0b3d7bc-86cd-41e9-b05f-8bfd2a95e841,1997,User_272,User_217,4525475,2bbada95011c1137edc2049fc5e04ffe3ec4da1c8e4f07502a335afbfbe95dab,2027-07-12T21:31:48.828412,0,normal
820d29df-2044-49da-9bba-10528cb02342,2609,User_488,User_243,2872684,858b95b47609513ce7a93b292542228bfd1469076eacc2cb5bef28aef904f47d,2026-10-09T02:29:34.828412,0,normal
61e9f814-d816-40c4-909e-d17c47080162,1864,User_291,User_25,662400,491a66b3300164417245b6ca18fc4a5687348cca7916af828c9b7bc01c810451,2027-04-01T17:59:41.828412,1,duplicate_document
0ef1e75d-c20a-4451-8790-cba09d319c04,1467,User_401,User_94,3976054,560e283fddb3727daaaec4ca5482a150f25011062f34cc10841f6a09f57b1f92,2026-12-30T22:06:45.828412,0,normal
20b9f7dd-89c6-47f7-98fe-1c787863eedb,2997,User_390,User_341,1818409,f63343a692cf35ebde46d57fc9b2a0549a60a37d1adc2db676641843d9daa118,2026-10-18T07:00:24.828412,0,normal
1096b74d-0520-4b17-8ae7-3065c63bfcf6,1981,User_186,User_174,888220,7998f55645944d22c01adcf999d68024c5a961be01759079a013ca031b6623a6,2026-08-16T16:16:48.828412,0,normal
27318580-921c-47b2-b7a1-4553d8448963,1647,User_361,User_469,3312340,355bdfde0f642bebce6155da0641d24a2ae9dd2ccb5a19fe541050866bc16814,2026-12-16T14:53:03.828412,0,normal
8d5fcbca-ff33-42e3-8128-e187231931d0,2633,User_338,User_114,2609716,bd372a8c6b5e61a012c6141da674f6f945ba797038b83e30a502372f5680a2ec,2027-07-12T11:58:21.828412,0,normal
d32d96a6-f12b-44c8-a878-60c8ba2dd023,2863,User_416,User_491,3824855,4c6ad7c07937d0f61c06a61d9f3274e4aa4e8498fe1748d11cadf6df7db997f4,2027-01-08T16:19:08.828412,0,normal
997a4756-25eb-467b-9b18-613b63ed861f,1169,User_437,User_36,1215470,3a5643fffd13022d7d8ba9fee3d404bbe025ec75d227b7b889726806e2029093,2027-05-17T05:11:07.828412,1,duplicate_land
816e6293-4d33-4bb6-8483-73fb4ef20862,2241,User_137,User_401,406587,aff8b5347bc06523482406625138e2205f4b44d86ba7149ceee52c727575106b,2027-06-30T18:14:09.828412,0,normal
53ad8456-df8c-4cc2-9a36-8cffab40f854,2659,User_360,User_388,1383413,9fca5ff78f6b7e9644e14f35a20d534345501f3c228f8f33079483ae5212e4fe,2027-05-29T17:25:07.828412,0,normal
06c7edc7-6821-41d7-88bb-3f1e8a588495,1028,User_440,User_439,1614693,d28fcbc249ab818089fc777dfda216c4b2b5c4665fb55177a58340be4ee4feda,2027-01-14T20:25:24.828412,0,normal
807dd6fa-e4b3-4838-b12a-e63d98072062,2241,User_401,User_201,443043,aff8b5347bc06523482406625138e2205f4b44d86ba7149ceee52c727575106b,2027-06-20T09:49:07.828412,0,normal
1f417646-41b6-414b-a727-c6c529d61453,2286,User_14,User_169,3636242,6766072df50c44f2aa788e2fd8727123fe69b70c8996742a6c4f8c31fd198f54,2026-12-06T20:55:59.828412,0,normal
e1154ed2-031b-4d2e-9ccb-e4ef34cf5c2f,2471,User_444,User_7,3857430,25caca200857d41f9574e22fc67211d7dc61b3ada8ddcbd599c0231c8290c40c,2027-03-03T11:31:07.828412,0,normal
a1f125c1-53d6-4fec-b787-e95d4d36e1d6,1195,User_348,User_447,521972,cc047ea47f56cc555a8342315d056f11cb5e91d36f249352c08b8fe1e2d6b15a,2026-11-15T18:35:04.828412,1,abnormal_price
87ab544f-bc13-4670-9d7e-f58d21956306,1283,User_366,User_423,2371668,8cce2c2acbcecb01118b86031cc23769617b2ea1f65ab73a6c369a49eb6a7b6b,2027-04-02T21:30:55.828412,0,normal
86b012d4-f6ec-485c-a150-2be5c050ec4b,1177,User_217,User_281,5341770,fceae9c00ca2cac2a4ee3b1a27103f26b910e28c095b3c5f03cdce6e387279f9,2027-01-28T00:42:51.828412,0,normal
2a694106-65e9-483e-8397-d96351816ea6,2363,User_202,User_384,4347343,f2adf6910e38bcfbcbb73451663c3538472473dfa428dbbdae2fb5886e16b8b4,2026-08-23T11:30:31.828412,0,normal
024f7140-88b8-449d-ab77-f3a97b194b27,1792,User_14,User_13,3813487,05c46ef52358e63aea0a56529f63062d29d58e19f01faf215ff11ac6abaa1b77,2026-10-05T18:17:38.828412,1,duplicate_land
371f9e7b-c9dd-4866-844d-a604424a9a0b,1075,User_33,User_209,2161958,1b98bd09a039b0f680b025f882d59ed6a76c8e208172beb42164304cd09a53df,2026-10-07T06:28:09.828412,0,normal
a59c34e3-d575-4d31-b589-774a5db4c527,2011,User_36,User_185,2479074,9b124f500225f76e6fb5d918cd85ddf6fdbce2a10f52100f81365516254a89be,2027-04-23T17:23:18.828412,0,normal
a3f36374-99ac-443a-9ea5-c3d61ec3f19b,1392,User_440,User_404,1331689,86b2e81196b7ce9215db4115343ce76bca7ae4c729fde704150e63167e317cbd,2026-11-09T12:53:45.828412,0,normal
224dec6a-6488-4095-8ba1-cb743384f9d9,1329,User_450,User_465,499962,9e97451d46fceb5c61ae1cc2803cd0558de918f588a0ce2388ed536f97c29697,2026-09-30T12:45:15.828412,0,normal
5c4c40d3-69eb-4b7b-9d40-52795b9003a5,1775,User_456,User_128,11507199,35830feaa960dc1e0d9b691ba8ad7847a3d35eddb9416d204c5272756a939ffe,2026-09-29T19:54:56.828412,1,abnormal_price
1312442a-afdf-4f7b-8edc-5782bef496ab,2503,User_436,User_295,1985392,4d2f1c4acf0de7e3d05e75adfa78a1b0539893128c69443a1a82fe395b1bcda3,2026-10-25T10:09:55.828412,1,duplicate_land
b816ad8d-bd45-4470-928f-4315a55937e9,1338,User_165,User_163,4391003,14cdc282ae6e1f8e62a5025a51931b894de14d9ceff191b7f617cb29fc7386df,2026-12-11T17:03:57.828412,0,normal
e7983b90-a9f9-4d90-b6a0-7cf248adb2ae,1481,User_367,User_109,4806116,cfd6988aa71a5954b2011fb31b2d879d67c6fbc4a022a4474935da4b9141c0c0,2027-03-21T09:47:26.828412,0,normal
aa611ae0-2cfd-4d38-ba77-d1fb2455e176,2646,User_500,User_62,15205153,52cb0c18e22d98547696a4c387592c79a631442955df6c875de526f6c7998676,2027-05-21T00:49:07.828412,1,abnormal_price
c60f788f-395a-4c45-ad07-da968196f6ad,1230,User_410,User_30,1173552,7f475ee5fa8adb856edfb01f06f849fb45cf083cba7eaf6c25b10600ffaee156,2026-12-14T05:48:12.828412,0,normal
f46f1ce3-d82a-4b36-bf8f-dcdbaefd6126,2907,User_114,User_298,2669775,9001631e4a1d416a834b09e52f4360ac2aaa266efab96112ede3aed9db81fa07,2027-04-13T02:57:12.828412,0,normal
0a48a6cc-eec5-4a55-9448-0f36cad2e973,1330,User_37,User_274,3073221,61b2d676d1b3425dd5bf3f855da84eb0b7f174e137b1b51e40e20faf3c168664,2026-12-01T02:44:16.828412,0,normal
fa92611f-2613-457f-b026-136fc8e46aa9,2578,User_494,User_427,20261816,7d6bfd1d9e813103949c5dfc78515360579b6ab7997a4f51f7423ced56ea26e9,2027-03-27T17:19:02.828412,1,abnormal_price
c5801a00-ce44-40f4-a0cd-74982642be49,2189,User_270,User_292,6041749,f323b1aa93590dd618b7046e4e32ef45bf61408e7bce3ba8e22147b1de3e8dd2,2026-12-29T19:46:32.828412,0,normal
79f31adb-85c5-4393-80ef-c7824b2ad044,2040,User_410,User_312,4720701,7cfe799cadbd3426062820ad243766ee180cab00518850cf90042d70b8a53ea0,2027-02-10T08:20:40.828412,0,normal
30e0371c-8055-4566-b06e-460fe5d8b382,1014,User_442,User_275,2431422,f69a5965ba812b8ce8c870d3b805ed92bf87b6e1484a14c0dff0612bdd0d8382,2027-04-19T07:47:58.828412,0,normal
34584114-9a25-4326-af74-0ea93ac09e78,1153,User_228,User_459,1140445,841ef4febca69d8595e82883669b18bd72342b53e2a0f911a39e404146dbaac3,2026-11-11T11:46:25.828412,0,normal
c9ac6bc9-6467-42ac-ad10-f26973f74b86,2230,User_164,User_114,17413415,38dc83d5876bfbcb243795c2ef54f15c883e06d7716a2443719b00a4a450ea1f,2027-02-17T22:55:37.828412,1,abnormal_price
f57c0075-5814-4570-b8d9-34ad910dbbda,1289,User_99,User_281,839426,b48ce8e4068be55eb8ba3ea052c1e334bd64eea2cc75815c1caeb6b056e0c058,2026-11-05T00:16:07.828412,0,normal
6071ee36-f69b-4e26-aaf9-eca3a1cca766,1351,User_41,User_301,2820008,68fd27c1844e0f23418f2a3c7a84b707b96c4629b27ed740b94eb10e186f2ea2,2026-12-12T05:20:45.828412,1,duplicate_document
d44d5688-95d9-440c-a002-857a6fcbaab7,2577,User_489,User_72,4965150,b038191896c782408c694ff6c124b240b17e882a157c168c5d22b18e500c3e46,2027-02-24T06:38:33.828412,0,normal
8ce68096-9b0b-46f9-a30e-a25f4d3eb6ac,1028,User_439,User_39,1396901,d28fcbc249ab818089fc777dfda216c4b2b5c4665fb55177a58340be4ee4feda,2026-12-21T02:09:04.828412,0,normal
0c67df8c-8083-40fc-ab29-13acb5390e31,1870,User_450,User_253,4538355,c07a7f3d58360cbaac71c6f071099d8528f03deccea746b5da7c4f43f00268ad,2027-07-11T22:30:56.828412,1,duplicate_document
16c8ede6-3801-44f3-94b0-3b841f437b66,1007,User_361,User_43,4694093,26bd279cb6ea8f9880b5568b461acf0f97fd3041a25b3a2c15cb1ad3075a1bb4,2027-01-04T20:11:06.828412,0,normal
9962ea83-c9c6-4097-9e55-67d979abdd6a,1983,User_341,User_30,2720115,3c751a3314b796659b141e8cce184a9a41bbb3115c90cefab423a00b88ccc9c1,2026-09-23T00:09:30.828412,0,normal
a2ec35d2-ef82-4d96-aab8-d2848c6d4895,2741,User_471,User_432,1377896,f38d7a493da6e2285653047fd2bbca2680436b82ff4b593b45e9e3a9cbd103df,2026-09-06T05:44:18.828412,0,normal
576f6dce-2f11-4909-8237-3905b78339d5,1866,User_10,User_175,323451,f638ce62ea1dda8b7f433c72a84b313f614043ee26305b5d63d21766c1fe8847,2026-11-01T03:00:36.828412,0,normal
18b5f233-79a8-4c28-9145-3f277bd977b0,1579,User_348,User_140,893527,480691d1b8457ae9233c0adf6aced8208d5207905ce6ea0e077ee048beb14a48,2027-05-02T12:34:25.828412,1,duplicate_document
3172b4c1-d205-4240-96a1-8b57a9038f9d,2536,User_147,User_236,2373420,7deef00a0351a3ea2e3ae87bb8a8518fd27d08e0ca14c0d41a10ca985e38e126,2027-07-10T06:56:33.828412,1,duplicate_document
843b9480-e0c1-46ec-a304-4783f9789fdc,1230,User_30,User_349,992922,7f475ee5fa8adb856edfb01f06f849fb45cf083cba7eaf6c25b10600ffaee156,2027-03-14T07:43:39.828412,0,normal
37f117c0-d8f7-4f4f-8c13-37f141d9e93b,2224,User_265,User_321,2835978,730862d0638b91178692428ce8765dd9418316365badd716a9ba72258ef2c26c,2027-03-12T14:37:40.828412,0,normal
045df04e-113f-4080-b607-44f7e6530775,1779,User_403,User_266,1611734,2a14caee3e576944a18eea83da222ad7862ab9bfb6e14ce6f467df5d9a0d8dc0,2027-08-04T04:39:35.828412,0,normal
1ae4bbd3-c8ed-41f7-9746-1b97241a30f0,2660,User_282,User_345,1749414,842a1838f01fad0c3688c0b37a15cd78a8f43e83d2297485c6db03e68e34f2f5,2027-03-01T08:05:32.828412,0,normal
a7fcee2a-0cd0-4317-8732-7ddab0b585df,1088,User_235,User_427,4402026,ddd3c1fa6fef0f50bef8ed5e67d42ec3a64e8cdca5cec2452fec3e7a2ef85a12,2026-10-11T08:34:17.828412,0,normal
3bd55e99-1d72-42c3-9c29-f67a28d38e61,1116,User_250,User_275,3504140,fa5f6f081155b5bbd4fb611e5da1a2681d79fad342a0f85f42501abac5d8d246,2026-11-29T04:02:23.828412,0,normal
659fcd9b-edac-436a-9f29-bf521902e303,2882,User_168,User_188,2383064,f7ebebb43a254d1be6c5ccb186cb52f61a21f919f80e55d9b31e8ac56bb2b72c,2026-11-07T03:02:19.828412,0,normal
60c3e4d2-26ca-405b-9439-01f34c3b06c1,2378,User_240,User_447,3310146,50b585a3155c95f22ce4b5ca7e2dc63222baea1b3ba526c0f8fc0283c52086a0,2027-07-16T23:25:12.828412,1,duplicate_document
02ce303d-569b-4bc7-8b8a-2ff2284e48f7,1208,User_375,User_117,3579435,c742183eff67967a287f122327c8f06433e0980458c1356eb5623e59c91c6bf8,2026-12-23T12:51:47.828412,1,duplicate_land
2aa5b3c8-bd6d-478f-a010-fb3a9efcdc66,2645,User_148,User_237,3420278,f73ebf6914988ee34164d56690f5116b8bd17a323909cb1319d3de7c021142ae,2027-01-20T05:38:52.828412,0,normal
89c41c05-c94f-4dac-93ce-a3765f9a360f,2315,User_9,User_365,1408697,cea4e87f491fe53f4beb7e55c2a3a7f305c18a7f0139178fc99709b6827f81d8,2026-11-14T22:00:39.828412,0,normal
c05da38b-2d00-4f08-97ff-3cedf60e33cf,2823,User_288,User_473,2755439,e21e893793471f45a636cadc62e0ad8b5cd8e81f569dfbbd9dd698075ac11f44,2026-10-13T11:44:08.828412,0,normal
7bfdef44-ebde-4caa-97ad-8929ec613265,2417,User_317,User_234,3226940,3a3b2a99fa4f91bb876baab9f50aeab048ec490fd2642216199f42069cc47ca9,2026-08-22T16:46:16.828412,0,normal
7d392081-41ee-4702-8747-e4c4c60f48d7,1683,User_412,User_20,3617023,a95254cd2944b9ddcff8ca70b51b88cc3542c38cfec42a2650efb08f617ff615,2027-03-22T17:02:55.828412,0,normal
e381256e-0815-4e04-9302-0fff0621e33f,1217,User_255,User_54,3084522,750dc02fe88f4e1d3c431392353615b7f0176705505c5f67e5c5768b5e78c03f,2027-03-11T19:38:47.828412,0,normal
1cf3facf-8c5c-4a35-a1da-204cab6724d3,1397,User_48,User_23,4704593,a45e55738ac8cf5579bd737c79b2a8a56aa13de9796f017d724eefe48f0a25ec,2027-06-27T14:41:21.828412,0,normal
bd12cb01-9009-4346-a87f-eb8a3e0ed34a,2695,User_173,User_383,852773,622ec97df4bd88fae090bebb38e25e4ea0cacd104314378d3a65a279e217bbfe,2026-08-23T03:58:18.828412,0,normal
1b84e858-bf8f-4925-b432-cabe215de617,2434,User_15,User_435,3302200,1803ab3152e9271b5d4611741a5c4de4ab66a3f8d5c941235cc8fca2c120f5e5,2027-06-09T20:07:33.828412,0,normal
c89a1c3e-c2c2-44bd-9993-bab280259dfe,2702,User_401,User_329,2159680,a2db67199a738bbfddc72afc416488ccf7fde58e85ed6e4dec7163b6da7cdd26,2026-10-03T22:43:11.828412,0,normal
90e5bd28-07ec-4220-b715-40256b0edd25,2908,User_364,User_378,7521694,15baf5630e83f61316c030241925899d7b1ba77901398a6a66a9364b9c985e11,2027-07-06T10:07:15.828412,0,normal
e35e2fbc-3891-42c5-9ed6-b1fdbd513725,2320,User_469,User_220,4862,517a902ed5fe684ddb0f92a3008b03de67685ebf425a6f43a8bbc683f37e7f90,2027-08-06T06:24:10.828412,1,abnormal_price
cd59a43c-f0c8-45da-92c9-e8ad7bc86a75,2026,User_66,User_45,1927893,9a96f057648eb75f4b587f279b79d2764d06283272d7331045d40528457e02fe,2026-08-16T07:06:59.828412,0,normal
5f7c373e-b707-40c1-9aba-987eb1aa1ac4,2702,User_499,User_473,1486094,de610f8965eb0192fe1dae0f51f84d74aa1e9949bf8c60a1b0c7f508ad3387af,2027-05-09T14:27:24.828412,1,duplicate_land
e6242f6b-df34-464e-8779-22130ce3f926,2729,User_314,User_32,5072801,ee41ac333c4f22d2b3cea3f64822f2ba929476ecbec31cdff65229ce8309e819,2027-02-26T01:56:44.828412,0,normal
065e1745-e215-4717-937d-053f850fa4d3,1485,User_110,User_440,1960687,35fcf1985b04edc01d0d65b2327a2c0b3b3cc4362aff0728f6487ba88a93edeb,2026-12-24T20:35:58.828412,0,normal
f8d99c64-5d39-4752-b210-f6b07fdfea04,1326,User_315,User_81,1280108,87d1eacf73a7a167f2269ef2bc39379fb2adf1c3492537c9d9c822b567a26729,2026-10-03T21:49:06.828412,0,normal
be670e65-379a-4770-843d-141a29cadbcb,1289,User_281,User_168,901524,b48ce8e4068be55eb8ba3ea052c1e334bd64eea2cc75815c1caeb6b056e0c058,2027-08-01T21:16:01.828412,0,normal
6e845424-b3cf-41b7-aeb9-554a2c6ccf64,2180,User_310,User_464,1798171,fc349037a11c4c1514232e05d0893d3df0f919de0ff3ab19963b9770f0d22792,2027-05-06T12:28:49.828412,1,duplicate_document
70425c49-6b7a-4218-a31b-ca97c561b7c7,1083,User_142,User_462,3966069,6ee5545138ffd2001377d066fd59efbe86e0af460a5a67e9c601401da97ec4f6,2026-11-17T02:32:59.828412,0,normal
6662b444-8f9e-4238-91b8-51c8805e3a09,1201,User_329,User_6,3526876,55c147b7d5885c6c210b5ed452bb16144722a6b70d6abbcdd2718352d273e1b4,2027-05-07T06:07:09.828412,0,normal
f3a079c5-e654-46e1-be7f-3577390f28d7,2746,User_325,User_222,4929422,7633cc539c5f34f2bf52f538a957fd7f1f2996724378b03ac485f14a6596199d,2027-03-14T12:13:13.828412,0,normal
0d413bb8-665b-47b2-ad06-f3400a4cb45e,1520,User_198,User_105,992469,ec03181405d3c61bf391a3e85c92ddea870c867d64e85fbf7c2e9064a2726e47,2026-12-24T16:45:18.828412,0,normal
45a28882-90d0-48ec-969f-09057fc1dc65,1524,User_285,User_471,4258143,e4ce030a69e4d835697201ed8cb13ee711c46e3da2b8e359754202a3774b80e8,2026-08-20T14:59:54.828412,0,normal
2baf77ae-a761-4ed4-a7c4-1479cf76e637,2280,User_209,User_300,1329644,5944473d94d8b08f60d5cf047f654d1603b68b67e087df22a0dc6daebfc20750,2027-07-05T23:56:51.828412,0,normal
4df29a00-b5f4-4ec1-8edb-39873a084dc6,1198,User_465,User_369,4699289,e3a1ea4dbbcfcae11dfff72ea3eeae1ea3ffc5379890a7a98376f6cdf1cc7565,2027-04-10T15:34:36.828412,1,duplicate_document
5f3ccc5e-806f-49c6-b871-f5cf6df2df66,1987,User_97,User_30,2123381,cf1fec93325876f0f4f98a6a32a892b2e510b5faac2824963a951d58e08dd5b2,2027-02-14T11:35:52.828412,0,normal
ec9d1e62-eb18-4853-9b13-0423ccc21358,2390,User_296,User_292,401490,4a9eb60f70c52e230d06815ea58de4f6f86db92ee3b8af4452b9532c0cd2279f,2026-12-27T20:14:34.828412,0,normal
607c1676-3c2c-419d-aff7-da99d3de489f,2847,User_15,User_140,1491598,fa4b3d27f6319d1663bf62185ac341152e3e72b90dd99b57dd3d315ea7ea4e23,2026-10-30T12:57:51.828412,0,normal
f192efd2-93f4-45fa-a1b7-b27cb8b921b8,2139,User_402,User_199,1322740,5308c0e5bc7f289b8948d3c6f72a0183c353154892c0e697269e0d4e0f3ceef9,2027-07-02T20:28:54.828412,0,normal
1a0bbef7-0bbb-4df6-b200-837f8cccc0c6,1105,User_130,User_422,3933902,39772536d4b9fc5ddcb19097520747c7606b5e8965a5bb21860f024564eeb589,2027-07-23T00:42:28.828412,0,normal
7f4e56fa-eafc-48b5-aeb8-f367a845e80f,2855,User_276,User_148,1213118,460e26cbfe4c59fb9b0c339fcb0c10377d4f4b5d13028d7907324fa95e696497,2027-05-13T11:20:56.828412,0,normal
fdd21a71-8a9b-4a3d-ad1b-786e5a204d88,1446,User_348,User_257,3953805,7a484126a8169aae73c8ad69873b3c18e834392d886e9b4de1810b391106ac9e,2027-07-04T00:47:41.828412,0,normal
db830628-9148-4870-a8bf-a161336d2e1a,1443,User_319,User_375,3217437,4207b25966985815d38354b467b1396438e394652a3b6ef43b7596f5698423f9,2027-01-26T05:44:13.828412,0,normal
348305fe-620f-42e9-9155-718751df0e43,2540,User_290,User_321,2705057,dd12597a5da02f93c7226b4f04d2059f5abc5df7bc15501d17d9776fc586a43a,2027-08-13T19:30:02.828412,0,normal
c126b2ce-c85a-4fec-8bad-18758ae88c71,1126,User_11,User_321,4156531,35aef77b3f63cbb1685c72c8feea5dcc82de2327e77a89f86e76dece5444db01,2026-11-17T22:36:55.828412,0,normal
aea22469-6064-4aea-9574-d041276f539a,2269,User_298,User_294,3155402,d5790c13ca85f606b81290fa81bc905868665bdcc939ae0ab30c7e49c258e841,2027-02-05T13:29:43.828412,0,normal
746299a9-d64a-4fe4-aec7-255d6c31428d,1188,User_215,User_259,4393936,9c39bebd0ea98c3adf770c2fc640b4645b7aac498e2605865bce6fd97145f2dc,2027-07-30T14:29:28.828412,1,duplicate_land
9e048fe0-23bd-4ec1-97ee-8dc9946bb62d,2729,User_32,User_439,4806605,ee41ac333c4f22d2b3cea3f64822f2ba929476ecbec31cdff65229ce8309e819,2027-02-17T00:03:13.828412,0,normal
b80c0b1d-dc13-4c1b-9336-b6bffe316ba2,1394,User_365,User_293,5478240,5de20ff7b5176e021ced7073b3bcb8f4067da7e28d812db7fb03a675ee9e3a32,2027-07-13T16:56:07.828412,0,normal
eafb971d-a1f9-4834-8c68-c5193d2b8982,1194,User_197,User_446,448094,ef909d2373b46ce370564047ddf8c7e9cdfbcc552f78a953c1bf33694ccea1f6,2027-06-28T10:23:24.828412,0,normal
552e6991-9094-4c56-8fce-6cb485658523,2343,User_232,User_277,4588967,3426d69ca01d530036b122cbcc60ef88d59fefdf29a0a73a580532080b5fbd93,2027-02-07T11:04:44.828412,0,normal
4b5e7444-2750-491c-97b2-29582452b37c,2564,User_350,User_412,299921,8fb58d78051003db77e60d74e883b7973e533dd2ce11d47baa225a1f0eab421f,2027-06-22T23:48:21.828412,0,normal
c9d0f3b0-e5ec-4cf2-ac0a-52e10df271c7,1451,User_121,User_409,4771789,cd03727928265c1f59e609eb045d70b9ce452a68946221af640826fded6047e8,2027-04-01T20:23:17.828412,0,normal
11ee45d1-1c0b-49df-ba01-0c6f9b8d7426,2714,User_437,User_451,3636363,c3e4d78f554d99b79ebbe6cbf6089973a7d1f0752977aa479e26d36ea5314220,2027-02-28T13:35:12.828412,0,normal
1a18b0c4-dedd-46af-ad0b-e42db37e4a8d,2782,User_103,User_112,3520314,4d6c4691bdf7656762f13cc93606cc564e5cd3a527d4f4212ca5d574c488c59f,2026-12-07T05:41:12.828412,0,normal
f0e1e0a4-ad08-4fc6-a563-3a75c26bdb66,2735,User_144,User_190,460581,2b3a6f1dbc6a983fb68aea7bdebbc8eb296a52b4a458ad63bff3b9b189cb7396,2027-01-31T05:03:50.828412,0,normal
7e1c79d7-d135-46d9-a031-77af05baed0e,1542,User_399,User_71,2911673,4e21146c85672b1a3429c730f5146728d87ea8de596111eafb23afcb16c4753f,2027-01-29T00:01:46.828412,0,normal
1fce96de-1215-4fa3-bdd8-6afbd893d401,2197,User_115,User_217,3588929,274c81a82ab50acbd84a82978a35b004594d0cb4bb15626c7798f0115af51c7d,2027-01-17T08:43:12.828412,1,duplicate_document
249076a1-57dc-4148-abda-002dd088ca85,2723,User_378,User_337,4008769,dbc6b236d5362579eede4eabfa5565497e0d77cf4b6167071f0f90e017e5f80d,2027-02-28T22:58:37.828412,0,normal
7f196226-cf0d-45a9-8021-cb605844a236,1397,User_23,User_365,3968848,a45e55738ac8cf5579bd737c79b2a8a56aa13de9796f017d724eefe48f0a25ec,2027-04-02T10:07:24.828412,0,normal
d69ee47c-0285-4a75-999d-0de7d62d46e5,1969,User_233,User_141,3975048,dbcb5f0bff2e380b1864b44216b136b5dfcf9c2a6332540b46b4bf7e9ee55be3,2027-04-20T16:07:31.828412,1,rapid_transfer
9eab1292-a8be-4c55-8b9e-2ce3360c5ed9,2642,User_83,User_242,937799,60212b21cc78d5943a44bd66d712eeaac871d8d7f188bd33cfe98197538db7c3,2027-03-21T05:14:31.828412,0,normal
d2c04ee4-e3c1-4c30-b7b3-a66156d91474,2075,User_159,User_412,3533910,0985fc383e0769dba5f0fa74f60567f8d4dfe6058e3ce1b523c2080138a164c8,2026-09-13T13:52:19.828412,0,normal
c73e8f87-733d-42b4-8b6d-d03f4a3f220a,2764,User_111,User_378,2399954,f5ced12a3b29e76a23e7c2c672f3f1b17c1f462e7076c8bd22feb8a5aba2dfac,2027-02-09T10:23:48.828412,0,normal
c2c2734e-a982-446b-8ca5-cf128d9be99b,2976,User_298,User_162,1440614,c68d178008c93168bdc46c283d87623cb8aa80868e86941ec2540b6fbbd1a726,2026-09-04T17:02:13.828412,1,duplicate_document
0a22624a-57c6-442b-a6f6-8d40605e3b6d,1404,User_101,User_404,873080,f4e1faf56b305d3312c57d9debd6eea30f813b2983900b144195e9f3e9642737,2026-12-07T04:57:09.828412,0,normal
19c91b12-0c09-437d-97f4-d57063fcb887,1430,User_414,User_332,29412326,cc0cea90309206264a3702533000858c6e305c6ce34a6d3e344de7061b9a9199,2027-07-15T21:43:54.828412,1,abnormal_price
f6123707-46c6-4d3b-9870-ba7d49aaac57,2672,User_419,User_28,614607,7728e1a1e8459299f010850f8a0ecb6b23202ecc8d0af8bce86b44019a7b7eef,2027-02-21T15:52:50.828412,0,normal
bf8fd8db-82e2-4e8a-abf0-fa3bbce478b7,2940,User_14,User_67,1565100,45eebf7edbdbe06ca74023cacdac027521e16cdcbb08f092a673661e1f707a49,2027-01-20T02:29:24.828412,0,normal
25f3e68b-34cf-4b3b-a394-810174b3d38a,2954,User_245,User_344,1856479,4daa7fa853989ed7b8dd53cb3921e79f962f9f3c67802828734366eb07607b7e,2027-08-03T01:00:20.828412,0,normal
b5831cd8-0c2e-4809-ae56-cb2ae34241f7,1231,User_202,User_27,1316497,b29efba0d47737c4d08e1b09b669a69938d5f23747435da3943663106596ec6e,2026-11-24T13:14:38.828412,0,normal
25d0dce1-7a29-48f1-bcbd-511ec8a324a6,2060,User_377,User_354,1234875,8ceca2a67db33b63d4e27830c04877b4572fc2aa604727ce104b9b7a2b876e18,2027-05-19T19:48:30.828412,0,normal
f42d7d30-eb64-4058-a8e9-d9f5414eb057,2344,User_201,User_283,2282574,62456e74d42fb7900f33580ea32e53c66b9bf13524aca47fbfa185931ab873ca,2027-05-27T08:49:28.828412,0,normal
d75c8178-7a69-410a-af32-ebf695c74e6a,2772,User_118,User_452,4506924,f5b367a95ab2dc37a79cadc9f6851e23c363f519d01c6fe96591802f5922be47,2026-10-17T00:38:36.828412,0,normal
98f90bff-e979-4b84-b79b-d7f2156d8e3e,2453,User_5,User_7,2440406,6f6b8f65ac2c0132eaef4196cc0c8772cc2a3bc199a1174ece5bbe60b6a2f4a4,2027-04-17T02:41:54.828412,0,normal
2d0d22d9-7e07-40d8-86d6-09447c7f26ae,2661,User_358,User_60,3203678,11765f81c594efce4daca9fdd1a84ceb2b1f82333818bb330f09520598756949,2026-08-15T22:01:47.828412,0,normal
06602cb2-4201-4146-a6a5-145eb13ef485,2327,User_193,User_442,533882,093f45a4c606f59363bcce2160a8981f3e6a8924d9e841afba5c6b8e6ff86119,2026-08-15T12:18:05.828412,1,duplicate_document
1d994c0c-7011-4fae-8988-41dcf9ec1248,1772,User_6,User_451,1820678,5bc96f84f9f40e6a40a8d9fbd893bcb7988c5b8b71a29a6b73a50c3e8c4611d1,2027-05-07T23:55:27.828412,0,normal
83586803-8860-4b43-bf18-58993afc4f66,1782,User_401,User_466,4063284,d2fc4102caef993f57a60b280d31452597524a5679c44eb9a829afd338bde9b2,2027-07-27T06:51:20.828412,0,normal
72625137-881c-44b2-8859-23da39f6bd6d,2438,User_139,User_145,2368314,88fb10fd6a358fe776765e45eef9308a2132ddc9f446bde7839cd89fa1b8f339,2026-09-12T04:34:24.828412,0,normal
d01aca27-7089-4296-98f8-c7be4adbc34e,1142,User_30,User_4,912480,9c8b2dbf688910061d3ecee3fef0b91b4ca87c37e5d5c88d8d429708e4360901,2026-09-15T03:11:56.828412,0,normal
8df5eda3-4f18-41c8-a64a-44c1eb20a6b4,1043,User_45,User_118,3656392,a321d53add493603e403d9107609aa467b9b514828233b948589459bb7ed8f50,2027-05-31T17:34:55.828412,0,normal
5c15123a-a221-4cfa-b52e-4545a00eaed8,2465,User_460,User_430,1042908,da9bbee8333f55638e364c98217f5c88bce3022b614d00a3775f6e3ba037f533,2027-02-11T06:56:50.828412,0,normal
af557db4-5930-4b8b-9246-ac2339473737,1803,User_30,User_77,990689,52d7172429a93e185d457431e7fc5d2d6f82bb7a1b7bfac08ce4bd88f7603b8d,2027-03-17T01:19:54.828412,0,normal
a3349b51-ca28-4e3d-b700-c1558295f76c,1021,User_496,User_462,1019542,5bac86985b595c766cc8251abf767452c520badcf3dbd212485825337953fe5d,2027-07-07T15:32:19.828412,0,normal
7e631033-ff4c-4b0d-ad12-107191c76ca0,1908,User_30,User_300,5545483,bb4a1504676bb979cc14d7e682162abe80130948160868e245843630e37f2217,2027-04-16T03:58:07.828412,0,normal
88b6b853-4256-4449-a27c-e4e1d75e3ab7,1883,User_88,User_387,2684492,11ffb958b6bae696b357b32a51e046d34671d8aaa3d35e685abb0018284cc93e,2027-04-10T19:31:37.828412,0,normal
92e311ba-c2ae-4ea2-9ffa-313d1f1403a2,2692,User_117,User_164,2561064,00363f56d77903ca77598756a1dc71b5b65416b4e414f88dbaac8efd711091bb,2026-11-26T05:28:19.828412,0,normal
5ecfb2ed-2e0b-4ee1-aeea-2e8f02df1580,2382,User_356,User_136,6839518,9c46a588ff68f6d77029ba18dff2b55b043abfbcf8eca2235ff17d9b52b11d03,2026-10-20T05:42:45.828412,0,normal
05263b2d-bc98-4b54-932c-598d32ff786c,2273,User_107,User_2,2006352,b3370f1266bf41d7085343b6f79cf167ce606ea9c4fddd80ad7063d4d0a1b6ee,2026-10-18T23:29:37.828412,0,normal
6d7afc9e-793a-4362-b012-a967c542f036,2740,User_385,User_46,3055070,ecc68b80416db0172aed88af1885239f9ae8fa63c1206ce9bf6633ba0012b6d2,2026-09-19T02:27:58.828412,1,rapid_transfer
f652f2fe-4d10-4bf5-b9d0-9596039c2d2d,1296,User_23,User_137,4927259,953214135e0b4e35ac3bb0cabe0066fd02a784391729b7202eec7a0c7d8d3f7a,2027-08-11T11:50:26.828412,0,normal
58d40d00-083d-4a28-86be-c2cc57003067,2050,User_486,User_118,762211,c9f1ca3efbab0b0ecbabccdc679d0f2e4e09f4897ca95a2f4474e985a5c87b43,2027-03-21T13:04:05.828412,0,normal
2aca6213-4e2f-42c1-9bd0-b9f0a86445c0,2257,User_280,User_36,2247654,4255765a6bc25beaa7d5682dad37e8f104716295f1b0af3fa05c3d559d77d1c6,2027-01-28T12:17:02.828412,0,normal
db009d52-432c-43be-ac27-b211e386a6e7,2156,User_422,User_499,3694540,a6a73cab442c5fb2fc678051721a32e8a0d49803cf8c20f2467a278ee18af727,2026-12-06T16:35:31.828412,0,normal
6b0a9821-145f-4cee-81a1-180383c48776,1477,User_265,User_167,868841,32de18e51ddf3690a2d193c5d88b85dfabb5b10577d92753c2e85c785aec6fd3,2027-05-07T00:21:48.828412,0,normal
3fe9354b-0c45-469a-bccf-05590d68b58e,1192,User_230,User_376,1248615,2e78f1fc7e614c6ede8dd15a36b24d4cbe7ade4f5d59155a32f3f4371e6e68b7,2027-02-16T06:52:40.828412,0,normal
aa9c81ce-f7b3-4890-adde-fe0cd4be1b53,2341,User_375,User_451,5285061,8794080b5cb6f40930baf9d1dc9345229ca840546c1a34f01fae34b2de5cd4dc,2027-05-21T13:32:16.828412,0,normal
7d4de52e-6d02-425b-9420-fef658c9f346,2032,User_305,User_56,2884983,d12c833fa51683aab85dcfd17193b60f8f72f35793a2fba1c7238ce153114eab,2027-06-19T19:08:06.828412,0,normal
1adc7204-6f8a-4326-b4a9-caa61fccdfa9,1429,User_203,User_180,2671863,05d8599abb340a98e3144577aff0dbac0ef7af6a0bf439a50486b1ab75c27c30,2026-10-02T09:22:49.828412,0,normal
fe402e85-b3ce-4e27-b07a-0d15f769401b,1235,User_289,User_273,5271167,4697f62cb1851107788c6f80e7ebf7179f22b1768f9687ae3d001ffda1d6de09,2027-02-06T19:53:45.828412,0,normal
607fd61f-9fac-4145-bbc8-3c3e763f1793,1572,User_284,User_171,1523145,7f55ef8324d9e93e05355c55e95f2f658f9da269da4387d1986c130e8a710c7b,2027-03-09T19:44:37.828412,0,normal
5e3ca289-bfe5-4ecf-8a81-833f3ea6d9d2,2035,User_120,User_309,1895124,00c407703c8c93e9a97818614b1b6c044339490701c056285e947fb719d8861c,2027-07-28T22:53:18.828412,0,normal
f185cbaf-b3dd-47be-8846-096ef7dcf111,2900,User_347,User_75,3090734,6dbe2fccc3a6043178bbfb36d164a8fec51030ea9e499626d66e475da030229a,2027-04-13T12:59:04.828412,0,normal
7e4e1638-229b-4563-9783-4113adf9c7e8,2086,User_22,User_128,4744957,f06be2e3325570323f463753dc926fc8d1ee6f9015dc026c1cd43c567bcb9339,2026-10-11T23:45:00.828412,0,normal
0f5e848f-3f4b-43d7-acc0-edfafcbe0793,1886,User_253,User_453,2103114,62b2f0383d801740604241627e3631fef771f58ab0922dc0240c14649729aac0,2027-04-15T06:12:16.828412,0,normal
33ce3afc-4d54-4094-b265-2b48fc699d86,1409,User_301,User_339,2163204,655af3f0251a1c6cb9d7441921c2d1c232174e0386099f4a9e203a5ddad1b8c8,2026-11-07T21:49:44.828412,1,duplicate_document
cf387d45-7481-447b-87d0-8b57ba1c7eef,2593,User_467,User_410,1395222,da87c337953af27b21e6f05be49e7edf0d0216b00a3e7d9ff517ed9df0d3c450,2027-04-20T05:41:53.828412,0,normal
031ae38a-cd75-44eb-85c8-ab7ee73d7048,2920,User_359,User_48,3303426,f5e0f2a4101ea9890c24a690a42a521a22579f0e8e3d2548bce98774ab34fbf2,2027-05-13T03:01:15.828412,0,normal
9e8f22d7-7d7f-4c53-8032-c958ed7854a1,2586,User_438,User_396,1656046,a8b90e8010d835b47bb26ed897604098cd57ed1b7800ab9ccd6fc63a72917d5a,2027-01-07T15:21:58.828412,0,normal
74e6b99b-0546-4de4-b370-a14b637e3893,2671,User_334,User_115,4952305,d9eddf5b3fb169f5f028fbde6ee84c40b91e94391eb4d9bbd602cd108d95e279,2026-09-16T05:17:38.828412,1,duplicate_land
37bba444-14a7-4739-b181-2e34e2da95d8,2469,User_225,User_45,2510073,c27e4ba83452afd055488b384bb626795b2ba64069e14b0c1850f166f23e6ba7,2027-04-26T19:01:28.828412,0,normal
c32319fa-e37a-4109-bf68-0accb6b4291d,1517,User_211,User_5,374138,37c621d3b2505085a7b501782c42e2c5d851fe391be3c7aa39ef1b77e5bb84ef,2027-04-17T00:24:52.828412,0,normal
1cd7e56a-b59c-4be1-b766-6271e4ef51da,1675,User_175,User_143,1494988,ebc15b3a1da38e3c6ddccaacad4a2c81407688fcd14871bc2f754c4daa1cd2f2,2027-04-03T13:25:16.828412,0,normal
cb726daa-2d93-4f58-af45-f4982506334d,1055,User_426,User_482,1254520,a636d9489321508d608259976aa5e030dd9b6c97db93bea17ee2127fd6465758,2026-12-04T21:28:20.828412,0,normal
d1eec386-13f3-4df5-afc8-dbf71fb55bb8,1743,User_127,User_165,4882493,e1273a080cb8c0fddbc6c575e7108bb10b7295b62edb7bd7bd783c62a589e854,2027-05-08T21:06:47.828412,0,normal
47cb7c0f-1913-42ec-82a8-5de33fd1da59,1985,User_439,User_400,4425039,73bbd8e614f43d68ea280040b58c4710831cd489be80e8d1e3ab2ac5879708ef,2027-01-01T20:16:52.828412,0,normal
a06ff86b-2795-4ec8-8ca3-dfa95b5634cc,1458,User_327,User_204,1942859,d018dbf12e6bbd55434d49fa085906fde71fac2ab4781d6ee550ab82b46ca28c,2026-08-31T23:31:08.828412,0,normal
69263129-ebc0-4f37-a432-425366257c05,2138,User_96,User_460,2133623,291960e394d23f98e31cdabe4359efcf9248ae5f929712b0a5d995a5e4944826,2026-11-20T21:57:36.828412,0,normal
74c9cbab-a5c5-4538-98d0-959f9ef39e52,2013,User_90,User_178,1847864,4207b25966985815d38354b467b1396438e394652a3b6ef43b7596f5698423f9,2026-10-20T03:10:03.828412,1,duplicate_document
f6d312d9-9e80-4124-a73a-2274c327daf5,2134,User_344,User_249,3773931,ebbdbe1a6f5b50a9a9a5b51494924ba247f020aad5ad997f53d8789abb73dfbf,2027-04-07T05:25:27.828412,0,normal
2d4f79c0-9a90-4450-bbb1-18e677efc0a0,1568,User_18,User_373,3798153,e693e5c619ea693e17f97daabef1ed50e7a8b38bc93723982b3de1226cd4ae7d,2026-12-23T17:57:32.828412,1,duplicate_document
771fc9a4-3f46-46e8-bdb3-c6924d3d65a2,1423,User_82,User_65,753351,e818605426687f53d105fe100b0f9509db61be6c22ac04073c227b743e4ae511,2027-02-28T15:09:11.828412,0,normal
2e08fcf4-c5a7-489f-adbf-3a346d7de620,1482,User_344,User_461,4139804,3325c49b19281d31b55691dc8a34f48a1f459ee1f2a563b33ed2786e1d1f53a0,2027-02-14T18:49:25.828412,0,normal
104ae5f9-f981-4ef5-904c-3b9cbc6cfe6c,2472,User_213,User_266,2298576,716680b5045218acfc978eef655b3879b6c56d52a964ff362f01a971877f8359,2026-11-15T03:17:52.828412,0,normal
74cc0d22-5e37-4bc8-8196-5642322fba44,2662,User_234,User_454,6342160,868387b905d82bee88325e378b358b3344c57e6a4c7067cc91a6aff49eb9df6c,2027-06-25T07:30:49.828412,0,normal
4dabe0c8-2130-4274-bff1-b2f5b0260207,1921,User_443,User_363,2955589,aa99d537451f14714cfc9c0b34bc37241a18eb4fc84ee8ca26da0959af522059,2027-06-21T21:15:07.828412,0,normal
c1fff14a-6b7b-456b-99f1-0b90239a9514,1182,User_152,User_62,3525031,94f557e2f256c4a862f807259cbe0605534ad4fc263887bb908d4b6170438b92,2026-09-06T04:19:14.828412,0,normal
8f89436c-ef21-4910-8f00-abfaa0b22662,1687,User_209,User_121,4908888,208a1a0eeb6388edf2d518673c261a415f22fa28a23c4f916671174af44c91b4,2026-11-02T09:41:28.828412,0,normal
4a80a600-bad9-490d-84b6-5767e50f6fd7,2963,User_261,User_51,2914293,5423994babb7124f09576ab3f6b4fc32d400201b31993c20980c949d303aa91e,2026-09-08T17:03:57.828412,0,normal
f5d8a182-aac3-4cb5-a7df-50d7fd22abc9,1125,User_53,User_201,1154351,c07a7f3d58360cbaac71c6f071099d8528f03deccea746b5da7c4f43f00268ad,2027-04-23T21:36:44.828412,1,duplicate_document
386423b3-2990-4086-be0f-5de8957179aa,1769,User_252,User_160,1876959,135e5b57eb38307a2ef23130d6385c95a800fc82178d34874c5d2da963605a6c,2027-04-13T10:53:18.828412,1,duplicate_document
3c89457b-a68f-4192-925b-be38d488ee56,1008,User_50,User_353,3221914,3762927656e8df4118554bb3b95e076d925b3bcfa189da21284ed86ef23dab96,2027-08-02T06:32:28.828412,1,duplicate_document
52ffe681-c72f-4aea-bcd4-864954ef3d56,1521,User_330,User_82,830251,095c9f2030e21cc2a00c1f6a4f0713763bb8af3b5e8a094295933c54d39b32b4,2026-10-10T13:17:45.828412,1,duplicate_document
57b2f0a9-74ea-4b86-a6e7-034bab442b4e,1308,User_230,User_416,701135,01c9762b2bb5efb96724d756b0d53361df93567521bdd5618e2913c3eb6aade8,2026-12-25T10:38:12.828412,1,abnormal_price
bbf726be-7bb5-4f7b-8b15-0630640e5e54,2050,User_118,User_293,680808,c9f1ca3efbab0b0ecbabccdc679d0f2e4e09f4897ca95a2f4474e985a5c87b43,2027-05-02T19:33:31.828412,0,normal
19e265d0-b61f-45bd-b490-bd95336c3d53,1897,User_191,User_436,829003,df88fd634ac174f52a4b193c9a9519cfaf589131f117d863ce75fce6c7116944,2026-11-26T22:31:10.828412,0,normal
da19f218-0ecb-45ff-add3-4529b2731a59,1202,User_28,User_99,3501491,a219d4750a939e9099813edb55d1a87cd43f83ea7809b1586a2e781165572e4d,2026-09-06T03:55:08.828412,1,duplicate_document
093ab882-8707-41e2-984e-0d40bafd3781,2390,User_292,User_201,441147,4a9eb60f70c52e230d06815ea58de4f6f86db92ee3b8af4452b9532c0cd2279f,2027-02-14T21:08:47.828412,0,normal
5107757d-9532-4280-9b36-abcd2762d64c,1612,User_415,User_398,1104831,026a2190b982a21592ada2d0882921dee3f788e9437ed4c02dffb83d6c33a6b3,2027-03-18T06:56:58.828412,0,normal
2b8a6377-301c-4656-9c49-7c2c95f695ad,2662,User_454,User_482,5662377,868387b905d82bee88325e378b358b3344c57e6a4c7067cc91a6aff49eb9df6c,2027-08-06T14:28:14.828412,0,normal
d31fdef8-f078-4e36-b749-40aabad621e1,1311,User_38,User_315,887944,af439a944a39d66c2941e7958a29e7e3cc434ff90bf76686cf5b8dbf5594205f,2027-02-17T08:30:11.828412,0,normal
0b849671-ca20-401a-8e85-36c6a4e5ede7,1392,User_404,User_168,1546979,86b2e81196b7ce9215db4115343ce76bca7ae4c729fde704150e63167e317cbd,2027-05-27T14:24:02.828412,0,normal
6ab67d05-e6a2-4d35-b58e-f49cf0aa0045,2957,User_96,User_311,3456630,456860f54581d173db33a6e8ce83344cf2eb8a2280d174404cfa735668d64896,2026-10-30T16:48:17.828412,0,normal
ed034533-184f-406c-a330-53f035ed240d,2109,User_276,User_397,1020713,53125a99340a9a6e22f14cbfb2d2524197f87668a37a778f6a7167228b0ebf73,2027-05-09T04:51:45.828412,0,normal
441db586-6f87-4f48-bc80-7935f9e992cd,2060,User_354,User_164,1236417,8ceca2a67db33b63d4e27830c04877b4572fc2aa604727ce104b9b7a2b876e18,2027-01-17T03:25:31.828412,0,normal
c1fad922-ff66-4b53-a2f9-bca5e9c61a7f,1652,User_390,User_178,4598469,22428d8951e9c0de798b3f87713290cfd2fdeb77e1c76a25fe17946145d874ff,2026-08-16T09:55:36.828412,0,normal
42fbe9da-f4e6-47d3-9678-a8b9d173cff2,1946,User_233,User_246,4258377,9da429c87665a3a1cbca1c729db2b8f70bc029eef63a86198b20e2a63bb19db2,2027-05-31T20:12:47.828412,0,normal
1b70041b-56b8-4d1a-aab2-f64dfd44490f,1652,User_119,User_72,4709827,b0ad0ace7127434a2b1637213d4a580a73c49bdc69a8626b162bd7b0db14370d,2027-02-01T11:15:16.828412,1,duplicate_land
010435f7-2129-451b-8959-37c6caeeca63,1356,User_492,User_103,5226928,f1535dec86cec154690fba02a5a6c50cb065091fff2749a9a0143ff32df005a8,2026-10-26T12:33:10.828412,0,normal
49c26a57-7062-49a2-91c2-79324fc7f581,1623,User_187,User_260,679288,72c7d511f53ebdc7016ae4631547c29ac562ce96984f9a764a28490797d7ecdd,2027-03-07T20:43:43.828412,0,normal
6f574d4c-043d-45c0-8b77-5f3bb33fff84,1535,User_439,User_375,209189,bb0bf23d3a4cec71253cf7b1546f30eb354856208e3a2eb8329fe81938b6f191,2027-02-14T00:26:01.828412,1,abnormal_price
0e653f79-686f-4870-b20b-a4e99cef2ccd,1108,User_71,User_493,4428032,be9026b047cab2e546509a2d69fe04c8fbcdfd36d75ea4a8b7e5befe2efd3af6,2027-06-10T20:35:59.828412,1,duplicate_document
894ee77f-1892-4a44-a8aa-3753906be967,1542,User_71,User_295,2584710,4e21146c85672b1a3429c730f5146728d87ea8de596111eafb23afcb16c4753f,2026-12-29T19:56:45.828412,0,normal
7d47a945-1bec-4a63-8684-049c191763b5,1175,User_233,User_184,2985107,b62e19ed219b6302e0ff6b45ce5cc2087ec39ebfcc5c39a2c7640d16b1690668,2027-05-31T11:49:14.828412,0,normal
ceb3d439-ee09-4fda-a767-0cfbf8494aa6,2631,User_49,User_192,5019855,7a76a965990daef2aecaca74b4b9af3f844fb323bcbebe354637bdb96eb84653,2026-09-22T20:19:03.828412,0,normal
d1609570-6f99-4313-8430-9b08e7b7cb04,2189,User_292,User_249,7063817,f323b1aa93590dd618b7046e4e32ef45bf61408e7bce3ba8e22147b1de3e8dd2,2027-06-27T23:19:35.828412,0,normal
629db8ea-912a-40b9-a7a0-9bea373fc598,1534,User_368,User_487,2131772,5cc3cd8535f1450e2aa4b80008258e162fc8627714ec007bdd2c2e4e02459a81,2026-08-29T10:42:49.828412,0,normal
b5305bfc-ee43-4806-967b-6b522594c6de,2750,User_394,User_256,4228297,01aaf38c2f04ed307b4b795b79b33d6f61872dae9bf9906907f98a5458b1d04f,2027-01-05T07:38:19.828412,1,duplicate_document
e8867bf0-cc55-48b4-891a-3a51e724a6d3,2162,User_386,User_345,4044488,9686c00f54dadac928c96aca122ab011b399ab20c347020534d850a0746376d3,2026-11-28T07:16:16.828412,0,normal
d97ebf05-1796-4056-a782-dc1035bb5b33,1429,User_180,User_433,2554183,05d8599abb340a98e3144577aff0dbac0ef7af6a0bf439a50486b1ab75c27c30,2027-02-19T09:05:20.828412,0,normal
2ba4da0e-eaae-47a8-aad7-ec142d0e98a6,2511,User_25,User_120,3292208,76aed7a3dab305615aa4901ba123002097f3916c135906e3eeae980f87934d23,2027-06-06T04:34:29.828412,0,normal
2e0c2ab5-d530-407b-a6fe-97e3b1a3912f,2931,User_242,User_491,3478560,928b8e212ed9bde8361163823d4db568ded515bf57e42ac961cb2421facc6556,2026-08-27T15:19:47.828412,0,normal
5d54c7cb-0301-4e12-b81c-cb13f9caf797,1373,User_263,User_302,4502019,f87d011e3a0e27d5f24e7c0e26df3bea20afcca5b33b0630d3ef156dfc6e1201,2027-03-25T20:17:38.828412,0,normal
3f52bf9d-5c99-4363-bf71-7ec1345a880c,1282,User_300,User_22,25742067,ebfbc0ed2ca5cdba3693b9a6146e478a96ad6a5adf2c0ef6e38a7bce623d21c8,2027-06-16T12:29:53.828412,1,abnormal_price
b0cc095f-2067-476a-b846-81f144aa0604,2551,User_323,User_267,168430,d6443f0b1d433f6d6ab797db98f0c38ee8f1ec3eb6212bb7d7949bb25bb2e3df,2027-01-17T01:16:38.828412,1,abnormal_price
13e6ea05-91b8-4194-9f0c-6eb52ba46ae8,1836,User_444,User_224,711276,87cb1dec4b74a288296dc14fcb4f5e459c5be5a0ca5f9f1b1f0a5b26ced9a49e,2026-10-13T17:10:19.828412,0,normal
6468d65f-eb9d-415b-847c-f4cbe035cbfd,1223,User_25,User_353,809178,e46932a1500bdd1a44fd5ded2712becf293d0bb59c76916a94c09f3407bca783,2027-07-23T09:17:37.828412,0,normal
222183be-550c-48db-b7e7-c14d335d9a0d,1242,User_473,User_454,4961716,84490b6eb8fe7cd97ba4ac6966a86f69a078f9b99b644784c8976309dbf7f60e,2026-09-22T23:36:54.828412,1,duplicate_land
bdd03743-461f-4a1e-9500-55a68f72bf64,2917,User_73,User_158,1436353,45b6361bc0dfd4fe52a732c5c4ef7194307dd16709443533681cbbdfdf97c387,2026-09-02T04:56:23.828412,0,normal
0b239bcf-94b9-48ca-9431-8c347a850dea,1314,User_171,User_222,4423361,d8ad436a9df9775769bc44eec2c8f771fd51916511673a55453967d8c29192f3,2027-01-20T16:15:42.828412,0,normal
1a4cfe45-2817-47e8-8de0-3d5c915cee62,1851,User_423,User_254,351966,9da2faec3c7f85807e595022666ab6e956e762f5f69a0a0371d976be75c649bb,2026-10-30T03:49:24.828412,0,normal
bf4307b9-e196-48a5-8d3e-3975eaa61d33,2108,User_204,User_54,4366440,ffe4e6221f91355eb60116526328bc68b07004dee6a91abe206f5af3551e9647,2026-09-30T18:57:51.828412,0,normal
09f499d9-8e03-4d55-8ad6-5a06ffa6f8ae,2276,User_346,User_251,3089438,fdb6fa8f39d4d5e5ef816acf98561448925b5dd59a9ded2482529933a5a82dfc,2026-08-14T23:42:35.828412,0,normal
61f49363-97ca-48e1-9487-d3b2bf264542,2972,User_133,User_240,3082503,b3c50e87f10b65f73c34e98a45a54163e0bbc7eebe3a1f5a19548efe730eef01,2027-05-07T19:30:17.828412,0,normal
6f93f32b-d404-4f19-8090-990fc1ced51e,1241,User_472,User_200,699287,fc04a4f21bd97315807485f39b95855894b72beb4053c45524d23b4878b016cc,2027-03-14T13:19:10.828412,0,normal
91662c40-6059-4dcf-bfa7-eeb171b998fb,1904,User_82,User_156,3352082,dacc8e71d31df30615cb3cea1e39f62b703b19fac32c86940ec9854fa358b1d9,2027-07-04T19:01:52.828412,0,normal
1efeef82-fea3-4e21-9f5b-65d5859de7d4,2635,User_255,User_12,1088151,96c15818501fd5e5d2c198324372906d9b9f32576488d284db407cd996c030a2,2026-10-19T07:38:20.828412,0,normal
41417197-3a54-4868-a1e1-93c8e0c468f1,1596,User_251,User_430,4853051,38218f799fe717c127fae8621b57ddd5853301cc106903ea6cfdb1ae0bfdb00f,2026-11-24T02:12:37.828412,0,normal
0ca785df-0cb0-49a2-bd3f-7b094fc4c5dd,2980,User_165,User_28,1898075,e28c3a1113fda9f9884849addf2f5e7e042b5f0980fdd01402fd3fc263a91e10,2027-06-09T15:38:12.828412,0,normal
c4d446b5-e3ee-4db2-a93b-3c717b1cab6f,2940,User_67,User_224,1379034,45eebf7edbdbe06ca74023cacdac027521e16cdcbb08f092a673661e1f707a49,2027-06-12T17:29:32.828412,0,normal
4aa07a15-3681-4207-bf72-9c44198442cb,2883,User_277,User_239,1871980,8dabb2b3995212cf177ff9656a4fa8891d760d06075235e29d74ccdc9e98cc48,2027-06-30T19:15:21.828412,1,duplicate_document
a053c66d-c157-402b-b38d-e56651c925bb,2845,User_159,User_303,973585,8854e9bfc6836859483245b9128d09732b02f8c5ec71bfd1d0ccc014a432bcca,2027-08-06T06:09:45.828412,0,normal
657f7408-863e-4c03-bd2b-5b7e867e0bcb,2201,User_390,User_238,1941132,88aacca5979421dc2f8db89bb1ffea0fa5d94a4e302c4eabcefb6459af6b381b,2027-03-22T22:27:50.828412,0,normal
905e6353-1b62-4f6a-8c16-729c288732b9,2206,User_53,User_76,2713728,0f4e3b444f45fbd2675609730210f4faa2325a5e9acaf2f05f7247d38560d474,2026-12-13T10:08:33.828412,0,normal
451f96c0-6eb5-4985-82ee-9e8c7cb66b1c,2225,User_257,User_200,1680307,c7b8ba0820ec870c594bb52aa1fa045c83fb78c236384eef3370e94fffbf8944,2026-11-02T06:23:03.828412,0,normal
b219098c-fda7-4ea4-8f9c-b7a5e8446d20,1754,User_382,User_118,3923619,9cde057925807d9afd1af11acf4abb8c383fa4b7d239cc1427177de47864c00f,2026-11-12T05:33:51.828412,0,normal
77a4190f-25dc-454f-a8c4-d7c46b4c33fc,2302,User_491,User_450,2133481,591657fdcf1b66ea0d7e4e007c6f166b7dbfad69e34c031fdfbf7263264b8ab6,2027-04-04T01:40:31.828412,0,normal
7ed9b619-b7af-4bfb-8f60-09ecf3f223ec,1282,User_300,User_321,4208145,ebfbc0ed2ca5cdba3693b9a6146e478a96ad6a5adf2c0ef6e38a7bce623d21c8,2026-09-09T13:39:53.828412,0,normal
71f47513-7a10-4c9f-8582-b0d9af015293,1658,User_67,User_129,1762084,200e5fe6f59e6f47f283b3c249f4deb7d9c06d7eff449d34422ff4099b341c4b,2026-12-21T10:01:08.828412,0,normal
d16a3877-b3d6-4aa5-b213-dec9daad3a3b,1390,User_231,User_45,1745498,c572f4ec206c9ab0f76b1dc5381ffa1c96f5819b851f8d6e88ed46b52617355d,2027-04-04T13:50:14.828412,0,normal
a8e48867-81de-4f3f-ad17-ba033359ac20,1852,User_172,User_1,3363079,20c39c7c0dcd609748cef36f03ba96a53f3d7abb03b5e452e90f7396dcd8565d,2026-08-31T06:43:19.828412,1,duplicate_land
f1ecd929-5513-4791-bffb-e686dde2c695,2558,User_70,User_308,2239011,988d67a99a130d3c4a0503e544ce0855c7f8af6c5d5d75ec2480c12706bca560,2027-03-01T21:58:39.828412,0,normal
29e43308-bd63-4561-843d-9c62057123a2,1102,User_118,User_326,4220239,d66aa6b7bfc1940480ced68d5f931decf1a759a0bed0f7274f9c8f9010cb5186,2027-01-15T23:47:16.828412,0,normal
9cbfbeb2-80c4-4346-9a14-58cb9f23cd47,2543,User_268,User_124,4762463,fdca332848d82ffb40873ad50593f0585f592a2a6fcf8729d65609daed38c36e,2027-01-18T13:34:45.828412,0,normal
9d16f8ed-6549-41e2-83be-717413a37e37,2138,User_460,User_351,2110455,291960e394d23f98e31cdabe4359efcf9248ae5f929712b0a5d995a5e4944826,2027-02-03T18:36:38.828412,0,normal
058e62a2-bf62-4280-a1e4-457f45c62410,2099,User_312,User_76,4016046,758fb0ccd848d0c87adf755dbe2a276316c9720d4afc85741e174531d93eb8b3,2027-03-31T13:00:01.828412,1,duplicate_land
81deac0e-4517-4a33-9131-4263ae74b9da,1439,User_270,User_494,779625,2ccb39e0e770a1edeba9fdcf49d79873c2f9e3d13128f0817cb46acd677f8588,2027-03-28T03:38:46.828412,0,normal
59522d2a-0a33-492c-829d-eb72c257f808,1364,User_93,User_21,954954,64c3cb994a33b6f5946b5eb7130b3352fb6b2e8c60812cf469cb5bc70405eee7,2026-12-07T13:07:57.828412,0,normal
b9d27864-5596-4170-b138-04e485f6036f,1417,User_67,User_288,1261448,893c3ce830f6bda916734c1d7ff73bf72a44ed09b7bd317cb70d4b4d9d98cb08,2027-07-31T12:56:29.828412,0,normal
90a00554-f580-454c-85a0-27279bf512d1,2982,User_5,User_104,3971014,5f8652801d2342e40aaaa776f7833b7324096b9cae3352c527e99d16199e352e,2027-02-06T10:48:40.828412,0,normal
af5c78ad-bb5d-44ac-a092-38dabad6b029,1239,User_493,User_94,3286172,b97b9c480c9376a4d78cd7cc8f83338b0a58f402b8f1d9a627b47a2ad2c1310e,2027-03-18T14:49:03.828412,0,normal
031816bc-6ecb-473e-84d2-11ccd2524a93,2727,User_23,User_345,2464438,7d3676a777a227774da2022e5b3f24c734023581c635a331386efbf181208685,2027-02-24T23:33:06.828412,0,normal
ab5c1501-58d4-4b04-85c3-0319012801b5,1077,User_119,User_21,3471058,8da1ee2b5f4f44e2a572073fb4351aece5a1a3d46495f94b49cb8f8e46c94889,2027-02-13T18:20:25.828412,0,normal
010719b3-b73e-4156-9ec4-85b4f5afd71e,2727,User_345,User_212,2202893,7d3676a777a227774da2022e5b3f24c734023581c635a331386efbf181208685,2027-04-03T11:29:33.828412,0,normal
e0586257-3368-416f-a892-121d30dc32a0,2998,User_108,User_429,4605822,21690f9809a5a35b2d9e51bf8fd7b32c13876640fd22a56fdece8ce7deb38e0a,2027-07-13T13:56:57.828412,0,normal
25848f06-863c-426d-80ea-ab88c44a96fb,1607,User_228,User_199,1090803,50b00a4f80baa4802cae3e159ca09d9b2b1738cb64e2c41f83f992475dbff02e,2027-08-11T23:56:57.828412,0,normal
e38634a5-46f1-4988-b5ec-cb0003add387,2314,User_407,User_137,3342600,a4b1faf7ba2fdd50ad0ecc7735b9ce92b56c90e5b034acc65e0c936573a5aac8,2027-02-08T08:35:13.828412,1,duplicate_document
0149f448-8a39-4b8b-96d6-f752359c1b94,1427,User_44,User_273,3991285,256fbd5d200d81188105890b754d8bc7e5492a803aa1a3adaa60cecd21f3fe16,2027-03-24T03:18:18.828412,0,normal
7917582b-85b1-4ca8-be58-ae41af4af81c,1683,User_20,User_398,3224151,a95254cd2944b9ddcff8ca70b51b88cc3542c38cfec42a2650efb08f617ff615,2027-07-24T05:39:52.828412,0,normal
04bac45f-3f22-41f4-9bea-76dbd6e41d58,2480,User_434,User_38,2974024,a63b881ae3bd36fdd2b5aba98b8b385a5fe887291943643266c1d9282f1aa649,2026-12-11T00:36:57.828412,0,normal
6306a1bd-da53-49e5-9033-6226528b72df,1618,User_248,User_195,3444502,d202ddb69e67e3723760a72d0530f5ca9711b365e813dc01b01bdf627a355d87,2027-06-27T22:34:20.828412,0,normal
fbd22d3b-998d-4d37-947a-727a76ec7473,2537,User_320,User_365,4013672,fed6a48168f08f6ba1dd2c926534a911ffa79ea8115f34b0ed31cd469581bfb9,2027-01-10T18:48:30.828412,0,normal
c775a0fb-eb88-4f2c-9513-067c232a12b9,2012,User_232,User_255,3491830,c8a5c585068d47df87eb84e172787dbd508782f2809dfdb44419c75ca16ed45f,2026-12-18T00:09:30.828412,1,duplicate_land
cf0a9776-8314-4812-8c5a-62c75ed954cf,1785,User_83,User_173,2438591,9fb300deb326e336f195004111b550cb1f9909de793e5bd362227060e03b4119,2027-04-05T07:21:38.828412,0,normal
692d1991-61b4-489f-9446-dc723918205f,1719,User_221,User_115,4750979,94bea97e339afcb08082df7a8c107decbd4c75cd72153b99108f1285b02681b1,2027-01-10T16:09:11.828412,0,normal
65b62622-c1fb-4b80-af89-7bc06ea75e55,2378,User_240,User_426,1287209,70045e5a058ca90c883ababd91d65c15ef5c8fef677c8fbd053878ee913199d3,2026-08-18T14:50:57.828412,0,normal
0c3976b8-b435-404b-9178-724770b9e62f,1530,User_335,User_103,2002093,5f364b457f043f830f2b838344146a77a4e86e934ae3589aa07041555b2b31e1,2027-02-19T23:17:32.828412,1,duplicate_land
8d558e95-6867-4806-abeb-38ecba6486b5,1332,User_125,User_173,2186119,6fb973954cfdf3cd39c5e6e1cc421f69dc28a9c69586077bf35778088500d194,2026-12-21T00:12:03.828412,0,normal
0e74d68a-8117-4e74-98c7-83aaabc0225a,2501,User_276,User_489,974819,df72cba771cd56c1f832ad9239945046cd630f33cb9faa48639d2663d93271bf,2026-09-12T17:24:24.828412,1,duplicate_land
0cab86c6-4402-443c-9c93-2cf67c8b9ee8,2095,User_135,User_118,467787,9eb385b104e5e47bd768ab994297ece97f05532ffdb4bddcd1ad68431a23f9c9,2026-09-22T18:29:26.828412,0,normal
579f4fed-51a4-4c67-918b-c7680cca07bf,2701,User_107,User_366,3709567,c7666ed9f7912a5ecf39938230c0a74643d27a4f2c0ce3153bdbae5a8d8dc820,2027-07-07T03:10:33.828412,0,normal
6bea3cc6-62b4-4448-8804-b3dd864a80f4,1300,User_83,User_128,3857389,d4bba4f7bb8f6ca7c0d9f6a65e1084665c8631a4a191de680c3bc06acacc6c21,2026-09-26T17:16:42.828412,0,normal
2b224bbc-434c-4e69-9fae-f8b5257dd083,2815,User_177,User_409,430644,c96eef99ff82f4673d6c5e90bf4f9e4b4cc74d1ed3ed04f7d0e6110f9cf3eb58,2027-02-06T08:48:41.828412,0,normal
c2bf81b5-94a4-40b7-a58e-aabf95bdd443,2439,User_372,User_459,2752319,72c5caebf58fa70bfaf100f0bc4223388b9d174416a1db45830c5d58c18f34f4,2027-03-17T16:46:28.828412,0,normal
bc598cf8-730e-4661-a641-143fec4cf8e5,1645,User_323,User_492,5309677,6821d9192d77726eca599bbb8d5cf032082984df8ad05dc5922cd2d66472afc0,2027-06-19T08:42:29.828412,0,normal
5c9b2bcf-21e3-43cb-a7b1-253aac246bf2,2364,User_121,User_198,1108864,a5b09e252c78051be0e0974dfd946061ae03c2b1cfcac6e45d959a7ca413029b,2027-04-21T01:47:26.828412,0,normal
174fc2fd-b10e-4200-ba7f-530bbefe564f,2207,User_223,User_80,5257833,cbd5773dcb3338177f09aafdc49ecbcd57a9ea2ac4f78ab3fe26b702fb8f8e74,2027-07-20T03:01:37.828412,0,normal
c40f3e2b-b22a-4fde-add7-8fc7fed7f172,2537,User_365,User_499,4263977,fed6a48168f08f6ba1dd2c926534a911ffa79ea8115f34b0ed31cd469581bfb9,2027-01-23T08:15:51.828412,0,normal
f1aa3188-b657-436e-874a-60c82429ba7f,2607,User_166,User_311,4816386,18e5e09e2490e1141d38b524fe24f41256dcdd7b9610e54a24a79e0adcaf780b,2027-02-14T03:44:39.828412,0,normal
d090b7ff-ec00-408a-bb01-86669db15440,2227,User_311,User_191,3971219,605f3dcd5a50b9ad9c1068bbc4ef86d8dfba9c32f6f977adc1ed8cd06c518cb0,2027-07-31T22:29:41.828412,0,normal
ef7f7d47-dfe8-47a6-b7ee-4be4a13dd28d,1232,User_113,User_416,922387,ed2a65b55c7e4308fead04cc50c852aa7808e19a93e7cb69071cc32a51f03986,2027-08-13T18:06:04.828412,1,rapid_transfer
15288c67-172d-4e9f-a40a-15581806a667,2080,User_26,User_494,2015982,fd80ea7f198d2a317149ea54bbc2550d2e4ada93f621b80dcdd5ccae23ba704c,2026-12-25T00:53:12.828412,0,normal
b2493069-34b0-41da-a16b-8fea12dd65c8,1288,User_444,User_120,3153477,12a67d23fb605bfa759d8f2a25841dde3f4f144eebb2302922386d097ac51713,2026-11-26T08:07:48.828412,0,normal
f115b074-07ca-49cc-b1b7-acdfac3db08d,2737,User_196,User_74,4047201,bf43a3e99bf877e8db5661b655bf5c19aeae627beb82fc327db69aa2952ae9da,2027-05-02T23:50:50.828412,1,duplicate_document
60fdc3ca-3da0-4351-8edf-48e705db203b,1379,User_207,User_283,982640,089d39d108101e942e335508b7382a8ae7049468d980c38ec27a4e6d4e5a807f,2027-05-20T05:16:07.828412,0,normal
d00c94b9-f2d2-4331-812a-7e35b5c2e172,2946,User_56,User_277,1065395,ea6328914497b85902199008681cbf130891fbdfa0b14f342052d6fad9ea0a1f,2027-04-24T01:02:32.828412,0,normal
fb7d8136-b644-4df2-b4dd-2ee505f6a899,1743,User_165,User_41,1705597,c23ae0d0bd3e6f31922610accd8d563a5bd0edd2d770a56806378c2fb3741969,2027-03-09T00:05:48.828412,1,duplicate_document
eb481794-64be-4d62-99d9-9c1e31cc2c32,2409,User_269,User_127,828384,c6bdd44ca1480beb25c898f12a812b4b9acf1f6540971fa45c2783e5d596c48c,2027-06-29T21:45:51.828412,0,normal
53d9c920-c72d-46fd-a9d6-230f04abb37f,1050,User_83,User_307,5241812,c406d1f36f6d37b27254f5113c9ee202c1ee896e95a893caa5398923ca641202,2026-10-30T01:55:24.828412,0,normal
c6060434-0fc8-493a-b28b-a550ec4d24a1,2386,User_468,User_190,6154895,03f6ce5e0a0f0dd9524d8b9232c07e0dd24e56f7cfc034bdaf71c58053db2ebd,2027-01-15T20:35:53.828412,0,normal
761c7864-2f63-4018-8284-af8156d335a0,2045,User_69,User_198,5286884,4e42268e0a37ea24925c44c803d12343638a2988171c90950e6cc8764c164e11,2027-07-25T13:01:28.828412,0,normal
299d0710-f192-42a2-880b-1a83c88d9569,2696,User_325,User_495,447956,7699051bae2496b4f299dbdbf17f9c807b3a20b36edbc3fdd0f1e2ffd67ffe66,2026-12-20T19:08:19.828412,0,normal
ec73a79b-85a1-45cc-b1a9-7ceb06467d0d,1978,User_107,User_134,3547004,0a9c5441d9b0e7a23f2332a1cab8a39c6f5326a5ad4f6c12ac5ce2b1ae319c86,2027-05-01T14:22:44.828412,0,normal
f851e3a5-580e-49c3-bc00-23775e888610,2534,User_202,User_149,1752052,bde3f8064734b86dc9fa52fa08d34c191192482c559df402502a93c483d0745f,2026-12-22T11:55:32.828412,0,normal
8ebbe635-1eee-419c-a3ed-ae97186648fd,1558,User_463,User_157,5071776,7221e36aef47b617048beb0a0ab1c1a41a87338538a6758a7131c731fecb270e,2027-01-05T21:01:04.828412,0,normal
7e0aa982-c691-449a-89e8-f4086b627c70,2262,User_206,User_369,993608,12ad8d0c2dcf46ad9a0fec697cd61e22c152098833b2026f8bf4e188eeffccd0,2026-09-11T01:10:58.828412,0,normal
7a30816e-70fb-415d-a39b-8878ac482a5a,1591,User_284,User_134,3694797,a696609c8e57f2000c5ba0468c3bcd531250aac4a4477c476945ff6b9680a84e,2027-03-15T18:58:57.828412,1,duplicate_land
4ff45470-45d4-494b-b94d-5af5874ab24a,1588,User_309,User_45,3078477,7d80daf07479a2e03b2c758307e324950c1807cca40a964016071dba06a67430,2026-10-26T16:12:38.828412,0,normal
c9e4d5c9-82d7-4eec-b3bc-a56021cd225a,1290,User_368,User_247,321833,42dd4646313cad3614d4d4935665f2aa44a40cead15763111eeb83895221044c,2027-06-16T16:13:13.828412,1,abnormal_price
7259cd68-20f1-471e-84f2-d9ea4126e218,2784,User_395,User_19,3573007,98231a4c518aee5541138d43a156e8f0664712674345437ca631744295d554e1,2027-03-27T21:10:23.828412,0,normal
a1107a85-67d5-4473-b183-21d4968d0135,2377,User_370,User_48,5587999,44e60672da579df4a598dc73f9467c483f19c89e45dc576df3ed122f633ebb5c,2026-08-28T09:09:05.828412,0,normal
b5dfc6cc-f1de-41ef-ae38-d4437a15caa0,2259,User_257,User_406,2425572,610fb7b117c8c709c07821acd96ef66b9387ea629f723f5e041cab954b41576c,2026-11-11T01:28:36.828412,1,duplicate_document
508fc143-33fa-4ad8-b4c8-bb0e57b037a8,2633,User_114,User_172,2169447,bd372a8c6b5e61a012c6141da674f6f945ba797038b83e30a502372f5680a2ec,2026-11-13T18:59:36.828412,0,normal
bf2f9a7c-7c89-4394-b5ae-17fc9306bddb,1382,User_381,User_374,2788605,0919e6d8c30926353ae4a150d9fda48206cb0f8e9fc0da64efa77ce3509f2db0,2027-01-20T11:36:52.828412,0,normal
4b429056-b2c2-457c-a296-af71c2e211df,2350,User_400,User_294,5942515,67622b1bf0488bd7a4e3db912bb30acd7f1607900e405c2a72e14707206eae6f,2027-07-11T03:15:28.828412,0,normal
83497b6a-843b-4df2-9147-f46689a9268e,2020,User_331,User_130,4341416,812199d30f123366044431a735472a02dd4154f2cf991b07d1da7aa991ed956e,2027-06-11T08:23:21.828412,0,normal
7ca62e85-2098-4d13-b1e5-090ecd1a29ec,2394,User_497,User_15,4319311,030cb1bd98d4fa1acb1f8e40982e363f76beb8574c7611ab621e259bafadc996,2027-06-30T15:00:09.828412,0,normal
ae5add5b-6d4d-43a0-92f3-f2bd61b54513,1937,User_363,User_308,2715747,0dc1375511d1b876266ecf8498850cb42a166b01b0bdea86ccf83dd8fb3204e6,2027-04-19T13:20:25.828412,0,normal
15f078e4-1761-445d-b4a6-01ff94f9d7cb,1977,User_184,User_172,3791174,5f6d6d82225bc4ac9a1dbd1d5a5497aa23309afe3f027d0ef2c00ab12ec326f6,2027-03-26T08:36:46.828412,1,duplicate_document
6aabd5dc-0cee-419d-9214-5a4248e2bfa1,2119,User_302,User_249,562652,26ab12ab1e6b116423314b8fe182cc3e47dab3208582352cb7dd4272e63e983d,2027-06-25T06:22:34.828412,0,normal
5131689f-f50e-4a82-b404-7a8216b09947,2435,User_356,User_438,3948929,f9cffb36900156ed5dd775055ec8c6e9852e5377ab77eee7c8e8d128cae097fd,2026-11-30T06:35:21.828412,0,normal
000ebdb9-3acb-44e5-a10d-100f34fbd1a3,1127,User_441,User_271,2667995,a63e64b952df3eed76b03e50ef9fd4e2083ad1c58cb82c11955ac4dcc3a8d8eb,2026-11-17T05:11:03.828412,0,normal
564e6790-ac54-4f8c-acd7-748f62b9e11a,2004,User_17,User_154,480654,f0376777eea36adef3a209b96f0aff2f13d616e1008b935129bc41466d5ac3b9,2026-09-06T12:22:09.828412,0,normal
f6c4740f-50c5-46aa-b707-061c1d483cbb,1652,User_178,User_123,4343080,22428d8951e9c0de798b3f87713290cfd2fdeb77e1c76a25fe17946145d874ff,2026-09-12T09:28:31.828412,0,normal
74d58ce7-d5bc-4121-9de6-8f1403f7777f,1982,User_490,User_473,885785,2fa50e512a5ece85a94eb8407752578a2516cca165997442a175e40938acaca1,2026-08-28T08:22:53.828412,0,normal
c6a48a7a-7a79-4af6-9a94-bb13deaf6ac6,1010,User_150,User_130,459880,03acb0a157350fb7f824dd668d644e6802be27e6aca9b9eeb71460057943ee54,2026-10-28T03:17:52.828412,0,normal
61f62d73-68de-4efb-92eb-947e961e76da,2631,User_192,User_85,4800064,7a76a965990daef2aecaca74b4b9af3f844fb323bcbebe354637bdb96eb84653,2027-01-31T07:21:30.828412,0,normal
256fc295-d234-4766-aa0d-a20767959158,2250,User_303,User_243,3535781,2b6b65efe914a66370a4f90e22b6509094c9ae6984a46b2412db10cd08cfcfd0,2026-12-05T09:55:14.828412,1,duplicate_land
39fbcdea-c610-4519-96ae-13533cbddf77,2366,User_367,User_10,5069044,e3ce601d0a566704b52b6aaa159bffc0f0b025a7c6ff3ca78338be02fa79b052,2026-12-01T02:58:42.828412,0,normal
3deb3555-e8c4-4501-a968-e252542a6a48,2227,User_191,User_333,3271166,605f3dcd5a50b9ad9c1068bbc4ef86d8dfba9c32f6f977adc1ed8cd06c518cb0,2027-06-25T20:17:16.828412,0,normal
3d698198-3e06-4d57-921f-73bae877669d,2787,User_121,User_17,4000803,f7b46defe28949a0417be60c5d6991e3001b948c05b26ca4515a2a857789cdd0,2026-10-03T23:22:19.828412,0,normal
a705e3ae-82aa-4ba7-87f2-01a94288dec3,1065,User_397,User_421,3252385,cd79c6e1840aae74acc3e2e604d2647a35737088777300058be4db9a56929d90,2027-03-12T10:32:50.828412,0,normal
387b1844-eda2-47e6-aa99-718a4c2802c6,2935,User_216,User_319,259526,e59611f5955a181ef237354a0ecd0e53e34e904e5b6f9a794465c601f8bc803b,2027-06-14T12:42:47.828412,0,normal
6eba840f-b37a-4785-b783-11d4124b82f9,2988,User_456,User_339,2924963,643225e22ca31df6afaf6f6c7590445d6ab9ae2b87f55582f6ff51a04a9942df,2026-11-24T07:37:53.828412,0,normal
8e2323b0-fb6a-4932-81b7-6ed833472265,2161,User_259,User_175,2759398,2ae72db9c86a93d3a1ad94f14d925f37c38befe5c04081c0b6ec942ab7973c18,2026-08-16T14:21:36.828412,0,normal
310ce04c-0101-42bc-9547-07d544b40e67,1967,User_105,User_440,3860149,9782ece7db24b24db5546d19738c2ca602a289be5df2adda37b8edbb2ec1d8de,2026-11-08T16:43:51.828412,0,normal
5b8b5fc7-8cc1-419b-9219-043a8726220b,2975,User_2,User_224,5315307,5d83ee182678ee691beb443ba4f0e1ed75a80dac762fd6f55e851dbf255141f9,2027-07-10T03:42:33.828412,0,normal
df25330f-b0ea-43ba-ac3f-ac8411a42cd9,1728,User_154,User_262,2282668,d5010b083b7222966c90fce5022dd5efce53c0c15b41d8273e57e0c8b60d39e3,2026-09-02T17:57:35.828412,0,normal
56b810a4-b082-4d14-9b78-9c2d14230988,1739,User_229,User_454,3256480,c58f23b06cdb64fef9265fd388294217c04daee0e56580b687cf85d699c2373d,2026-09-02T05:53:32.828412,0,normal
b99da327-2228-46e0-b527-6244c6f8592d,2320,User_469,User_307,319575,517a902ed5fe684ddb0f92a3008b03de67685ebf425a6f43a8bbc683f37e7f90,2026-11-03T11:40:18.828412,0,normal
dce81501-ebb1-47c2-b415-24d42dd47907,1481,User_109,User_98,4566823,cfd6988aa71a5954b2011fb31b2d879d67c6fbc4a022a4474935da4b9141c0c0,2027-03-22T03:09:56.828412,0,normal
63cd6a71-47df-4a09-8195-1f8a1b6b3661,1544,User_465,User_374,21854172,1f51f3702a4da4381d43d06e2ea2e3da4db17e5d4c322b33c9f6398235112d41,2027-03-22T13:20:19.828412,1,abnormal_price
dbb82009-f2c7-40ab-9d31-fe11c01588f9,1370,User_247,User_209,640814,6fd661f8bb5622f14b028092e02007fdc017322747e28395ba3cecebbaf774bd,2026-10-13T16:27:34.828412,1,abnormal_price
0abcf981-2933-4d72-9313-5e1242ab19f3,2017,User_67,User_319,5578673,33217dbd81b56ce1af787b0b057160d042b2eee0f0f4947ef42e1827a0676a99,2027-02-24T05:40:01.828412,0,normal
97746c28-63ab-4d8b-b60d-b23512ff3aec,2787,User_17,User_24,4202367,039cd94b0e365eff9048d6c57b938adbb4d649b96ba099fe071810d38ea5f8b5,2027-02-06T21:39:08.828412,1,duplicate_document
af536cce-9674-4be0-926d-58ccf577641a,1356,User_103,User_206,6206849,f1535dec86cec154690fba02a5a6c50cb065091fff2749a9a0143ff32df005a8,2027-05-14T05:36:14.828412,0,normal
570c6d24-24e2-4064-804c-47cafeb4f2d6,1538,User_391,User_105,3561543,2b605326398d8cfa939840fcbb5ee2dd2b92e374564bc9f34e6e2e25e8898894,2027-07-19T03:41:47.828412,0,normal
154d908c-187b-42b8-8841-6e39a1858e27,2853,User_303,User_100,3068884,7f4dec992d8428a14d63a8092ae1124012644e36d566a4873df652b855060410,2027-01-18T18:15:44.828412,0,normal
e46c89ae-6c0f-4f08-90f1-c18d36bec543,1075,User_209,User_353,1592141,f5ced12a3b29e76a23e7c2c672f3f1b17c1f462e7076c8bd22feb8a5aba2dfac,2027-07-23T13:47:48.828412,1,duplicate_document
5aeb1ae0-731d-4e72-9136-b78f4f32198e,1482,User_461,User_161,3396905,3325c49b19281d31b55691dc8a34f48a1f459ee1f2a563b33ed2786e1d1f53a0,2027-06-06T17:09:21.828412,0,normal
3fb1d017-a20e-445a-a54d-5e73c422ae8f,1036,User_133,User_122,2693371,e5678b2f1cdd1f1e15cd909675121b48a402d13c60a31c6f0a441af3e600c5d4,2027-08-11T03:35:26.828412,0,normal
54856599-e6df-48d2-bb57-c81d8894fedf,2670,User_58,User_330,1355945,3a577b5ab09c452bfc0ad7ddb25889791184b7c5333eb369426336c20d50fd5c,2026-12-22T06:58:02.828412,1,duplicate_land
9fe001bf-a7dd-4471-96e7-00e0e06e73ab,1773,User_112,User_32,3163203,c0cbcb9ad6b4f501d187f5f090d8d19ed36937bbc800ac38de284fad0478bf38,2026-08-25T02:58:00.828412,0,normal
8669a0b0-2ba8-42d0-9708-b83efcaeb882,2076,User_243,User_94,1269627,a1ead4b872f81834f7c0f451d711cf574294b244ebf3d7fe829b165268f75992,2027-01-29T04:22:06.828412,0,normal
c557ef7f-6d37-4e78-af57-929d536a2a44,1011,User_180,User_495,2927275,f4be8e5775a8e55ceb272b1a7ffbc04f26ccd3403e0f7cdb964eff3b55fcc0f0,2027-05-21T01:17:59.828412,0,normal
5399fb62-b2c5-4e2f-b1fc-5cacc11cb38d,2642,User_242,User_262,788071,60212b21cc78d5943a44bd66d712eeaac871d8d7f188bd33cfe98197538db7c3,2027-07-12T10:00:04.828412,0,normal
614dd87e-ccb4-4525-b680-cb244c771b36,2490,User_3,User_252,4218035,5dd5ef04500243edacc1224ff24fae4bbf20106d52267ea19c820a0851ee3b11,2027-03-01T08:05:03.828412,0,normal
a44907f5-5941-405b-83ff-3bf4c1f84234,1324,User_265,User_152,2808584,d3394b7914a98902efed881d53f89d884bb87603f62549d12c83d98fa90de563,2027-03-31T01:12:03.828412,0,normal
5c15dcf8-48a2-44bb-80bb-5a1299742686,2942,User_274,User_73,3352867,0965ee4e813c5119ea8ea701ef0c4719dc655e7c259dd8b4e8e3c9317735e77d,2027-06-22T00:32:11.828412,0,normal
4f9176ea-54fc-403e-970d-66cde7058155,2604,User_183,User_295,3241729,df48b17e9e6c28214fcefae873e91d4d7b90addcd39193b7b9ca64bfd6a396e6,2027-01-11T01:02:28.828412,0,normal
902d47e1-cdf4-4cd4-9752-c69e48ff1b9c,1393,User_94,User_161,2405756,60036eaf914f09b88726bda9827777a6eb5ee263585122d59c893346a73546dd,2027-04-18T08:58:06.828412,0,normal
7fb7107e-3bea-406d-8065-00b3236694e6,1006,User_295,User_438,689537,285dc43db3df462204fa58be648af95b1d175c2fbdc62adefc76e576d9114936,2026-11-27T12:29:04.828412,0,normal
476cb063-fd77-4358-821a-c53c0dce78f1,1178,User_80,User_219,2223886,f0c0b42e709e1a1938b5db45fa01ad49db916351eb847613d6ae1bfddc20cd2c,2026-10-17T06:28:05.828412,0,normal
7bff590c-5769-4378-8635-bdf3ff759a52,1082,User_230,User_207,42792643,2263e8dacf02710c751f519b14d39ec180c68c4a06b554ebd14c704aa24cd893,2027-03-25T08:21:21.828412,1,abnormal_price
4ae4a0b4-1121-4c6e-94c6-9ba891ac90c4,1861,User_410,User_483,4614282,0124fd78856b9dc22cfe8c2716838bd304e5a24b8d6da7a42ed28d24811679ef,2027-06-26T06:16:12.828412,0,normal
9a3db882-7813-4685-8379-9c2a225f6fb7,2395,User_227,User_43,3720107,0671ded5d552363a4f2c901103752d520d661211a4c842c95d66a41ae885dd86,2027-04-30T15:05:21.828412,0,normal
65544f93-2616-4786-8cc9-835cbaa3448e,2818,User_315,User_17,4851288,b5b4b968091796b0431a0836771c289848147299e74888655ab5a14b6df0b31d,2026-12-10T10:54:53.828412,1,duplicate_land
b9e913eb-8625-4e1d-a578-3869c1ac83de,1886,User_453,User_464,20129850,62b2f0383d801740604241627e3631fef771f58ab0922dc0240c14649729aac0,2027-05-27T23:20:22.828412,1,abnormal_price
fdeb1bd6-7e23-4dfa-8f78-3e396bdc7f0c,1422,User_169,User_446,1322242,5cc6bfb122db509b54a699e5e01ec24fba4595a456eefa1038c2ad4a9b937c2f,2027-07-26T02:10:49.828412,0,normal
90f1aa59-f336-4187-896f-8c11cc98533c,2366,User_10,User_467,703059,e3ce601d0a566704b52b6aaa159bffc0f0b025a7c6ff3ca78338be02fa79b052,2026-10-21T13:06:01.828412,1,abnormal_price
e8b2b738-51b7-4afa-927c-e4589a1fb1cf,1739,User_454,User_124,3747359,c58f23b06cdb64fef9265fd388294217c04daee0e56580b687cf85d699c2373d,2027-03-10T17:10:48.828412,0,normal
0df822c9-ee68-4fe5-a453-58b0d46035e1,2868,User_144,User_263,4159684,08a53a6206c15520432de11b3479c866da4c0603919012d6a1b632a6c19a428f,2027-06-24T09:44:34.828412,0,normal
748d3001-47bc-4c02-8089-e3e6b641baed,1187,User_173,User_439,5351450,9ae1de27ce9e6cd47a0bd6af9631a91b09082c605719cdc496df2fc5c477eee9,2026-09-06T03:05:39.828412,0,normal
392057c1-827b-4b87-b016-d35054ddc946,2591,User_325,User_121,1923359,796e8818451a7e12822a623488f3b40197a32a3f5fb92f8a309fbacfe3610fe7,2027-04-12T21:59:23.828412,1,duplicate_document
498d51a5-812e-4448-b585-152c4c3f9cef,2557,User_401,User_92,844646,57869b45a6859938cb62ff5c513d4aedf580e6f9cb6f25c60e7845e3c03ff369,2027-06-29T08:39:57.828412,1,duplicate_document
a85ad41a-06b0-49bb-b65c-ac92cb5fb8b4,1079,User_14,User_193,338295,1c7b17c5106e7c9dd6670850f7ecd2284f15dd8774f5ccf449377c0fb6faf98a,2027-01-28T10:25:53.828412,1,abnormal_price
900af63c-c106-498a-8cd7-6cf920dd2d50,2454,User_209,User_32,2598878,f16207ff882757d75620ec17129d67516ee78d23bb4a56b275e599381d27ef1c,2026-12-20T09:54:00.828412,0,normal
a575087a-3a05-4d93-b09b-71fb398668a0,2995,User_329,User_99,5235427,494d9a675faccd8363ce9fd624b964e3e6a5eb5cad7181d3b594ca13919d7337,2026-12-03T02:35:49.828412,0,normal
32bc40b3-7d6c-4ee0-b87f-03708b823d8d,1093,User_410,User_375,589517,aa62df0b851c1eefadb3b121fb2565634a432e7dcb61dd8c33f6037c534b8c63,2026-09-07T23:33:07.828412,0,normal
85391b8b-4077-41c4-b6d7-bdb2507bf00d,2237,User_327,User_283,1366384,da91fd3dd288ea703991205c3952bb209020c88536c4609c3af43f4e3849f160,2027-03-12T06:12:19.828412,0,normal
b0e9d5f9-e5ca-4073-b4df-a56833a83d40,1136,User_130,User_161,1303035,c2d72f25a5527171d98e7b491e19414030a09a1b3c2a9d93a30a496c481f402f,2026-10-22T20:54:18.828412,0,normal
ac7c4e5a-8109-4666-ada5-20f399a7693a,1389,User_393,User_330,1328724,021b18cd97642797398af0c8e4ed11963c19b42dac4ca0c3ad10284a0196f601,2027-04-17T04:16:14.828412,0,normal
14c19bcb-a9bf-409b-a561-ffdd6dfd0f30,2299,User_238,User_444,2788561,26d4f411fdce33fa0837d8298e0988a18001b84963a2ac6668655a3444d6696c,2026-12-26T15:04:40.828412,0,normal
206c9e5b-00a1-45a6-bd5c-c4183de77a9c,1176,User_482,User_366,1454914,8af13de5e163321d32671da371eb811d2ac42697fdfec6a483c7fa8f53b4d69b,2026-11-01T19:30:15.828412,0,normal
32b5de1f-0ea6-44d8-b6e5-faf03d4ed833,1467,User_94,User_441,4273110,560e283fddb3727daaaec4ca5482a150f25011062f34cc10841f6a09f57b1f92,2026-09-28T20:11:32.828412,0,normal
13531bc4-ac1c-4cb0-8125-54fef7d5c0da,1293,User_353,User_497,1750257,291960e394d23f98e31cdabe4359efcf9248ae5f929712b0a5d995a5e4944826,2027-02-06T03:04:23.828412,1,duplicate_document
f98fba81-ea84-42aa-a63c-f8d369b22039,1298,User_330,User_111,2197937,9321f2452c5de387509909638695032c48353f137f1cc170470cac2f89447879,2026-10-13T22:42:11.828412,1,duplicate_document
41cff992-6f88-4a40-91ce-f77e3fcb280c,1591,User_119,User_439,2886135,ae7383483e01e343b8b1a1d057f3dd95a95145182c150099617fceb37027d6b4,2027-06-21T06:58:28.828412,0,normal
8d86e6b4-8a90-43cf-82f1-a5b531b1b952,2654,User_389,User_281,699078,e1f0f0a5bb39b5ac8e12f27d58904d732b39f0707998e420012b3cb3bf50e4a7,2027-01-30T16:02:37.828412,0,normal
d4ab1c03-9a9f-4dec-aff5-fd3e064f553d,2879,User_455,User_389,3101952,ad1891616df1922111370e9d9947352b1e283598fec20304e815992029c472b7,2027-08-13T08:54:31.828412,0,normal
5a95f12a-177a-46d2-9dbb-6241602850a0,1915,User_282,User_88,4654343,50570388a7ec4250a961753a343465fa7fb0c8ffb1fa275dd5a4348a38107d03,2027-06-02T00:23:19.828412,1,duplicate_document
47c0f0d5-7c97-4e24-ab6d-82b91c619ae2,2617,User_167,User_351,381510,1392221da75eac56fb56a759df92e7d7851f5ab7e818e85e373996192ca11e72,2027-05-05T19:13:06.828412,0,normal
ba3ee0d6-58c1-4d97-997b-5783d22962a3,1602,User_257,User_97,362334,ac5f52dc57d0f6dc5b0b4e6ed9ffdeedc475eb12167b5edcfd207ec69bea176c,2027-02-22T10:38:03.828412,0,normal
b8f1bfe2-8b8c-4248-ac87-f2d3a5f51f71,1658,User_129,User_416,2012356,200e5fe6f59e6f47f283b3c249f4deb7d9c06d7eff449d34422ff4099b341c4b,2026-09-17T10:15:05.828412,0,normal
322777f2-10d3-433a-9873-5f85cdc1adfb,2112,User_357,User_468,3825983,3a4fac0315a20fd216cb7d485a9b1d21f34f8c6071589cc1c6fcd7c8ddef501a,2026-09-09T22:16:29.828412,0,normal
64cffb5f-7762-4a9c-8316-e6a34cb3db64,1811,User_377,User_308,4145987,e0ca0e18e89d31369a19901cd743be884bdf8e68a7ef2bbeb34bdd4e90360f2b,2026-09-29T13:15:08.828412,0,normal
a9469515-069f-45b4-82bd-7c56da300260,2424,User_311,User_256,477734,0a1835057dfe1fd422e3a8d5ec34782cc766c388f3dd67f2db5d45b526a4dedb,2027-04-02T08:37:11.828412,0,normal
f5485a32-ea01-4f01-9c71-2d32d473ef3e,1259,User_364,User_153,4194168,7a403ed063383d86dbeba9f77a1bda6ab33469b9b56ae374f27860e589a2ae25,2027-01-30T19:15:27.828412,0,normal
30dc1c78-b082-4c0f-86ac-4893af4e77e9,2710,User_116,User_212,3228660,c272ee792cbc7123f5ac7fe3e372efe738425ba76fc7f3b1e6059de3e86c75bf,2026-10-30T17:54:14.828412,0,normal
aab1d468-cf13-4d28-8627-2dbf2b61ef4d,2979,User_317,User_36,2904519,46096b85fff14fd6f306391805ad488df83ffc016f9b900cc28c47271478e545,2026-09-05T02:05:20.828412,0,normal
10cc0602-6f4d-4b36-ba59-e795bc1bd284,1668,User_213,User_130,10936569,74dca54592bc3422c08b18f1ae00c4ca1107a38215c1454219ce2e3280a96fef,2027-01-02T06:09:54.828412,1,abnormal_price
02535490-feaf-49c5-9f62-aabd7ad3d8fc,1851,User_82,User_360,4803307,9cf69d504c19e82a61232aa2d0fb1b2d0d8e40612db754b671be9746675a1bf5,2027-01-05T07:56:30.828412,1,duplicate_land
c0eab6ac-9258-45f5-be3d-c8afaa3f023d,1870,User_450,User_290,1019146,ac4f4edaa23a6419e34803cab2fc1ff541a38c9de2fa236a6f864f89ef95d680,2027-05-06T20:17:36.828412,0,normal
626f803e-6966-4c3c-9b91-eb60165e5538,2761,User_182,User_433,687395,7d79654fff9da5473be1e4f3bb8420a580457c6ed78b258d827bdaf2c722be5d,2026-12-11T04:07:27.828412,0,normal
db9e884c-7e3c-49f7-90ca-1146578f940d,2985,User_497,User_42,4368779,c2d29f53c1839b8417db0139271857177a566b92e85cdd8a6ad0c4a3ab591a23,2026-09-16T09:17:28.828412,0,normal
1fb44e4b-dfd1-4cca-8b0d-7a3878285ac2,1849,User_467,User_430,10927708,17ea9387859f89458b9f31f144432baa2f114cb835b6cb45542e24a4a3a13d98,2027-06-20T17:41:54.828412,1,abnormal_price
f4deaa31-a091-485a-bfe5-d390bc3e274d,1768,User_440,User_425,1677661,bee7a73202f0c1b67bbf817a934e555c1fc5bf67549c8a0611606937713e36fb,2027-04-19T07:05:22.828412,0,normal
a4800a74-d5ee-46af-a3e1-fa166137a7a7,2634,User_390,User_73,3835316,bc51a2339590e1e6d5df6f23d7473c58190b98df94a394296e8b61250c0798f9,2026-08-19T01:30:37.828412,0,normal
321ce208-2960-458f-a4b3-ef7350e2648f,2712,User_274,User_481,654061,bb27c27ace1dd11b11debe8b760d973d372c288bc995c5f54a186851774d2394,2027-07-26T23:08:57.828412,0,normal
5c5255bc-f8e0-474b-8c66-47f4fe129d90,2561,User_273,User_213,4291782,9967bb48a265ed0c0234ac4f1379a272561e633789e813791880134023507a23,2027-08-07T11:24:04.828412,0,normal
290345a2-22d0-4707-88bc-3b0a93d4e7a8,1264,User_284,User_318,1325170,56f15225ef1195c7ff634b59ef03274a9aefcb905e1814017ea734885983f83c,2027-04-14T01:52:40.828412,0,normal
e63e83e7-0e45-4b24-848e-f6807c158471,2096,User_454,User_436,2729669,44ccf8c98ef6aab9597292d21b1785a920ba6844b626d2cfb371c8053adb0f6c,2026-12-01T03:23:39.828412,0,normal
fee3347a-a0cd-4294-a2b6-831e0bb15cc3,2864,User_425,User_27,448076,33e25663073a31b9e25f1e74aceef362a6c45a83723cb76f6101c51a5ce656f4,2027-05-21T00:55:18.828412,0,normal
cf7bd721-a926-4924-ab8a-fa9c9450df1b,2074,User_232,User_489,3320986,2b62ab5ef27859d8ad062728f34d4d4aff1fa07d338285b14eeb29d01698e7e6,2026-10-21T19:55:18.828412,1,duplicate_land
612c2e58-75e5-4863-bba1-f2382436a27d,2979,User_36,User_171,2706749,46096b85fff14fd6f306391805ad488df83ffc016f9b900cc28c47271478e545,2027-05-24T02:40:19.828412,0,normal
f7c34d67-1612-423b-b362-b9032ea9aafb,1165,User_274,User_159,2925041,1650d33ab284b0ad1fee31e116c3bf9805d0bab4efc0d7d3b167b14367c396df,2026-11-24T04:32:27.828412,0,normal
fefc6f83-4dc0-4009-9eca-9fb74d5a0e87,2084,User_490,User_14,3214021,85642905982b5321fe079952d5833dff208eb74b8289536f19a696323ec37452,2026-10-17T10:42:22.828412,0,normal
5f538eca-2e6b-497d-8320-41dfdcf44ffb,1517,User_5,User_466,410535,37c621d3b2505085a7b501782c42e2c5d851fe391be3c7aa39ef1b77e5bb84ef,2027-07-30T02:25:28.828412,0,normal
6d54a901-43d9-492e-8c09-c2f6833da94a,2771,User_344,User_461,2914720,0a850155c60ba321ae79feb626ea5bbab0d57c1027bacf51b0c28442fb11bf86,2027-05-15T03:05:51.828412,0,normal
fc513d75-3e80-4035-a6b9-1ac9cfd8870e,2992,User_220,User_252,4592357,f2698815b5d3b141ea6ee8d5497e81e8bd14b4f00f2d4568102509a9343b819e,2026-11-16T07:49:12.828412,0,normal
b04c6006-8b02-4ceb-945d-91231a370b96,2069,User_497,User_274,3389670,52ad792b9a6baf5ba54ee81d9be8b735fd64a0d27f902d76cbb21143a6e1d779,2027-01-18T18:26:45.828412,0,normal
13f27c50-fed5-4c1d-917a-74e2d3e0bf88,2266,User_486,User_136,3104347,92bfaab830506150bacd398f310a3e4a11c380b64ff79202494b19996abb27ab,2027-02-11T04:25:16.828412,0,normal
1ec57803-e10f-4673-a7a2-126fdaae0375,2231,User_269,User_420,1061864,10fd86d26206a1f323322d1c0cde12ca924e5ba137fb4f5b7be96085d5853d3a,2027-06-18T03:00:04.828412,0,normal
444b56c7-7371-4a0c-b8f6-df3ba4dc4c41,1804,User_213,User_35,2476722,5315fb72d7dd10c16905767ef9fe2c89f436802fd42d2aefacdb8141e8b8e532,2027-02-10T22:07:18.828412,0,normal
b8f1144e-1871-4ee3-ba9d-fe38a934dd26,1457,User_326,User_18,2621490,f171a50945786871bf9892b0cde09c80be43c3459aeb89d38ff6023250dbe552,2027-02-11T04:23:45.828412,0,normal
5e03a321-8e86-4b26-b115-d41aa5899e19,1647,User_469,User_270,3496711,355bdfde0f642bebce6155da0641d24a2ae9dd2ccb5a19fe541050866bc16814,2027-06-06T04:31:15.828412,0,normal
53c8ed5e-07ff-4064-ade7-05debbe228d1,1156,User_291,User_349,4624147,00414d8c4b66ebd3f9eadc6f0568cc824a9827cbd16d9d7e740093f89c71e1fa,2026-12-13T18:52:26.828412,1,duplicate_document
8b50e817-07c6-4a1f-9f31-de4a3e2975fd,1975,User_123,User_487,3733628,79789b88a68aa18afab5147f7fe375d001dc7054121d022c5ac26e05e5426e60,2027-03-26T01:22:44.828412,0,normal
7699543d-d7fc-4d98-93ac-e1d8ebf46f09,2789,User_442,User_480,1745245,8aee7f679794e5e5bee52e4a50b744ab822f78991099b7912badd24b2664abc9,2027-05-24T00:54:37.828412,0,normal
bfa77496-6ff8-43e3-a8a3-d7455b6c8c1b,1046,User_372,User_364,727705,d852037423ab0b7ee6d404847edfc6a7bcfb9dc0a71268e172e8bd9e5a6beb70,2027-04-25T04:25:26.828412,0,normal
f13859b2-6cb4-4789-9b66-1508b5738989,1781,User_347,User_39,14812302,1c6095b31c1ec07ac9f48aea20563c974ac9008431f417eeac1ce7287c33c373,2026-11-12T12:29:01.828412,1,abnormal_price
64ad20ba-b8fb-4bbb-b8d3-547cb42f3fe7,2561,User_213,User_98,4887204,9967bb48a265ed0c0234ac4f1379a272561e633789e813791880134023507a23,2027-02-20T17:33:16.828412,0,normal
457f6e8a-660f-413c-8f71-fa2d41e08de8,2785,User_88,User_21,6009566,699e5e71983f2eb53bdb8e9e91c7f0bdcb6a028816ae09430e0eb70abeb0acca,2027-06-15T16:47:44.828412,1,abnormal_price
b3e9b736-f0fc-4ce8-ba4d-42a45a3bb93e,1882,User_97,User_36,1949724,cc343a63a5f3cfe97379fe1feadd2f1e5a4d68a4546071e3f0803c1b8b7a9aa2,2027-07-08T15:55:30.828412,0,normal
b90ebe61-4fd1-4f5d-8320-1d33587c89df,1070,User_146,User_134,1479446,c88d4b5d901893f8d7c750223e33c2ece0558bffb380877b3bbe91d08d073c11,2026-11-15T00:03:38.828412,0,normal
bf06b56f-e62a-47f1-a6af-a07b94d486de,1357,User_295,User_74,4554508,4456a3049b4b02a38126ae9a437a490cbefb406b52d24f58e39273d5dc2d3268,2027-01-03T12:39:39.828412,0,normal
6fcce006-c444-49d9-8359-dfcbe8f2b11c,2995,User_99,User_463,43637724,494d9a675faccd8363ce9fd624b964e3e6a5eb5cad7181d3b594ca13919d7337,2027-08-12T13:17:39.828412,1,abnormal_price
0f7f8deb-466e-4cbd-ade0-4caf54a503eb,2064,User_175,User_35,4205008,7e4ad24db9499d45f7269f520afb68396af1b317732e0f3827a04d95c93e9e2c,2026-12-12T22:32:15.828412,1,duplicate_document
8db9cb7d-9e51-4c84-bc12-f3dbce184e1c,2923,User_23,User_274,626958,852abdc07d16260f39648f1def51f99e18154d7f37f061be71cfe832655b8d8a,2027-03-16T00:30:17.828412,0,normal
98ac305c-4cdc-4476-ad92-01a420d88784,1009,User_183,User_231,2404077,3e1aebdd12553f66ed99b1a836cc1521c63a491e49b4d76426552c219d707c07,2027-04-06T23:49:12.828412,0,normal
ba69d0ca-20dc-4f30-bd73-cfa4f3c6d2f6,1328,User_151,User_74,324922,ef56d1d58eee64be0628f90446094d5e8c1eb9ba2b98b9bbd7dc9add6684743f,2026-11-03T08:25:25.828412,1,duplicate_document
993a6e0f-993b-441f-9457-3d7a8362dd56,1458,User_204,User_332,4597318,8d2be3bcf3115079bed6f2e994499010eb14666fb271cae60344d9fe453df96c,2027-03-15T20:51:19.828412,1,duplicate_document
f43eda04-eaad-4b0b-ab96-2f2e59de3916,1073,User_341,User_344,1243204,f1fc52c8f5b0272ad5ebef5182a89f2ab1c8ee229d2f0036dae6cb876732f4b6,2027-07-04T02:35:13.828412,0,normal
e52dcb37-d752-4629-9c07-f52b57b8dbde,2961,User_17,User_38,3880895,b9b2c86f536792e1229768b3cf8f0d19f97530bbea3789507910179cb361dbfe,2026-10-14T14:53:17.828412,0,normal
d20bc641-de6d-4c10-87f5-51c11d6b75c9,2682,User_217,User_241,3270794,37c2f2ca41bde879fe8d4abdbb76767d9ae37ca1801d26acb1961e44eef7f347,2027-02-28T09:10:01.828412,0,normal
ce5d3617-262b-4c35-8e20-127947204bf0,2476,User_51,User_225,834849,0d2b904122818db22e76840625e8cfa5d514c1af1167d30d70fe68ab677c0d87,2026-10-20T08:52:41.828412,1,duplicate_land
20d6312a-8c35-48dc-8308-237e0643255f,1522,User_489,User_356,1190169,1d53f49cf5921b406a3648303226b7b98a4fbffee71739c5f8395d605a6e4c4b,2026-11-17T20:43:14.828412,0,normal
bad16935-bf42-4c3d-b2db-214a1c1762e9,2435,User_438,User_60,4249695,f9cffb36900156ed5dd775055ec8c6e9852e5377ab77eee7c8e8d128cae097fd,2027-04-28T16:20:43.828412,0,normal
4187ae09-8f2d-4bd6-b87d-1c5ffee5e675,2139,User_199,User_1,1307760,5308c0e5bc7f289b8948d3c6f72a0183c353154892c0e697269e0d4e0f3ceef9,2026-09-22T16:39:13.828412,0,normal
582984a1-f306-4832-b180-040a52f50d3e,2729,User_439,User_141,38623561,ee41ac333c4f22d2b3cea3f64822f2ba929476ecbec31cdff65229ce8309e819,2026-12-10T13:30:19.828412,1,abnormal_price
815f2d83-bd23-4f17-9f96-26ab4c6154ea,1121,User_72,User_281,369173,c158631d8b2983237b17a5c528cb4340973f7a2887879c514cfacc951bca7978,2027-05-29T22:12:36.828412,0,normal
69601a50-b381-4e71-808e-440a2b5462dc,2281,User_269,User_294,2080834,894d79b998d5d288c8d8f6f37edeee1e3bdb1da73c372111fc1adf456d37af62,2027-04-22T02:14:14.828412,0,normal
1eb9fe04-9885-47d3-8a8a-abf5ff945411,1346,User_321,User_171,2297471,f8c2e632f9c30be417d85c1bdf7f4769c07ff76270182947881e813449fc4568,2027-06-13T08:19:06.828412,0,normal
10134fd7-21bc-4a69-b33b-5d31e90a5002,1432,User_95,User_66,1644048,e4315a89503264b5f32f8d957a07c6d894c00dd0282ba6d79b53a321ade01ea8,2027-04-17T08:58:35.828412,0,normal
48a56b4c-1d19-43a8-bbb3-b45abb8f7995,2984,User_82,User_342,1268362,beb99667f973ff8dab4324020bd3aed3eae7f1b8d1a2261bd3c56fcdf27ec63e,2027-01-06T13:53:49.828412,1,duplicate_land
5bfd251f-87f4-45ee-9007-a26a01f2f8ec,1510,User_463,User_194,1691656,b6749a06cad275dffbee9b43e4584c6290ddd40ac55ae0389bde0d88513080a7,2027-03-26T22:57:41.828412,1,duplicate_land
5d85a54b-b9c8-475f-9b91-6c19af654c7e,1539,User_380,User_7,840195,5cc3cd8535f1450e2aa4b80008258e162fc8627714ec007bdd2c2e4e02459a81,2027-03-20T04:58:35.828412,1,duplicate_document
ab5c3114-0e8d-43fc-9557-79bedcce2c1e,2470,User_76,User_312,2011384,6d124e7388b8a161ce8444efdadc2718dfef5a7df9e58bcd5ff8c45bf23d7502,2026-12-10T05:05:17.828412,1,duplicate_land
3cb64c62-526d-40a0-bcbc-78ebe7b6e4c8,1361,User_179,User_46,2155196,ef57597acf6ef3099bea2616a24ce569f30590b603217bea0e4c97e8a189181b,2027-07-16T21:25:25.828412,0,normal
aa74fe3f-c744-4881-a06c-267a0dc44ea1,1642,User_250,User_201,6018878,833e47e807c52d4dcb3dc10d8e3398b0c46f6997a54750aa1cad707014d5457a,2026-09-18T05:33:22.828412,1,abnormal_price
4d49e5c9-bfca-49d5-9a6c-6b76975a46f4,1730,User_161,User_433,4529749,d353494f4b6d092d90d0e1899337e437e9d6064bc5a9d043fce221e303a96abc,2027-04-26T03:11:05.828412,0,normal
b7a420ea-773e-4505-8533-74cb7a0206e3,2905,User_239,User_280,2505677,cbcc0dd80bf32f167f58ceb91262c01383179663de15706e91d7298cf99cb2ce,2026-11-28T02:13:50.828412,0,normal
96759cd0-3026-442b-a3ac-3a224616bb2c,2657,User_319,User_209,4994604,8ca91915e1413fbfcb32cfbb2411963ddd2db5b74675297abc095f5704a3606c,2027-02-20T00:47:09.828412,1,duplicate_land
9a7bb050-c1cf-49c7-bb7a-6043f75cce1c,2749,User_312,User_432,3579117,6aa49ab6eb27547955aa00ebd70812c1d7904c64a7c4ec73e1720b23301888ca,2027-06-16T20:11:22.828412,1,duplicate_land
1eb2966f-1d87-4882-83ce-5ef57af5fede,1251,User_412,User_259,4298169,6e2067e73018e68aaac7cc2b37ba071aed488814811f2c200b67d6ae0d556229,2026-10-27T06:27:52.828412,1,duplicate_land
7f994f5e-db2b-463a-8bd6-652907217d48,1446,User_257,User_460,4111545,7a484126a8169aae73c8ad69873b3c18e834392d886e9b4de1810b391106ac9e,2027-04-19T09:01:57.828412,0,normal
23840f6b-0647-4135-848b-cf08fc7fb7c9,2893,User_440,User_361,858454,baa51fdf5db867483c232decc4e8caee9151c093c6facac547ef214d2d3d494f,2027-01-08T14:09:01.828412,0,normal
63b819a6-ba43-494f-9fa3-0a460a0eef9b,1123,User_493,User_189,3472616,57a494a2547a48d775d970785d5cdb7b5ccdecc62f1d4928a6d4a33422ed5b20,2027-05-04T14:49:31.828412,0,normal
2e88f8f1-c382-45fa-b951-ab2d09b4213d,2725,User_401,User_488,1309647,dd57c5677da8bc55bdda407410acdfa2fc89864076a9e251ccedd309238ab2f3,2027-04-04T17:07:00.828412,0,normal
3841c70d-1207-4fe0-84ab-442d18a734ec,1654,User_374,User_477,4842238,498e6200fbe3dd169988c32c6d85f97c54d140c4ab8e3a7035cacf311b9c70a5,2027-07-14T04:25:56.828412,1,duplicate_document
fd619b0c-aa1e-4cfc-b075-e371ad32c4af,2203,User_87,User_245,4589907,09da5763a286cffc99d981527448fc56e55405b115e2b2c4595a3bb164d4253e,2026-12-29T02:15:04.828412,0,normal
b0c3e992-2b63-4cce-a670-ba38aa3c81ac,2550,User_262,User_71,4070637,840b0067f68e87b6a0060691e7e44e81c2758bc158cf12167670bcb8b9ea38f1,2026-11-24T15:34:46.828412,0,normal
20d76074-619d-423a-ad1c-ff951ec60b76,2018,User_408,User_256,3259694,0a3bc0c95e561fb20f19b072f82e37b9dbe442a2a1ec2c5aa0b8388691084c9f,2027-05-10T02:10:03.828412,1,duplicate_land
1809a6a8-40f1-4ac8-9dd4-4264138b68a1,2446,User_304,User_404,579588,d6387082dea2c360ce4311de64c0d9e78c74acc3e52c3bd863e9fb88786e2f9e,2027-07-26T11:43:12.828412,0,normal
6f89efb6-b26e-41ca-90b7-fc5f8ee7e744,2100,User_157,User_413,489868,ae2f3a092218f93d739c8a5b178652eba2e1d96193efb23a8065e1c5897d5e6c,2027-03-02T16:00:36.828412,1,duplicate_document
a0b8679a-9acf-471b-a0a1-bcaf3deb9265,2733,User_138,User_116,2894708,64b5795c0eb878660f9296b442049e149f7698861ce86a305256a35365c5eb92,2026-09-11T05:34:38.828412,1,duplicate_document
300bc130-c5cd-4be1-bab2-6c2b501ddd25,1701,User_161,User_226,3562841,bf987e2cb43ae043bc8c16585d1916ea887891593b70994eeee9d0c158d05507,2026-08-23T02:48:12.828412,0,normal
bac83642-6ecb-4d2a-9deb-fc6733271454,2484,User_7,User_77,3429781,c92cfcaa66c06c20632cc0f89c4ede1242a4986890b5a57f9aa5387079a6d02c,2027-07-11T07:41:33.828412,0,normal
abab0f6c-74cf-4644-b68e-f40e92144477,1849,User_467,User_340,1564971,17ea9387859f89458b9f31f144432baa2f114cb835b6cb45542e24a4a3a13d98,2027-05-31T12:52:32.828412,1,rapid_transfer
e14745a4-809e-4be6-84f9-4916a2535f9a,1457,User_414,User_83,1675701,30cfb3c419e16dd0879048ccbef5e294d515995f15a61bbe02aa7eb67a327ff0,2026-12-07T07:39:15.828412,1,duplicate_land
9d1f712e-0740-4a2b-8b1b-3ec83e559a2c,2899,User_475,User_265,4643840,bd929effebdbce3cdc5f5ed14d441b1cbfd509ce4fc599d320e5e22726e143c8,2027-07-01T11:40:55.828412,1,duplicate_document
77d1e93e-20c1-4a70-8bd7-d1f44524202d,2674,User_388,User_85,31866355,22662ace121aac550a311c7af7bae764ab6a6e6165d3281e296271f44b5e2bb8,2027-02-15T01:10:56.828412,1,abnormal_price
93da32ff-8eb4-4ca8-ad71-ad014a67f22a,1179,User_92,User_246,755206,53717e9250704447f1cd9fd91d3222af58b0acac41bf81ba4c776498690b0960,2026-12-09T16:00:59.828412,0,normal
3e2130d1-c2ac-4765-9c2d-c5365607f33f,2760,User_81,User_483,2039910,4140e2cf0be66ee4c8f0199727e6bef509df97474e8393c012db2aedab4e3755,2027-02-11T10:15:44.828412,0,normal
795449ad-bdde-421c-92d5-f487792b6980,2660,User_345,User_22,1581954,842a1838f01fad0c3688c0b37a15cd78a8f43e83d2297485c6db03e68e34f2f5,2027-07-09T23:35:06.828412,0,normal
b9cbec2a-a5ff-43dd-83d9-02debafb544e,2564,User_412,User_392,319012,8fb58d78051003db77e60d74e883b7973e533dd2ce11d47baa225a1f0eab421f,2027-04-12T06:59:15.828412,0,normal
652e8d37-5eba-4aae-aa75-17e64d2a2ceb,2142,User_268,User_222,655390,fc2c7de3588774cf6c7b1c2fd3ec443a2a2bcf0b7c07bb9d70d3b8f5d245b4c7,2026-08-26T21:56:32.828412,0,normal
21d9bb7d-772e-45d0-a248-8f484e6f4740,2155,User_322,User_81,4799664,75baaee5dd151f1625c40c7fa9ff37a8011a709bce230067dc9609f761e5b44a,2026-10-29T00:12:18.828412,0,normal
